allele_0,Altered_GFP_95_batch13,Altered_GFP_95_batch14,Altered_GFP_95_both_batches,Altered_GFP_99_batch13,Altered_GFP_99_batch14,Altered_GFP_99_both_batches,AUROC_batch13,AUROC_batch14,AUROC_Mean
F9_Pro175Ser,0,0,false,0,0,false,0.7300050971101899,0.7388275154040795,0.7344163062571347
CCM2_Leu298Met,0,0,false,0,0,false,0.8609623143013506,0.8325825895189612,0.8467724519101559
BRAF_Asp565Glu,0,0,false,0,0,false,0.7068440226909102,0.6536136590776095,0.6802288408842598
BRCA1_Met671Lys,0,0,false,0,0,false,0.9469280859184088,0.8959331127479064,0.9214305993331576
FARS2_Asp325Tyr,0,0,false,0,0,false,0.7460618465562038,0.7144464645351264,0.7302541555456651
BRCA1_Gly666Val,0,0,false,0,0,false,0.8714205125345021,0.8489993684039382,0.8602099404692202
CCM2_Pro165Thr,0,0,false,0,0,false,0.8439093041565969,0.7219224900086136,0.7829158970826053
CCM2_Pro165Ala,0,0,false,0,0,false,0.9067509825154715,0.9127221942890235,0.9097365884022475
CCM2_Arg412Gln,0,0,false,0,0,false,0.8581989506643295,0.7782261197260034,0.8182125351951665
CCM2_Ser408Arg,0,0,false,0,0,false,0.8870091518273585,0.8463697655647854,0.866689458696072
BRCA1_Ser611Arg,0,0,false,0,0,false,0.9084188437682514,0.9215061440810749,0.9149624939246632
CTCF_His455Gln,0,0,false,0,0,false,0.8484144726341254,0.7778673713016637,0.8131409219678946
BRAF_Leu485Phe,0,0,false,0,0,false,0.6849601012265331,0.6184960341014689,0.6517280676640009
BRCA1_Thr587Arg,0,0,false,0,0,false,0.8807865638647172,0.9045064548376147,0.892646509351166
FARS2_Thr246Met,0,0,false,0,0,false,0.7528933762948292,0.7828756750691243,0.7678845256819767
CCM2_Ile372Leu,1,1,true,0,1,false,0.9857683152845063,0.9828244416869643,0.9842963784857353
SOS2_Pro1318Ser,0,1,false,0,0,false,0.870454493436902,0.9536180356480155,0.9120362645424587
SDHD_Ala90Glu,0,0,false,0,0,false,0.7602068186207378,0.7961394720416298,0.7781731453311838
RET_Val292Met,0,0,false,0,0,false,0.8696012586804667,0.8402332581550437,0.8549172584177551
ZC4H2_Ala200Thr,0,1,false,0,0,false,0.8641759199854547,0.9752223718690706,0.9196991459272627
CCM2_Gln218Arg,0,1,false,0,0,false,0.9188534916424796,0.9447257175498872,0.9317896045961834
CCM2_Thr44Ile,0,1,false,0,0,false,0.8530348121643258,0.9558246414867057,0.9044297268255157
F9_Ile443Thr,0,0,false,0,0,false,0.7446486183877772,0.7511562537806007,0.7479024360841889
CCM2_Thr74Met,0,0,false,0,0,false,0.8216890070279272,0.8376017202167,0.8296453636223136
CTCF_Tyr226Cys,0,0,false,0,0,false,0.7975981630763701,0.8024246319711629,0.8000113975237665
BRAF_Val487Gly,0,0,false,0,0,false,0.7522435543255914,0.7144309182995557,0.7333372363125736
F9_Arg384Leu,0,0,false,0,0,false,0.636436573822579,0.7002519616542973,0.6683442677384381
SDHD_His102Arg,0,0,false,0,0,false,0.7906816420510188,0.7555159861396368,0.7730988140953278
FARS2_Ile329Thr,0,0,false,0,0,false,0.7922037280296529,0.6796648942929623,0.7359343111613076
BAP1_Ser596Gly,0,0,false,0,0,false,0.5646293238417727,0.48137670979594915,0.5230030168188609
CCM2_Glu366Gln,0,0,false,0,0,false,0.9430814447647435,0.7991782191118784,0.871129831938311
RPS19_Val15Phe,0,1,false,0,0,false,0.9476236131613452,0.9456344669283709,0.946629040044858
CCM2_Val374Met,0,0,false,0,0,false,0.8693108695656445,0.8459971904077848,0.8576540299867146
F9_Ser411Ile,0,0,false,0,0,false,0.5143703665717453,0.6592936561201292,0.5868320113459373
CCM2_Arg423His,0,0,false,0,0,false,0.8281323919548359,0.7473501367986679,0.7877412643767518
CTCF_Arg567Leu,0,0,false,0,0,false,0.5519199379916447,0.5849473574915652,0.568433647741605
F9_Glu73Lys,0,0,false,0,0,false,0.6417363100862536,0.68747028425481,0.6646032971705318
SHOC2_Leu174Phe,0,0,false,0,0,false,0.8115757110971933,0.8714141234060793,0.8414949172516363
CCM2_His137Gln,0,0,false,0,0,false,0.8762585477548984,0.8113728511472,0.8438156994510493
CCM2_Arg390Gln,0,0,false,0,0,false,0.9370410362877385,0.806408456623837,0.8717247464557878
CCM2_Pro55Ala,0,0,false,0,0,false,0.9036920125791285,0.9079153273195893,0.9058036699493589
LMNA_Arg349Leu,0,0,false,0,0,false,0.9257224225340441,0.8856390686863543,0.9056807456101992
SHOC2_Gly53Arg,0,0,false,0,0,false,0.7569201111391481,0.6718651200479084,0.7143926155935283
CCM2_Asp410His,0,0,false,0,0,false,0.7768564792736483,0.6083719754042519,0.6926142273389502
BRIP1_Gln255His,0,0,false,0,0,false,0.8066482874246345,0.782100385457583,0.7943743364411087
CCM2_Ser416Ala,0,0,false,0,0,false,0.7903098266117028,0.815858946370786,0.8030843864912445
CCM2_Ser398Tyr,0,0,false,0,0,false,0.9483088584618516,0.9180090898053495,0.9331589741336006
CCM2_Gly188Glu,0,0,false,0,0,false,0.7746428804247841,0.8516884284906655,0.8131656544577248
CCM2_Arg40Cys,0,0,false,0,0,false,0.8290173279889622,0.8694855176897668,0.8492514228393645
CCM2_Gly188Arg,0,0,false,0,0,false,0.7871762367273695,0.6255413700664721,0.7063588033969208
SOS2_Val869Ile,1,1,true,1,1,true,0.9961885034785765,0.9972769546312914,0.9967327290549339
CTCF_Arg342Cys,0,0,false,0,0,false,0.7414395687576792,0.686227967227117,0.7138337679923981
BRCA1_Met548Ile,0,1,false,0,0,false,0.924181783445701,0.9512223971201553,0.9377020902829282
CCM2_Ala205Thr,0,0,false,0,0,false,0.8459421954921146,0.6612950996574746,0.7536186475747946
BRCA1_Phe591Leu,0,0,false,0,0,false,0.8452376868441218,0.8991794953942224,0.8722085911191721
RAD51D_Val56Gly,0,0,false,0,0,false,0.8642881205783758,0.7474274935923941,0.805857807085385
F9_Trp453Arg,0,1,false,0,1,false,0.945990142142907,0.977922920031806,0.9619565310873566
CCM2_Tyr221Asp,0,0,false,0,0,false,0.81619931584793,0.7943822127565254,0.8052907643022278
RAF1_Asn71Ser,0,0,false,0,0,false,0.6101961753365123,0.6426453264081347,0.6264207508723234
CCM2_Ser83Phe,0,0,false,0,0,false,0.8452297188204932,0.8383382316687071,0.8417839752446001
BRCA1_Glu631Lys,0,0,false,0,0,false,0.6786680870186188,0.9381547758252562,0.8084114314219375
SDHD_Leu107Pro,0,0,false,0,0,false,0.8474656162013808,0.8226978236124418,0.8350817199069114
CCM2_Ala295Thr,0,0,false,0,0,false,0.867346937321794,0.8461870058783812,0.8567669716000876
CCM2_Ser183Leu,0,1,false,0,0,false,0.9470103683727831,0.9763558494071024,0.9616831088899427
BRCA1_Asn132Lys,0,0,false,0,0,false,0.9515149578296669,0.9102052356299227,0.9308600967297949
BAP1_Cys91Ser,0,0,false,0,0,false,0.6547280169440957,0.6412806151140473,0.6480043160290715
RAD51D_Thr328Ile,1,1,true,0,0,false,0.9760822387039301,0.9693401858737757,0.9727112122888528
F9_Cys335Trp,0,1,false,0,1,false,0.9402112969107692,0.979047524752261,0.9596294108315151
CCM2_Arg52Cys,0,0,false,0,0,false,0.845746468391137,0.6990011799128841,0.7723738241520106
CCM2_Pro271Thr,0,0,false,0,0,false,0.8044604911994283,0.63635844970179,0.7204094704506092
CCM2_Pro240Leu,0,0,false,0,0,false,0.8869690077369929,0.8079692771526794,0.8474691424448362
CCM2_Tyr261Asp,0,0,false,0,0,false,0.9264735966528761,0.7796915285498078,0.853082562601342
RAD51D_Glu233Gly,1,1,true,0,0,false,0.9617439699350335,0.9669006250473935,0.9643222974912136
ZC4H2_Arg211Trp,0,1,false,0,0,false,0.9440339686968097,0.9747809732699688,0.9594074709833893
BRCA1_Met1Ile,1,1,true,1,1,true,0.9923100505613676,0.9834795160559991,0.9878947833086833
F9_Pro414Thr,0,0,false,0,0,false,0.5122464098145436,0.5425375344051167,0.5273919721098301
F9_Thr194Ala,0,0,false,0,0,false,0.7173445559633124,0.6882141274969147,0.7027793417301136
SDHD_Leu139Arg,0,0,false,0,0,false,0.8174137578528592,0.8469426184661639,0.8321781881595116
RAD51D_Val132Ile,0,1,false,0,0,false,0.958227488959117,0.9688289215325073,0.9635282052458122
G6PD_Gly378Ser,0,0,false,0,0,false,0.6487625345346948,0.7438736509912314,0.6963180927629631
ZC4H2_Arg198Gln,0,0,false,0,0,false,0.8895967094541701,0.9367131200987617,0.9131549147764659
SDHD_His102Leu,1,1,true,0,0,false,0.9658088804128862,0.9620227410524386,0.9639158107326624
BAP1_Arg718Gln,0,0,false,0,0,false,0.6666082700400914,0.6575517587246613,0.6620800143823764
F9_Arg379Gln,0,0,false,0,0,false,0.6446597031932366,0.8321044689911908,0.7383820860922137
CCM2_Pro77Gln,0,0,false,0,0,false,0.8556247281607878,0.6830169692975356,0.7693208487291617
RHO_Cys110Tyr,1,1,true,1,1,true,0.9993528754968187,0.9997490029378209,0.9995509392173199
BRCA1_Thr581Ile,0,0,false,0,0,false,0.93286056207861,0.9097639680467864,0.9213122650626981
CCM2_Pro77Ser,0,0,false,0,0,false,0.8604831826715592,0.8045953512376132,0.8325392669545861
BCL10_Leu8Leu,0,0,false,0,0,false,0.6633090920136241,0.7647016099856008,0.7140053509996125
CTCF_Ala697Thr,0,0,false,0,0,false,0.5867910532063902,0.5644693377632063,0.5756301954847982
RAF1_Thr491Ile,0,0,false,0,0,false,0.7556981684615444,0.608405328162545,0.6820517483120447
CCM2_Pro281Ser,0,0,false,0,0,false,0.782060488280349,0.7853953564805106,0.7837279223804299
CCM2_Glu417Gly,0,0,false,0,0,false,0.8406876443543577,0.8034750077116016,0.8220813260329797
CCM2_Tyr144Cys,0,0,false,0,0,false,0.8549907639421453,0.8368803355037464,0.8459355497229459
BRIP1_Arg848His,0,0,false,0,0,false,0.7311718734894977,0.7814650513637258,0.7563184624266117
LMNA_Ala43Thr,0,0,false,0,0,false,0.8710391824484176,0.8985854888870367,0.8848123356677271
ZC4H2_Val63Leu,0,1,false,0,0,false,0.8783777829289516,0.9633767822285377,0.9208772825787447
F9_Cys134Ser,0,0,false,0,0,false,0.8029166430497803,0.823181653805858,0.8130491484278191
BRCA1_Glu143Lys,0,0,false,0,0,false,0.9507439270755751,0.8788213977275371,0.914782662401556
CCM2_Gly8Ser,0,0,false,0,0,false,0.8474810261040182,0.8410102581268828,0.8442456421154505
RAD51D_Arg165Gln,0,1,false,0,0,false,0.9222728431096141,0.9609246328766348,0.9415987379931244
CCM2_Asn81Lys,0,0,false,0,0,false,0.8045442278394832,0.7720492792682404,0.7882967535538619
RAF1_Thr491Arg,0,0,false,0,0,false,0.848415594617929,0.7052494097190242,0.7768325021684765
BRAF_Thr241Arg,0,,false,0,,false,0.8035507867832169,,
F9_Ala397Pro,0,0,false,0,0,false,0.8364464089596053,0.9380829325557527,0.887264670757679
CCM2_His109Arg,0,0,false,0,0,false,0.8746983920908312,0.7512189488589577,0.8129586704748945
CCM2_Gly436Ser,0,0,false,0,0,false,0.8475322217993125,0.8510910094707897,0.8493116156350511
CCM2_Arg19Gln,1,1,true,0,1,false,0.9613748673291802,0.9834121135786457,0.9723934904539129
F9_Ile136Thr,0,0,false,0,0,false,0.6656868709286089,0.6903987536292615,0.6780428122789353
CCM2_Leu212Val,0,0,false,0,0,false,0.8023557956072581,0.821583515535836,0.811969655571547
RAD51D_Ile17Val,1,1,true,0,0,false,0.9677655186059482,0.9544031038289187,0.9610843112174334
BAP1_Glu31Lys,0,0,false,0,0,false,0.4923047687112512,0.5648586555852341,0.5285817121482426
BRAF_Phe468Ser,0,0,false,0,0,false,0.669575683879428,0.67664586718096,0.6731107755301939
CCM2_Ser143Phe,0,0,false,0,0,false,0.8084780042766201,0.7442243401316766,0.7763511722041483
CCM2_Ile432Phe,0,1,false,0,0,false,0.916272673423174,0.9512101132920584,0.9337413933576162
CCM2_Ser60Arg,0,0,false,0,0,false,0.9225076776055162,0.7952427588626211,0.8588752182340686
SDHD_Glu69Lys,0,0,false,0,0,false,0.8695156845974097,0.8556173956891031,0.8625665401432564
RAF1_Thr145Pro,0,0,false,0,0,false,0.8303045437251851,0.5345638780487201,0.6824342108869526
SHOC2_Thr205Ala,0,0,false,0,0,false,0.6808613914511137,0.7265913877311805,0.7037263895911471
BAP1_Pro12Thr,0,0,false,0,0,false,0.7147171308588358,0.7009330534809918,0.7078250921699138
CCM2_Val45Gly,0,0,false,0,0,false,0.8005138997060072,0.870608077345835,0.8355609885259211
RET_Pro64Leu,0,0,false,0,0,false,0.9435651694351904,0.8457080164261688,0.8946365929306797
CCM2_Val255Leu,0,0,false,0,0,false,0.8155076235287987,0.753444414783472,0.7844760191561353
F9_Cys170Tyr,0,1,false,0,0,false,0.9070192044711107,0.9766545361665918,0.9418368703188513
CCM2_Val216Ala,0,0,false,0,0,false,0.8188475995741776,0.697052135404756,0.7579498674894668
BRAF_Gln257Arg,0,0,false,0,0,false,0.8074035000113406,0.784087971461417,0.7957457357363789
BRCA1_Ser408Ile,0,0,false,0,0,false,0.9073856712001231,0.8250321224071917,0.8662088968036574
SHOC2_Asn527Ser,0,0,false,0,0,false,0.7756819177936045,0.7630117948880923,0.7693468563408484
CCM2_Ser426Leu,0,0,false,0,0,false,0.8315457736886028,0.9257772632627099,0.8786615184756563
CCM2_Arg346His,0,0,false,0,0,false,0.87946334701265,0.8789042547089853,0.8791838008608177
RET_Val262Ala,0,0,false,0,0,false,0.9195076526268073,0.8692173993816996,0.8943625260042535
F9_Cys396Ser,0,1,false,0,0,false,0.8568053473569524,0.9457166906087877,0.90126101898287
BRCA1_Glu116Lys,1,1,true,0,0,false,0.9684817915298322,0.9460941132888923,0.9572879524093623
SDHD_Asp92Gly,0,0,false,0,0,false,0.894444117072103,0.8258595362843585,0.8601518266782308
CCM2_Ser166Ile,0,0,false,0,0,false,0.8115894448838756,0.7502459310745541,0.7809176879792148
RAF1_Pro225Ser,0,0,false,0,0,false,0.8474914559883338,0.8322379078372641,0.839864681912799
FARS2_Asn280Ser,0,0,false,0,0,false,0.7536954439410324,0.750969399987519,0.7523324219642757
F9_Val227Ile,0,0,false,0,0,false,0.5698035918988065,0.6299593146532336,0.59988145327602
FH_Ser419Pro,0,0,false,0,0,false,0.9050679469217979,0.9215463175573746,0.9133071322395863
F9_Arg191Cys,0,0,false,0,0,false,0.9049360006536924,0.8788361751032804,0.8918860878784864
ZC4H2_Lys217Arg,0,0,false,0,0,false,0.9502369389311607,0.9321519693497194,0.94119445414044
CCM2_Gly5Ser,0,0,false,0,0,false,0.8207270140520254,0.927477030662084,0.8741020223570547
F9_Arg294Gln,1,1,true,0,0,false,0.962275331505049,0.9672887435080819,0.9647820375065654
CCM2_Gly188Trp,0,0,false,0,0,false,0.8992370594724064,0.9259156971558442,0.9125763783141253
BRAF_Val471Phe,0,1,false,0,0,false,0.8996643083809368,0.9721444810468575,0.9359043947138972
CCM2_Gly162Glu,0,0,false,0,0,false,0.8162482069047129,0.7383975588087749,0.7773228828567439
CCM2_Glu290Lys,0,0,false,0,0,false,0.7945091967702617,0.8277563877904344,0.811132792280348
BRCA1_Ala102Gly,1,1,true,0,0,false,0.9790875484839284,0.9556453157602098,0.9673664321220692
FARS2_His135Asp,0,0,false,0,0,false,0.664676040723288,0.6013170955941902,0.6329965681587391
CCM2_Ile331Phe,1,1,true,0,0,false,0.9740397288149305,0.9547197946670523,0.9643797617409914
BRIP1_Val76Ile,0,0,false,0,0,false,0.6783701732387314,0.710337530479982,0.6943538518593567
BRCA1_Ser186Tyr,1,1,true,0,1,false,0.9879681792570353,0.9776515180547332,0.9828098486558843
CCM2_Gly418Glu,0,0,false,0,0,false,0.8974918432011917,0.9384164554484595,0.9179541493248256
BRIP1_Thr266Lys,1,1,true,0,1,false,0.9779481071676986,0.9776304937469608,0.9777893004573297
F9_Ser220Thr,0,0,false,0,0,false,0.6948973070114324,0.6432236490031396,0.669060478007286
CTCF_Tyr407Cys,0,0,false,0,0,false,0.6881772674260671,0.6188088807723816,0.6534930740992244
FARS2_Asp142Tyr,0,0,false,0,0,false,0.6703108451762275,0.6599759572345486,0.6651434012053881
BRIP1_Ser520Thr,0,0,false,0,0,false,0.6576451968220566,0.7208467243012086,0.6892459605616326
FLCN_Arg239Cys,0,1,false,0,0,false,0.9442798550729118,0.9457511173724349,0.9450154862226734
SDHD_Tyr114Cys,0,0,false,0,0,false,0.8449747493825295,0.7751751237961699,0.8100749365893497
CCM2_Thr296Ala,0,0,false,0,0,false,0.9300871003878449,0.8637685637870333,0.8969278320874391
CCM2_Tyr118Phe,0,0,false,0,0,false,0.8695996145860172,0.6534853291683653,0.7615424718771913
CCM2_Arg423Pro,1,1,true,0,0,false,0.9791141309575099,0.9707043176674821,0.9749092243124959
CCM2_Leu310Val,0,0,false,0,0,false,0.8362563564721391,0.9075595908621703,0.8719079736671547
F9_Tyr161Cys,0,1,false,0,0,false,0.9015045582024344,0.9512757742969193,0.9263901662496768
FARS2_Ile388Ser,0,0,false,0,0,false,0.8307693779158166,0.8613571204353483,0.8460632491755824
CCM2_Glu333Val,0,0,false,0,0,false,0.8546179257378195,0.826137376468062,0.8403776511029407
CCM2_Asp440Asn,0,0,false,0,0,false,0.8450292034905144,0.8233937211673572,0.8342114623289358
F9_Arg75Gln,0,0,false,0,0,false,0.5805918120440388,0.5472480972054419,0.5639199546247403
ZC4H2_Pro201Ser,0,0,false,0,0,false,0.7067604538877507,0.8978818081707663,0.8023211310292585
CCM2_Thr241Ile,0,0,false,0,0,false,0.8680456180510235,0.8348486529247687,0.8514471354878961
BRCA1_Cys61Gly,0,0,false,0,0,false,0.9381794369642189,0.8932073113961976,0.9156933741802082
SHOC2_Gln269Arg,0,0,false,0,0,false,0.6721865775921672,0.67241443224796,0.6723005049200637
F9_Arg3His,0,0,false,0,0,false,0.5614231522157421,0.5956852555852532,0.5785542039004976
SHOC2_Glu25Gly,0,0,false,0,0,false,0.6371818379286176,0.6435865191916832,0.6403841785601504
RHO_Asp190Gly,1,1,true,1,1,true,0.9993510763772249,0.9995586420580448,0.9994548592176349
BRCA1_Thr581Ala,0,0,false,0,0,false,0.903340193991352,0.8593154762600081,0.8813278351256801
CCM2_Leu392Val,0,0,false,0,0,false,0.940522942216175,0.840868085741109,0.8906955139786421
BRCA1_Arg391Met,1,1,true,0,1,false,0.9853237433825538,0.97806231864069,0.9816930310116219
RAF1_Asn140His,0,0,false,0,0,false,0.7526688883548288,0.7561533297498351,0.754411109052332
CCM2_Arg346Cys,0,0,false,0,0,false,0.877225028841703,0.7827045460629231,0.8299647874523131
CCM2_Ser84Asn,0,1,false,0,0,false,0.8666674260941472,0.9556379595490138,0.9111526928215805
BRCA1_Val632Ala,0,0,false,0,0,false,0.8683821066344395,0.9297751709075213,0.8990786387709804
SHOC2_Thr321Ala,0,0,false,0,0,false,0.9579636104033097,0.7001475754549954,0.8290555929291525
FANCC_Leu496Arg,0,1,false,0,0,false,0.8949602032890903,0.967628626732216,0.9312944150106531
FH_Arg233Cys,0,0,false,0,0,false,0.7443955154689178,0.7959572347361038,0.7701763751025108
F9_Ser406Leu,0,0,false,0,0,false,0.8735975253877695,0.9096301699084473,0.8916138476481084
FH_Arg101Pro,0,1,false,0,0,false,0.9445807184794202,0.9547278990487912,0.9496543087641056
CCM2_Thr222Met,0,0,false,0,0,false,0.8523251527451926,0.8016529909316533,0.826989071838423
CCM2_Glu264Asp,0,0,false,0,0,false,0.8675169639790238,0.797730135639836,0.8326235498094299
CCM2_Phe91Ile,0,0,false,0,0,false,0.8954448710200689,0.9206026203075317,0.9080237456638003
CCM2_Asp411Glu,0,0,false,0,0,false,0.8233972745182637,0.7029138553528371,0.7631555649355504
F9_Arg384Pro,0,0,false,0,0,false,0.6515171411520758,0.6385454776595112,0.6450313094057936
F9_Cys407Arg,0,0,false,0,0,false,0.801351506763675,0.8733941452783907,0.8373728260210328
RAD51D_Asn138His,1,1,true,0,1,false,0.9743968861454785,0.9775521749267864,0.9759745305361325
F9_Glu27Lys,0,0,false,0,0,false,0.6538387561093866,0.6491375949093524,0.6514881755093695
CCM2_Val190Met,1,1,true,0,1,false,0.9604190180462885,0.9780333393632937,0.9692261787047911
CCM2_Arg412Trp,0,1,false,0,0,false,0.8871623927191324,0.9594587921676401,0.9233105924433862
F9_His282Tyr,0,0,false,0,0,false,0.6642850168139603,0.7114424851077479,0.6878637509608541
CCM2_Arg423Cys,0,0,false,0,0,false,0.8400892415555745,0.7160132509064241,0.7780512462309993
ZC4H2_Leu66His,1,1,true,0,1,false,0.9804984863300853,0.9833910565904622,0.9819447714602738
CCM2_Asp301Gly,1,1,true,0,1,false,0.9614809878108291,0.9834731489094243,0.9724770683601267
F9_Asp110Asn,0,0,false,0,0,false,0.7550144892876768,0.6603216126081026,0.7076680509478896
RAD51D_Glu307Lys,0,1,false,0,1,false,0.9502312770001002,0.9842264895359032,0.9672288832680017
CCM2_Ile425Thr,1,1,true,1,1,true,0.9923214323713346,0.9869917757267576,0.9896566040490461
CCM2_Thr395Ile,0,0,false,0,0,false,0.9309603092565352,0.924819797021109,0.9278900531388221
RAF1_Asp381Asn,0,0,false,0,0,false,0.603505251033311,0.6668260636089396,0.6351656573211253
CCM2_Asp411Asn,0,0,false,0,0,false,0.7708498196288837,0.6834348113400546,0.7271423154844692
CCM2_Glu51Ala,0,0,false,0,0,false,0.8179766754194023,0.921665881151009,0.8698212782852057
G6PD_Glu398Lys,0,0,false,0,0,false,0.6899031274081147,0.6259642270058572,0.6579336772069859
F9_Pro197Ser,0,0,false,0,0,false,0.7108338645049038,0.5795864457237878,0.6452101551143459
CCM2_Met439Ile,0,0,false,0,0,false,0.941952539301958,0.8889886844304904,0.9154706118662241
FARS2_Leu371Phe,0,0,false,0,0,false,0.7699201139117763,0.8017880222938175,0.7858540681027969
CCM2_Ala405Ser,0,0,false,0,0,false,0.9558139965484268,0.9380979818683115,0.9469559892083692
CCM2_Ser164Phe,0,0,false,0,0,false,0.86573037123843,0.7964820454225408,0.8311062083304854
CCM2_Ser393Gly,0,0,false,0,0,false,0.9386821478752444,0.8398670140929724,0.8892745809841084
SDHD_Phe34Cys,0,0,false,0,0,false,0.8882816334753623,0.8550420940281295,0.8716618637517459
F9_Ala233Thr,0,0,false,0,0,false,0.7125669134133822,0.8250969338123266,0.7688319236128545
CCM2_Ala179Thr,0,0,false,0,0,false,0.8687232834214235,0.8188878324866461,0.8438055579540348
CCM2_Ala205Asp,0,0,false,0,0,false,0.8223842311363824,0.8886212181879124,0.8555027246621474
BRAF_Glu501Val,0,0,false,0,0,false,0.6813451882258486,0.6491343945467217,0.6652397913862851
BAP1_Asn290Ser,0,0,false,0,0,false,0.5608719049035955,0.6505931948512813,0.6057325498774384
BRCA1_Met1Thr,1,1,true,0,0,false,0.9840460552581236,0.9654591126834374,0.9747525839707805
CCM2_Lys23Arg,0,1,false,0,0,false,0.9140465243131848,0.9529181456452749,0.9334823349792298
RET_Gly321Arg,0,0,false,0,0,false,0.8509189221520284,0.7529307083998097,0.8019248152759191
FARS2_Arg419Cys,0,0,false,0,0,false,0.6942451587201367,0.7821620174284748,0.7382035880743057
CCM2_Ser245Cys,0,0,false,0,0,false,0.8309830040814905,0.8408947363542679,0.8359388702178792
CCM2_His151Tyr,1,0,false,0,0,false,0.9621724654055575,0.883393316047357,0.9227828907264572
CCM2_Ala205Ser,0,0,false,0,0,false,0.9256787737546616,0.7552041566542494,0.8404414652044555
RET_Arg67His,0,0,false,0,0,false,0.7395946779055604,0.801327165044326,0.7704609214749432
FANCC_Leu554Pro,0,1,false,0,0,false,0.9441415721015707,0.9678296569608629,0.9559856145312168
CTCF_Arg342Gly,0,0,false,0,0,false,0.9362891247658401,0.9202075187399034,0.9282483217528718
BRCA1_Cys44Tyr,0,0,false,0,0,false,0.8216178034576009,0.9135044475399889,0.8675611254987949
CCM2_Ser248Gly,0,0,false,0,0,false,0.8261091168305187,0.8422785636572259,0.8341938402438722
BRCA1_Leu460Pro,0,1,false,0,0,false,0.8376263836210487,0.9508407908301749,0.8942335872256117
CCM2_Cys211Ser,0,0,false,0,0,false,0.8630519171957528,0.9232083191683765,0.8931301181820647
CCM2_Ser202Arg,0,0,false,0,0,false,0.8475453720516679,0.7765025778400512,0.8120239749458595
SHOC2_Ser57Phe,0,0,false,0,0,false,0.6143298928196269,0.7470538531880919,0.6806918730038594
BRAF_Lys499Asn,0,0,false,0,0,false,0.7713521227339928,0.7316570262664239,0.7515045745002084
RAD51D_Val66Leu,0,0,false,0,0,false,0.7995719693817023,0.6694074919314468,0.7344897306565745
CCM2_Thr394Ser,0,0,false,0,0,false,0.9196564678275424,0.8128650729111396,0.866260770369341
CCM2_Glu2Lys,0,0,false,0,0,false,0.9527717819038503,0.939403356464071,0.9460875691839606
BAP1_Cys91Gly,0,0,false,0,0,false,0.8351907724968624,0.7801839214064152,0.8076873469516388
BRCA1_Arg71Gly,0,0,false,0,0,false,0.8585648206893093,0.9263130774563206,0.892438949072815
F9_His282Arg,0,0,false,0,0,false,0.8647586304094397,0.751983162581138,0.8083708964952888
LMNA_Leu162Pro,0,0,false,0,0,false,0.9295726105636404,0.935861515387595,0.9327170629756176
FH_Arg160Gly,1,,,1,,,0.9975807407127623,,
BCL10_Ala5Ser,0,0,false,0,0,false,0.7844662272572069,0.7666484723157028,0.7755573497864549
CCM2_Thr44Ser,0,0,false,0,0,false,0.8954540004799242,0.9060882479325999,0.900771124206262
BRIP1_His587Arg,0,0,false,0,0,false,0.7171372516909297,0.7242945676845812,0.7207159096877555
CCM2_Ile92Thr,0,0,false,0,0,false,0.895816529163012,0.9238226797434462,0.9098196044532292
RAD51D_Cys9Ser,0,0,false,0,0,false,0.887076778154518,0.9283657869044879,0.9077212825295029
BRCA1_Glu455Lys,1,1,true,0,1,false,0.9888722334786625,0.9909752059810135,0.9899237197298381
RAD51D_Met308Val,1,1,true,1,1,true,0.9903938708502005,0.9876383851038141,0.9890161279770073
ABCD1_Arg389Gly,0,0,false,0,0,false,0.727044639701077,0.7293784355538133,0.7282115376274452
CCM2_Asp129His,0,0,false,0,0,false,0.8473225471837229,0.8092142887105981,0.8282684179471604
CCM2_Gln72Arg,0,0,false,0,0,false,0.837775074527558,0.8334475372535564,0.8356113058905572
CCM2_Glu366Lys,0,1,false,0,0,false,0.9572043258469867,0.9452609395230348,0.9512326326850107
SHOC2_Ile112Thr,0,0,false,0,0,false,0.6855686887880554,0.6730345003121042,0.6793015945500798
RAF1_Leu613Val,0,,false,0,,false,0.796199025654295,,
BAP1_Thr93Ala,0,0,false,0,0,false,0.7512034716753719,0.7323795754952047,0.7417915235852883
CCM2_Lys30Glu,0,0,false,0,0,false,0.8753685770315395,0.8168433648169652,0.8461059709242523
CCM2_Ile130Val,0,0,false,0,0,false,0.8407370460640636,0.8408457076739105,0.8407913768689871
FARS2_His84Pro,0,0,false,0,0,false,0.9130441035248813,0.8816449178809973,0.8973445107029393
RAD51D_Val66Met,0,0,false,0,0,false,0.8685760632494186,0.8414875127860665,0.8550317880177425
BRAF_Gly596Val,0,1,false,0,1,false,0.9443067789577735,0.984221210961115,0.9642639949594443
F9_Asp110Gly,0,0,false,0,0,false,0.8697860864383293,0.8306145051422102,0.8502002957902698
BRAF_Gly469Glu,0,0,false,0,0,false,0.8675298357279375,0.9343232747882235,0.9009265552580805
RAD51D_Phe305Leu,,1,,,0,false,,0.9572311202580884,
CCM2_Leu182Pro,0,0,false,0,0,false,0.8655487151646919,0.874455982667176,0.8700023489159339
FARS2_Ser57Cys,0,0,false,0,0,false,0.6005724849895941,0.6607529821067415,0.6306627335481678
CCM2_Ser330Phe,0,1,false,0,0,false,0.942450527462214,0.9661369355942551,0.9542937315282345
CCM2_Glu54Lys,0,0,false,0,0,false,0.875930999195235,0.7926396742719674,0.8342853367336012
F9_Asn166Tyr,0,1,false,0,0,false,0.9246924919224093,0.9631194127877329,0.9439059523550711
BRCA1_His239Arg,0,0,false,0,0,false,0.9240071908703403,0.9399060371844637,0.931956614027402
BRCA1_His299Tyr,0,1,false,0,0,false,0.9348006054634483,0.9500261278288228,0.9424133666461356
ZC4H2_Arg18Lys,1,1,true,0,1,false,0.963587118979357,0.9789260946638219,0.9712566068215894
F9_Ile210Thr,0,0,false,0,0,false,0.8242607574809934,0.9046824198973468,0.8644715886891701
CCM2_Ile76Met,0,0,false,0,0,false,0.8748916975354217,0.6755638098209,0.7752277536781609
FH_Ser334Arg,0,0,false,0,0,false,0.8978571531593534,0.9268423305735295,0.9123497418664415
F9_Arg191His,0,0,false,0,0,false,0.718484451067893,0.7471014643468078,0.7327929577073504
CCM2_Ala232Val,0,0,false,0,0,false,0.8661741424535152,0.821024864385758,0.8435995034196366
CCM2_Gly103Arg,0,1,false,0,0,false,0.955589982093958,0.9521115348130381,0.9538507584534981
RAF1_Ser427Gly,0,0,false,0,0,false,0.8219138734955567,0.7209446777313937,0.7714292756134752
CCM2_Arg389Trp,0,0,false,0,0,false,0.9066917614679625,0.8982436736710723,0.9024677175695174
RET_Thr338Ile,0,0,false,0,0,false,0.6594978765357586,0.8430259524063524,0.7512619144710555
FARS2_Tyr144Cys,0,0,false,0,0,false,0.6679936181015709,0.6400871597731469,0.6540403889373589
SHOC2_Glu13Ala,0,0,false,0,0,false,0.9190054001628293,0.5847508451405554,0.7518781226516924
RAF1_Gly361Ala,,1,,,0,false,,0.9758176547108324,
CCM2_Asp61Asn,0,0,false,0,0,false,0.8780335489723825,0.8695852939184937,0.8738094214454382
BRCA1_Arg71Lys,0,0,false,0,0,false,0.8545819894997295,0.937694960222789,0.8961384748612593
RAD51D_Ser46Cys,0,0,false,0,0,false,0.6251686851710547,0.704324560526074,0.6647466228485643
CCM2_Ile131Asn,0,0,false,0,0,false,0.8439340923927728,0.8490765722608468,0.8465053323268098
RET_Arg330Gln,1,1,true,0,0,false,0.9702720270096226,0.9477362189792289,0.9590041229944257
CCM2_Met424Ile,0,0,false,0,0,false,0.8397940046477453,0.8983969697199078,0.8690954871838266
CCM2_Leu195Pro,0,0,false,0,0,false,0.8886556725142797,0.8558208515792041,0.8722382620467419
CCM2_Asp110Asn,0,0,false,0,0,false,0.9015761614046305,0.8627186205518961,0.8821473909782633
RHO_Pro267Thr,1,1,true,1,1,true,0.994589753999556,0.998483276351947,0.9965365151757515
F9_Ile316Thr,,1,,,0,false,,0.9750516487562308,
ZC4H2_Arg213Trp,0,0,false,0,0,false,0.7917511009968734,0.9279671988362974,0.8598591499165854
RHO_Arg135Trp,1,1,true,1,1,true,0.9995777144441768,0.9998124136089,0.9996950640265384
CCM2_Asp126Glu,0,0,false,0,0,false,0.8267881907731649,0.8578571226555948,0.8423226567143798
F9_Cys28Arg,1,1,true,0,1,false,0.9785436051053813,0.9855761971318318,0.9820599011186065
FH_Gln376Pro,0,1,false,0,0,false,0.9509859139522358,0.9588243952495716,0.9549051546009037
FARS2_Ala166Thr,0,0,false,0,0,false,0.6270861144226683,0.6696845627362428,0.6483853385794556
CCM2_Gly214Cys,0,1,false,0,0,false,0.8707008733825291,0.9486231241470584,0.9096619987647938
F9_Pro333Leu,,1,,,1,,,0.9805115281620245,
CTCF_Pro643Ser,0,0,false,0,0,false,0.600793935814599,0.5319774876104315,0.5663857117125153
FARS2_Gly309Ser,0,0,false,0,0,false,0.9351462181651714,0.8854617174445364,0.9103039678048539
BRAF_Glu501Lys,0,0,false,0,0,false,0.7961102983764758,0.8169991370326886,0.8065547177045822
CCM2_Ile136Val,0,0,false,0,0,false,0.8226947359042652,0.7512970173000318,0.7869958766021485
FH_Leu303Ser,0,0,false,0,0,false,0.8885463987713997,0.8932375913349474,0.8908919950531735
RPS19_Gly127Glu,0,1,false,0,0,false,0.9556596922239629,0.9484581259208962,0.9520589090724295
F9_Ile7Phe,0,0,false,0,0,false,0.6804156175327694,0.6261145076922536,0.6532650626125115
CCM2_Pro102Leu,0,0,false,0,0,false,0.8059476497200698,0.8354731440039439,0.8207103968620069
LMNA_Arg335Trp,0,0,false,0,0,false,0.768175515004324,0.7801505531661583,0.7741630340852412
CCM2_Ile432Thr,1,1,true,1,1,true,0.9910946895358806,0.9881049983215121,0.9895998439286964
CCM2_Asp442Asn,0,1,false,0,0,false,0.8823018556123543,0.9442957671390731,0.9132988113757137
BAP1_Leu49Pro,0,0,false,0,0,false,0.7211160899220241,0.7233256814860385,0.7222208857040313
CCM2_His364Tyr,0,0,false,0,0,false,0.8294586756427424,0.8146081880103903,0.8220334318265663
CCM2_Glu433Lys,0,0,false,0,0,false,0.7814467501873633,0.7963476159083437,0.7888971830478535
F9_Glu73Val,0,0,false,0,0,false,0.7480363250775551,0.6756043739862669,0.7118203495319111
FH_Arg233Leu,0,0,false,0,0,false,0.7060392869124406,0.7368276161684507,0.7214334515404457
BRCA1_Lys502Glu,0,0,false,0,0,false,0.883380119926835,0.8217419276734688,0.8525610238001519
RAD51D_His23Arg,0,1,false,0,0,false,0.9570207008826094,0.9635565017088441,0.9602886012957268
RET_Thr278Asn,0,0,false,0,0,false,0.8831043347292347,0.8046262801654496,0.8438653074473421
ZC4H2_Ala157Thr,0,1,false,0,0,false,0.9207357200542785,0.9760120806025069,0.9483739003283926
FARS2_Gly3Val,0,0,false,0,0,false,0.7324038549786723,0.7172547134442959,0.7248292842114841
F9_Arg226Gln,0,0,false,0,0,false,0.7778306102934508,0.7210425902782918,0.7494366002858712
RPS19_Arg62Trp,0,,false,0,,false,0.7600550019338441,,
CCM2_Asp227Asn,0,0,false,0,0,false,0.8216537796853703,0.8557760373077863,0.8387149084965784
RET_Arg313Gln,0,0,false,0,0,false,0.7295364397706064,0.8350719839598196,0.782304211865213
F9_Phe395Ile,0,0,false,0,0,false,0.8207417031739346,0.9299567912089567,0.8753492471914457
F9_His303Tyr,0,0,false,0,0,false,0.510599459620558,0.7051624352438142,0.607880947432186
FH_Ala308Thr,1,1,true,0,1,false,0.9810411602833721,0.984147163271062,0.982594161777217
CCM2_Gln441Arg,0,0,false,0,0,false,0.7922495871124408,0.7610762159539827,0.7766629015332117
SHOC2_Ser2Gly,1,,,0,,false,0.9778620886638342,,
SHOC2_Met173Val,0,0,false,0,0,false,0.8642483312693653,0.734967436996238,0.7996078841328016
CCM2_Lys65Glu,0,0,false,0,0,false,0.8376296751216863,0.8078121891604009,0.8227209321410436
RAD51D_Val28Leu,0,1,false,0,0,false,0.9382073875115703,0.9568895776594537,0.947548482585512
CCM2_Glu108Gly,0,0,false,0,0,false,0.9109735014254596,0.9164943286620595,0.9137339150437596
CCM2_Thr106Ile,0,0,false,0,0,false,0.9387316731379246,0.8433205373236765,0.8910261052308006
BRAF_Val600Gly,0,0,false,0,0,false,0.7598807105682761,0.9197325531156546,0.8398066318419654
CCM2_Gln313Arg,0,0,false,0,0,false,0.8487065735684137,0.8916046091845096,0.8701555913764616
F9_Gly442Arg,0,0,false,0,0,false,0.6368043165107827,0.5181615715023183,0.5774829440065505
RAF1_Asp486Asn,0,0,false,0,0,false,0.9058966866448821,0.8858534683267907,0.8958750774858364
SDHD_Arg70Thr,0,0,false,0,0,false,0.837882280490174,0.8143015360046635,0.8260919082474187
G6PD_Arg365His,0,0,false,0,0,false,0.6136202157862378,0.5665028575772248,0.5900615366817313
BRCA1_Arg595Gln,0,0,false,0,0,false,0.8449567484206457,0.8774439183540166,0.8612003333873312
BRAF_Gly464Val,0,0,false,0,0,false,0.8607412739439905,0.8129907446191675,0.836866009281579
RAF1_Phe22Leu,0,0,false,0,0,false,0.6718233999906628,0.6471376378290921,0.6594805189098774
BRIP1_Leu195Pro,0,0,false,0,0,false,0.6706831149265664,0.6922164654476003,0.6814497901870833
CCM2_Ala179Ser,0,0,false,0,0,false,0.8135459575387586,0.7785692637363048,0.7960576106375317
RAD51D_Arg55Trp,0,0,false,0,0,false,0.731383595365466,0.7037045509736447,0.7175440731695554
FANCC_Asp195Val,0,0,false,0,0,false,0.92331818841267,0.940108021231868,0.931713104822269
CCM2_Glu201Asp,0,0,false,0,0,false,0.8180205911466195,0.6610915744393222,0.7395560827929708
SDHD_Gly138Val,0,0,false,0,0,false,0.8372653544475047,0.9116431333101943,0.8744542438788495
SDHD_Ile31Val,0,0,false,0,0,false,0.8648443535593294,0.8239304512340127,0.8443874023966711
F9_Val257Ile,0,0,false,0,0,false,0.6652840299340169,0.6559957532303466,0.6606398915821818
CCM2_Ser15Leu,0,,false,0,,false,0.8553392327769186,,
SHOC2_Ser403Gly,0,0,false,0,0,false,0.802151747828081,0.8203158873513924,0.8112338175897367
RAD51D_Ile251Val,0,1,false,0,1,false,0.931935185443018,0.9860059425467218,0.9589705639948699
BAP1_Arg59Pro,0,0,false,0,0,false,0.8843641487311844,0.9072409208963593,0.8958025348137719
CCM2_Pro102Ser,0,0,false,0,0,false,0.8051621323347176,0.9094482997771779,0.8573052160559478
SDHD_Ala90Val,0,0,false,0,0,false,0.7485959972249652,0.75415375541077,0.7513748763178676
CTCF_Asp46Asn,0,0,false,0,0,false,0.660723892135822,0.5915511730925458,0.6261375326141839
BRCA1_Val275Ile,0,1,false,0,0,false,0.7399972816189054,0.9609089410020877,0.8504531113104965
RAF1_Leu603Pro,1,0,false,0,0,false,0.9632003901983831,0.9377890502524259,0.9504947202254045
F9_Val374Phe,0,0,false,0,0,false,0.8295208387386563,0.9219765812162496,0.875748709977453
CCM2_Gly24Asp,1,0,false,0,0,false,0.9688629390650089,0.7844504125157999,0.8766566757904044
CCM2_Thr86Ser,0,0,false,0,0,false,0.8232441786861001,0.893344135802224,0.858294157244162
CCM2_Ser251Tyr,0,1,false,0,0,false,0.9370310503893277,0.9697032742583224,0.953367162323825
CCM2_Asp419Tyr,0,0,false,0,0,false,0.8800828918757674,0.8921044706501581,0.8860936812629627
SDHD_His102Pro,0,0,false,0,0,false,0.8796519729598896,0.8803163022913099,0.8799841376255997
BRCA1_Cys64Tyr,0,1,false,0,0,false,0.8770861220785622,0.9688679226686315,0.9229770223735969
CCM2_Thr267Ile,0,0,false,0,0,false,0.863258663460125,0.8308304751963981,0.8470445693282616
CCM2_Ala237Val,0,0,false,0,0,false,0.7670906662223262,0.754963843778679,0.7610272550005026
F9_Val195Gly,0,0,false,0,0,false,0.6414383780251568,0.6561878803626179,0.6488131291938873
CCM2_Gly407Asp,0,0,false,0,0,false,0.958820855313264,0.805571447375617,0.8821961513444405
FH_His318Tyr,0,1,false,0,0,false,0.9437543763498761,0.9583120119302941,0.9510331941400851
CCM2_Gly176Val,0,0,false,0,0,false,0.8118364586723333,0.7411966646371608,0.7765165616547471
CCM2_Ser202Asn,0,0,false,0,0,false,0.8068400881922386,0.7450364579288299,0.7759382730605342
F9_Cys335Tyr,0,1,false,0,0,false,0.9535374330992443,0.9748413272343945,0.9641893801668194
CCM2_Ile197Leu,0,0,false,0,0,false,0.825373308096252,0.6158180938901996,0.7205957009932258
CCM2_Thr86Ile,0,1,false,0,0,false,0.9316318646380162,0.9419379104833902,0.9367848875607032
CCM2_Arg40His,0,0,false,0,0,false,0.8360201231337995,0.7834598602080058,0.8097399916709027
F9_Lys39Arg,0,0,false,0,0,false,0.4610660797706094,0.59402811426185,0.5275470970162297
CCM2_Asp410Val,0,0,false,0,0,false,0.8402708993233899,0.6591730907941857,0.7497219950587879
RPS19_Arg101His,0,0,false,0,0,false,0.8764398964711966,0.8503985006356812,0.863419198553439
FH_Asn340Lys,1,,,0,,false,0.9732167620651213,,
CCM2_His137Arg,0,0,false,0,0,false,0.7790064565175582,0.6999313197553124,0.7394688881364353
BRCA1_Asp67Tyr,1,0,false,0,0,false,0.975413541128114,0.9196469894768488,0.9475302653024813
BRAF_Leu245Phe,0,0,false,0,0,false,0.7947755656887654,0.7786162820182276,0.7866959238534965
F9_Glu79Asp,0,0,false,0,0,false,0.5717637727016314,0.6132676902571083,0.5925157314793699
RAF1_Cys95Trp,0,0,false,0,0,false,0.7057777209753036,0.8141494462461819,0.7599635836107428
BRCA1_Pro510Ser,0,0,false,0,0,false,0.9045387301347584,0.9366244489548248,0.9205815895447915
ZC4H2_Ile7Val,0,1,false,0,0,false,0.8807897003645184,0.9621820633037574,0.9214858818341379
SDHD_Ser68Gly,0,0,false,0,0,false,0.8233262997117662,0.810321897022911,0.8168240983673386
BAP1_Thr423Lys,0,0,false,0,0,false,0.7218464078878021,0.6379777085824948,0.6799120582351484
CCM2_His332Arg,1,1,true,0,0,false,0.9699820023703456,0.9650711890519277,0.9675265957111366
BRCA1_Phe558Ser,0,0,false,0,0,false,0.9137788511755762,0.9248850903557055,0.9193319707656409
SDHD_His50Arg,0,0,false,0,0,false,0.8172339674526357,0.7725825389706431,0.7949082532116394
CCM2_Asp376His,1,1,true,0,0,false,0.9737489261201416,0.9659939619359608,0.9698714440280511
CCM2_Thr267Asn,0,0,false,0,0,false,0.8496367867684365,0.6366847920289336,0.743160789398685
CCM2_Gly379Ser,1,1,true,0,1,false,0.9695202634344624,0.9787326848379077,0.974126474136185
CCM2_Glu128Lys,0,0,false,0,0,false,0.8559220270217875,0.7619292981801536,0.8089256626009707
BRCA1_Cys39Arg,0,0,false,0,0,false,0.9073086621204074,0.9237966176939698,0.9155526399071886
RET_Leu56Met,0,0,false,0,0,false,0.8183809072225747,0.7069766295923227,0.7626787684074487
LMNA_Arg377Leu,1,1,true,1,1,true,0.9985181048778051,0.9985531629178768,0.998535633897841
CCM2_Ala140Thr,0,0,false,0,0,false,0.859391185834964,0.8528659080051316,0.8561285469200478
SDHD_His50Asp,0,0,false,0,0,false,0.9083678801835474,0.8614696514963278,0.8849187658399376
GSS_Arg125Cys,0,0,false,0,0,false,0.7632120678816032,0.5489669160702033,0.6560894919759033
SDHD_Val111Ile,0,0,false,0,0,false,0.7415580184685204,0.8712212938742474,0.8063896561713839
BRCA1_Pro533Leu,0,0,false,0,0,false,0.8366561191366582,0.9363661078945147,0.8865111135155864
BRCA1_His41Arg,0,1,false,0,0,false,0.6955686537564537,0.9415830691802393,0.8185758614683465
BRCA1_Thr37Lys,0,0,false,0,0,false,0.8751460309326402,0.9119290812243445,0.8935375560784924
CCM2_Ala149Thr,0,0,false,0,0,false,0.834873144490475,0.613298875335802,0.7240860099131385
F9_Gly357Arg,0,0,false,0,0,false,0.5316904259621111,0.665304093349328,0.5984972596557196
LMNA_Arg386Thr,0,1,false,0,0,false,0.9588176831317521,0.9703621554708268,0.9645899193012895
BRCA1_Cys64Ser,0,0,false,0,0,false,0.7746920340779846,0.7157838760695898,0.7452379550737872
F9_Asp410His,0,0,false,0,0,false,0.6960345407864246,0.6886061592626981,0.6923203500245614
CCM2_His247Asp,0,0,false,0,0,false,0.8164510896187144,0.8531302663174437,0.834790677968079
LMNA_Arg41His,0,1,false,0,0,false,0.9518480534400747,0.965736028721621,0.9587920410808479
CCM2_Ala293Thr,0,0,false,0,0,false,0.9280342793302466,0.9186006563782313,0.923317467854239
BRAF_Gln262Lys,0,0,false,0,0,false,0.7824119719135454,0.6121320145426549,0.6972719932281002
CCM2_Asp431Asn,0,0,false,0,0,false,0.9044548698135432,0.911056688200422,0.9077557790069826
RAD51D_Gly289Ser,0,0,false,0,0,false,0.8829042769396422,0.9349827186011955,0.9089434977704189
ABCD1_Arg518Gln,0,0,false,0,0,false,0.7749904408990131,0.8030117544768121,0.7890010976879126
BRCA1_Leu660Pro,0,0,false,0,0,false,0.8313592527357382,0.5403372846854197,0.6858482687105789
CTCF_Arg567Trp,1,1,true,1,1,true,0.9929235469435809,0.9961799374689079,0.9945517422062444
SDHD_Gly106Val,0,0,false,0,0,false,0.7996012165652717,0.7695054555275767,0.7845533360464242
CCM2_Asn94Ser,0,0,false,0,0,false,0.900524436527753,0.8911946089667011,0.895859522747227
RAD51D_Ala231Ser,1,1,true,0,0,false,0.9617142773847289,0.9606344086250178,0.9611743430048734
CCM2_His364Arg,0,0,false,0,0,false,0.8516054180412502,0.8095175439511414,0.8305614809961959
CCM2_Ala123Val,0,0,false,0,0,false,0.8684333690526072,0.7740618921532129,0.82124763060291
FH_Leu507Pro,1,,,1,,,0.9910505348182328,,
CCM2_Cys170Tyr,0,0,false,0,0,false,0.806224019485582,0.7763405738185533,0.7912822966520676
SHOC2_Ser4Arg,0,0,false,0,0,false,0.8794101522916892,0.7424990989446605,0.8109546256181748
ZC4H2_Ala162Thr,0,1,false,0,0,false,0.8245184478802221,0.9436322625012543,0.8840753551907382
CCM2_Glu66Lys,0,1,false,0,0,false,0.9393275702369617,0.9494408825488914,0.9443842263929265
CCM2_Glu223Val,0,0,false,0,0,false,0.8629999962820317,0.9171584988539413,0.8900792475679865
G6PD_Ile48Thr,0,0,false,0,0,false,0.8752138130416006,0.9169525603244141,0.8960831866830073
BRCA1_Gly602Ala,0,1,false,0,0,false,0.9160276724904372,0.9509726911567646,0.9335001818236008
CCM2_Ala98Pro,0,0,false,0,0,false,0.8364073719464606,0.7594469818269469,0.7979271768867038
FH_Pro174Arg,0,,false,0,,false,0.8607648878207168,,
