allele_0,Altered_DNA_95_batch13,Altered_DNA_95_batch14,Altered_DNA_95_both_batches,Altered_DNA_99_batch13,Altered_DNA_99_batch14,Altered_DNA_99_both_batches,AUROC_batch13,AUROC_batch14,AUROC_Mean
SDHD_His50Asp,1,0,false,0,0,false,0.8487072506045584,0.779209926083085,0.8139585883438217
RAD51D_Thr328Ile,0,1,false,0,1,false,0.7532210999431139,0.9069605377444757,0.8300908188437948
CCM2_Asp419Tyr,0,0,false,0,0,false,0.6338146226623211,0.628781639180784,0.6312981309215526
G6PD_Gly378Ser,0,0,false,0,0,false,0.43578161662655057,0.5296972373493989,0.48273942698797473
CCM2_Asp376His,1,0,false,0,0,false,0.8071482034410068,0.7176965099652627,0.7624223567031347
CCM2_Thr44Ser,0,1,false,0,0,false,0.788951340655133,0.8319576652394783,0.8104545029473056
CCM2_Gly418Glu,1,0,false,1,0,false,0.9714788290934339,0.7613639920277157,0.8664214105605748
CCM2_Ser245Cys,0,0,false,0,0,false,0.7756898854192257,0.7976009049649141,0.7866453951920699
BRAF_Leu485Phe,0,0,false,0,0,false,0.5002203695483382,0.5158406450901346,0.5080305073192364
GSS_Arg125Cys,0,0,false,0,0,false,0.5709347091728308,0.497923587625379,0.5344291483991049
SHOC2_Glu25Gly,0,0,false,0,0,false,0.5221618161934316,0.537893686577856,0.5300277513856437
KRAS_Pro34Leu,0,0,false,0,0,false,0.4367618160966694,0.768931665437071,0.6028467407668703
KRAS_Gly12Asp,0,1,false,0,1,false,0.6680831158707479,0.8816656084608533,0.7748743621658005
RAD51D_Ser46Cys,0,0,false,0,0,false,0.46190821062633736,0.5522248205029738,0.5070665155646557
F9_Val227Ile,0,0,false,0,0,false,0.5787353519428401,0.39533807194002074,0.4870367119414304
BRCA1_His41Arg,0,1,false,0,1,false,0.5623422324643932,0.9436629506516435,0.7530025915580183
CTCF_Arg567Trp,1,1,true,0,0,false,0.8016086388471325,0.8233440692193066,0.8124763540332196
RAD51D_Gly289Ser,1,1,true,1,0,false,0.9312984294139246,0.8176102292087559,0.8744543293113403
RAD51D_Ile251Val,1,0,false,1,0,false,0.9995145375857856,0.6558495714671309,0.8276820545264583
RET_Arg67His,0,0,false,0,0,false,0.7402671646561487,0.6298527495020327,0.6850599570790907
RAD51D_Val132Ile,1,0,false,0,0,false,0.8042931626791565,0.7163627315963361,0.7603279471377463
RPS19_Arg62Trp,0,,false,0,,false,0.7316818162831058,,
SHOC2_Gly53Arg,0,0,false,0,0,false,0.6647924933921603,0.7086609181359904,0.6867267057640754
RAD51D_Ala231Ser,0,0,false,0,0,false,0.6267475509581755,0.8097229801150023,0.7182352655365889
BRAF_Leu245Phe,0,0,false,0,0,false,0.7700928908783996,0.6041522488955103,0.687122569886955
CCM2_Glu2Lys,0,1,false,0,1,false,0.7729930787249254,0.8590995028322297,0.8160462907785775
SDHD_Glu69Lys,1,1,true,0,0,false,0.8274165753767304,0.8214260477803002,0.8244213115785153
KRAS_Tyr71His,0,,false,0,,false,0.4380020578276517,,
F9_Ser220Thr,0,0,false,0,0,false,0.5704305043330737,0.45642790158392194,0.5134292029584978
BAP1_Asn290Ser,0,0,false,0,0,false,0.5413690655889225,0.5645189976450039,0.5529440316169631
CCM2_Glu66Lys,0,0,false,0,0,false,0.7483778115079865,0.7762472735130528,0.7623125425105197
RAF1_Asp381Asn,0,0,false,0,0,false,0.5840585945535999,0.583439468875453,0.5837490317145264
F9_His303Tyr,0,0,false,0,0,false,0.6006404063671895,0.6687333196091314,0.6346868629881605
BRIP1_Ser520Thr,0,0,false,0,0,false,0.6874726835548395,0.6719645756295364,0.679718629592188
BRCA1_Ser611Arg,1,1,true,1,1,true,0.8786817188571454,0.8885623241222973,0.8836220214897214
BAP1_Leu49Pro,0,0,false,0,0,false,0.650617436348567,0.5484751230369127,0.5995462796927398
BRAF_Val600Gly,0,0,false,0,0,false,0.6798278949664947,0.7892563497867211,0.7345421223766079
SDHD_Arg70Thr,1,0,false,0,0,false,0.8513471859449925,0.6790280576342804,0.7651876217896365
CCM2_Ser164Phe,1,0,false,1,0,false,0.9743175540799213,0.7169097167274789,0.8456136354037
BRCA1_Glu631Lys,1,1,true,0,1,false,0.8420381646844068,0.9208073823799274,0.8814227735321671
F9_Arg384Leu,0,0,false,0,0,false,0.6470335438177048,0.6051370513679999,0.6260852975928524
CCM2_Ser398Tyr,0,0,false,0,0,false,0.7765580330618612,0.6674336830580349,0.721995858059948
CCM2_Ala237Val,1,0,false,0,0,false,0.7995213426089559,0.7840016464576258,0.7917614945332909
CCM2_Thr222Met,0,1,false,0,0,false,0.7602248079809822,0.8226736177509693,0.7914492128659758
BRCA1_Arg71Gly,1,1,true,0,1,false,0.8334025871510837,0.9411504237369669,0.8872765054440253
ZC4H2_Ala157Thr,0,0,false,0,0,false,0.7247099578112783,0.6662161288108077,0.695463043311043
BRAF_Val487Gly,0,0,false,0,0,false,0.5097968212076287,0.6432557881400967,0.5765263046738627
BRCA1_Ser186Tyr,1,1,true,1,1,true,0.9725830880120845,0.9598839620041497,0.9662335250081171
BRCA1_Cys39Arg,0,1,false,0,1,false,0.7683433999883009,0.9396255211116094,0.8539844605499551
RAD51D_Glu233Gly,0,0,false,0,0,false,0.6567671761915927,0.640421376239657,0.6485942762156249
SDHD_Leu107Pro,0,0,false,0,0,false,0.7891003861518556,0.7837364209203521,0.7864184035361039
CCM2_Pro165Thr,0,0,false,0,0,false,0.6858226932922021,0.6840844310236354,0.6849535621579188
FLCN_Arg239Cys,0,0,false,0,0,false,0.5139280817850649,0.5636223320989246,0.5387752069419948
F9_Ser406Leu,0,1,false,0,1,false,0.6677289283099984,0.9140805118910993,0.7909047201005488
SDHD_Tyr114Cys,0,0,false,0,0,false,0.7853835113654388,0.7268441129989325,0.7561138121821857
BRCA1_Arg595Gln,0,1,false,0,1,false,0.7768249666144957,0.8949313682409442,0.83587816742772
CCM2_Ile372Leu,1,0,false,0,0,false,0.8528132007112127,0.787933109638216,0.8203731551747143
BRAF_Gln257Arg,0,0,false,0,0,false,0.6177340313078263,0.6705864022074088,0.6441602167576176
BRCA1_Arg391Met,0,0,false,0,0,false,0.7418880353587359,0.7636576596399725,0.7527728474993542
CCM2_Cys211Ser,0,0,false,0,0,false,0.748779788196578,0.7634785382521063,0.7561291632243421
F9_Cys407Arg,0,0,false,0,0,false,0.7720448838971006,0.4859678745363045,0.6290063792167025
CCM2_Asp129His,1,0,false,0,0,false,0.8352255738390494,0.6787581140080796,0.7569918439235646
CCM2_Ala232Val,0,0,false,0,0,false,0.7634514166186652,0.7207662368333354,0.7421088267260003
F9_Val195Gly,0,0,false,0,0,false,0.4553260430844211,0.677864604855628,0.5665953239700245
F9_Val374Phe,0,0,false,0,0,false,0.6181444894082652,0.6132967196817248,0.615720604544995
CCM2_Ile425Thr,0,0,false,0,0,false,0.7924855667245624,0.7926841541606224,0.7925848604425925
F9_Cys28Arg,0,0,false,0,0,false,0.5544315015407614,0.5626106666537827,0.5585210840972721
CCM2_Asp61Asn,0,0,false,0,0,false,0.7824349978084526,0.7925254450864699,0.7874802214474612
F9_Arg384Pro,0,0,false,0,0,false,0.4701550845929113,0.4518227327378786,0.46098890866539494
SHOC2_Ser4Arg,1,0,false,0,0,false,0.863823232341496,0.6390077457221305,0.7514154890318132
BRCA1_Asn132Lys,1,1,true,1,1,true,0.9671528040720999,0.9182505008164104,0.9427016524442551
SOS2_Val869Ile,0,0,false,0,0,false,0.6334789104432658,0.6064481927798115,0.6199635516115387
CCM2_Gly214Cys,1,0,false,0,0,false,0.8051648319136914,0.743425834530325,0.7742953332220082
KRAS_Gly12Val,0,1,false,0,1,false,0.6032773819808926,0.9399192149493494,0.7715982984651211
F9_Cys335Trp,0,0,false,0,0,false,0.5005652427540683,0.48302236631783807,0.4917938045359532
CCM2_Ser416Ala,0,0,false,0,0,false,0.7198196570499157,0.7883650102881675,0.7540923336690416
CCM2_Arg423Pro,0,0,false,0,0,false,0.6965012883515048,0.690931364633252,0.6937163264923785
CCM2_Thr296Ala,0,0,false,0,0,false,0.7513445776392395,0.7168107520549476,0.7340776648470935
BAP1_Cys91Ser,1,0,false,1,0,false,0.885221303621258,0.6518827904337576,0.7685520470275078
BRAF_Val471Phe,1,1,true,0,1,false,0.8437536115636322,0.9310094157756439,0.887381513669638
RPS19_Arg101His,0,0,false,0,0,false,0.5987986102419336,0.5122530108328902,0.5555258105374119
CCM2_Val45Gly,0,0,false,0,0,false,0.7715552566212581,0.7980893903422223,0.7848223234817402
BRAF_Lys499Asn,0,0,false,0,0,false,0.5218291277167427,0.583257865332903,0.5525434965248228
CCM2_Glu366Gln,0,0,false,0,0,false,0.7740562250078179,0.7622387219942337,0.7681474735010259
KRAS_Thr58Ile,0,0,false,0,0,false,0.6597113833535885,0.7474423686048894,0.7035768759792389
SHOC2_Ile112Thr,0,0,false,0,0,false,0.7208965469818452,0.5830863396937946,0.65199144333782
SOS2_Pro1318Ser,0,0,false,0,0,false,0.5418074483084102,0.6356794516113873,0.5887434499598987
F9_Pro414Thr,0,0,false,0,0,false,0.5924353725275017,0.5727129625079936,0.5825741675177476
SDHD_Ser68Gly,0,0,false,0,0,false,0.7549378059099264,0.6745149002059277,0.7147263530579271
CCM2_Thr86Ser,0,0,false,0,0,false,0.765933226020146,0.8116395518370988,0.7887863889286224
CCM2_His332Arg,0,0,false,0,0,false,0.7539993506285034,0.690169288265538,0.7220843194470208
KRAS_Gly13Asp,0,0,false,0,0,false,0.4669626384313074,0.6615283314573878,0.5642454849443476
CCM2_Leu212Val,0,0,false,0,0,false,0.7646940089778967,0.7629382763954884,0.7638161426866925
CCM2_Gly8Ser,0,0,false,0,0,false,0.741707548216339,0.7686834593828582,0.7551955037995985
F9_Cys170Tyr,0,0,false,0,0,false,0.7723928294084776,0.6127329594412958,0.6925628944248867
RAF1_Pro225Ser,0,0,false,0,0,false,0.6112889642459097,0.5165655594459221,0.5639272618459159
SDHD_His102Arg,0,0,false,0,0,false,0.7211733005637252,0.6847296720878765,0.7029514863258008
FANCC_Leu554Pro,0,1,false,0,1,false,0.5172917092754947,0.8947675262318975,0.7060296177536961
CCM2_Gly188Trp,0,0,false,0,0,false,0.6945766954008227,0.7045445232590556,0.6995606093299391
SHOC2_Ser403Gly,0,0,false,0,0,false,0.6655251302772529,0.7488639278219758,0.7071945290496143
CCM2_Pro77Ser,0,0,false,0,0,false,0.7503243508056513,0.7054740612784492,0.7278992060420503
LMNA_Ala43Thr,1,1,true,1,1,true,0.8971258762198226,0.8458363561755231,0.8714811161976729
FARS2_Ile388Ser,0,0,false,0,0,false,0.576181940326499,0.40495481514428205,0.4905683777353905
FARS2_Tyr144Cys,0,0,false,0,0,false,0.4842170833036884,0.6302429087238582,0.5572299960137733
RAD51D_Cys9Ser,0,1,false,0,0,false,0.615730091041766,0.8378090102003176,0.7267695506210419
CCM2_Gln218Arg,1,1,true,1,0,false,0.885578929687015,0.8283138807328503,0.8569464052099327
FH_Leu303Ser,0,0,false,0,0,false,0.68577326106676,0.6256084095204544,0.6556908352936072
BAP1_Arg718Gln,0,0,false,0,0,false,0.5472667025962062,0.5754611871906539,0.56136394489343
CCM2_Val374Met,0,0,false,0,0,false,0.7807227207181038,0.7801631523942484,0.780442936556176
F9_Arg379Gln,0,0,false,0,0,false,0.5920169742482035,0.803902697324792,0.6979598357864978
RAD51D_Asn138His,0,1,false,0,1,false,0.7139867222140537,0.8510239010810954,0.7825053116475745
CCM2_Ser330Phe,1,0,false,0,0,false,0.8583803480909501,0.7970694604198328,0.8277249042553915
CCM2_Arg423Cys,0,0,false,0,0,false,0.6635464024792531,0.6013388822573063,0.6324426423682796
BAP1_Glu31Lys,0,0,false,0,0,false,0.5607867673002296,0.6430613877317746,0.6019240775160021
CTCF_Tyr407Cys,0,0,false,0,0,false,0.5501158126979708,0.6102752421909385,0.5801955274444547
CCM2_Asp410Val,0,0,false,0,0,false,0.6640622614594066,0.6793661748244828,0.6717142181419447
CCM2_Glu201Asp,0,0,false,0,0,false,0.6442871961987912,0.7199175861323569,0.682102391165574
CCM2_Thr86Ile,1,0,false,0,0,false,0.8211240073378242,0.7715275149538158,0.79632576114582
FARS2_His84Pro,0,0,false,0,0,false,0.6699540653026995,0.505534512883969,0.5877442890933342
FARS2_Gly309Ser,0,0,false,0,0,false,0.705535246828382,0.5469602885268288,0.6262477676776054
F9_Ala397Pro,0,0,false,0,0,false,0.5037429312506456,0.49440674695348946,0.4990748391020675
CCM2_Thr74Met,1,0,false,0,0,false,0.8110021453603403,0.8067861621118042,0.8088941537360723
CCM2_Gly176Val,0,0,false,0,0,false,0.7257498251477495,0.7111091804408947,0.7184295027943222
CCM2_Gly188Arg,0,0,false,0,0,false,0.7219264346646316,0.629209264581352,0.6755678496229918
BRCA1_His239Arg,1,1,true,1,1,true,0.9443616165339958,0.9127318555117081,0.9285467360228519
RAF1_Leu603Pro,0,0,false,0,0,false,0.7751739280077441,0.672572505908867,0.7238732169583055
CCM2_Gly5Ser,1,1,true,0,1,false,0.831718665133117,0.8695640309276224,0.8506413480303696
RET_Val292Met,0,0,false,0,0,false,0.5384728001913316,0.6237243707109316,0.5810985854511316
CCM2_Glu333Val,0,0,false,0,0,false,0.695872288381322,0.7051049647589303,0.7004886265701261
CCM2_Gly379Ser,0,0,false,0,0,false,0.7683134597574744,0.7442043634925214,0.7562589116249979
CCM2_Glu108Gly,1,0,false,1,0,false,0.8751481691915174,0.717652061312975,0.7964001152522462
ZC4H2_Arg211Trp,0,0,false,0,0,false,0.6775157058691843,0.7549253435545319,0.716220524711858
ZC4H2_Lys217Arg,0,0,false,0,0,false,0.49471950232232376,0.43017874598728717,0.46244912415480544
RHO_Asp190Gly,0,0,false,0,0,false,0.5461959887476979,0.6034472016952719,0.5748215952214849
ZC4H2_Arg18Lys,0,0,false,0,0,false,0.7540659374975887,0.5697252316974919,0.6618955845975403
RPS19_Gly127Glu,0,0,false,0,0,false,0.6924961925917565,0.7036603889809664,0.6980782907863614
CTCF_Ala697Thr,0,0,false,0,0,false,0.4541392573243529,0.47648912584288006,0.4653141915836165
F9_Cys396Ser,0,0,false,0,0,false,0.4432266269206319,0.4311493182836616,0.43718797260214676
CCM2_Leu195Pro,0,0,false,0,0,false,0.669445851524039,0.7364921775696579,0.7029690145468485
BRCA1_Thr581Ile,1,1,true,0,1,false,0.8009018626175467,0.9055027603574424,0.8532023114874945
RAF1_Cys95Trp,0,1,false,0,0,false,0.6103018456294624,0.8159335099471808,0.7131176777883217
F9_Arg294Gln,0,0,false,0,0,false,0.6402216014112319,0.6160203271947048,0.6281209643029684
CCM2_Gln441Arg,0,0,false,0,0,false,0.7433954704242259,0.6720436539159559,0.7077195621700909
CCM2_Lys23Arg,0,0,false,0,0,false,0.7638327949112083,0.782556138704491,0.7731944668078496
RET_Leu56Met,1,0,false,0,0,false,0.8455092780231371,0.6662438010447831,0.7558765395339602
CCM2_Ser83Phe,0,0,false,0,0,false,0.7003629947203195,0.666582830551741,0.6834729126360302
RET_Arg313Gln,1,0,false,1,0,false,0.9007594067083108,0.6437186419552816,0.7722390243317963
RET_Thr338Ile,1,1,true,1,0,false,0.8972453690199025,0.8270742185878637,0.8621597938038831
SDHD_Leu139Arg,0,0,false,0,0,false,0.7300924548947858,0.7962933545778563,0.7631929047363211
BRCA1_Glu455Lys,0,0,false,0,0,false,0.7216615733800341,0.6008294430531905,0.6612455082166123
SDHD_Ile31Val,0,0,false,0,0,false,0.7540931257981732,0.7156663308405012,0.7348797283193372
RAD51D_Val28Leu,0,1,false,0,1,false,0.7012851633858608,0.8697782122105107,0.7855316877981857
CCM2_Ala405Ser,1,0,false,0,0,false,0.8262754627382106,0.6562893893784839,0.7412824260583473
F9_Glu79Asp,0,0,false,0,0,false,0.626800307206953,0.7419346137758547,0.6843674604914038
CCM2_Ala205Thr,1,0,false,0,0,false,0.8223450412937702,0.6841519267787368,0.7532484840362534
CCM2_Ile92Thr,0,0,false,0,0,false,0.7328311514229715,0.7223101914910588,0.7275706714570152
ZC4H2_Val63Leu,0,0,false,0,0,false,0.6150103984368377,0.602105440052765,0.6085579192448014
BRCA1_Thr581Ala,0,0,false,0,0,false,0.782290976034474,0.759235897138273,0.7707634365863735
CCM2_Arg346His,0,0,false,0,0,false,0.7718657049028064,0.7146154451008765,0.7432405750018414
CCM2_Leu298Met,0,0,false,0,0,false,0.7579926378887244,0.7984845469692138,0.7782385924289691
ABCD1_Arg518Gln,0,0,false,0,0,false,0.6967315299254181,0.6582624528077867,0.6774969913666025
SHOC2_Ser2Gly,0,,false,0,,false,0.7514422828148924,,
CCM2_Ile131Asn,0,0,false,0,0,false,0.793786573758585,0.7259340625461933,0.7598603181523891
CCM2_Asp440Asn,0,1,false,0,1,false,0.6309955895944727,0.8727523682997885,0.7518739789471306
CTCF_Pro643Ser,0,0,false,0,0,false,0.4681783156937276,0.656921413994117,0.5625498648439222
BCL10_Ala5Ser,0,0,false,0,0,false,0.7555712174188827,0.5281068437712866,0.6418390305950846
CTCF_Arg567Leu,0,0,false,0,0,false,0.5621953557399815,0.5917856643585897,0.5769905100492856
KRAS_Met72Leu,0,1,false,0,1,false,0.43704739377778684,0.8602259486577587,0.6486366712177728
FH_Arg233Cys,0,0,false,0,0,false,0.45037430362627995,0.5726247673560313,0.5114995354911556
CTCF_Asp46Asn,1,0,false,0,0,false,0.8408162051813403,0.6867442835003166,0.7637802443408284
RET_Val262Ala,0,0,false,0,0,false,0.7234577525269055,0.5533558445235568,0.6384067985252311
RAD51D_Arg55Trp,0,0,false,0,0,false,0.533213931825595,0.5043670961729613,0.5187905139992781
F9_Asp110Asn,0,0,false,0,0,false,0.7358677360049184,0.5742759975715565,0.6550718667882374
CCM2_Glu54Lys,1,0,false,0,0,false,0.8086005423050127,0.7925021695797202,0.8005513559423665
CCM2_Arg412Gln,0,0,false,0,0,false,0.7083578458512672,0.6718741395889579,0.6901159927201126
CCM2_Thr267Asn,0,0,false,0,0,false,0.7627276224931231,0.6522379361691603,0.7074827793311417
FARS2_Leu371Phe,0,0,false,0,0,false,0.546125027378172,0.5605616655118626,0.5533433464450173
FH_His318Tyr,0,0,false,0,0,false,0.6434548803822919,0.8064432533550115,0.7249490668686518
KRAS_Phe156Leu,1,1,true,0,1,false,0.8304773210366185,0.9077658498252896,0.8691215854309541
F9_Asp110Gly,0,0,false,0,0,false,0.5147505720470551,0.6900048479723772,0.6023777100097161
BAP1_Thr423Lys,0,0,false,0,0,false,0.5579050409612245,0.41516764149117413,0.4865363412261993
BRAF_Glu501Lys,0,0,false,0,0,false,0.4549761250584401,0.486797792725688,0.47088695889206406
SDHD_Ala90Val,0,0,false,0,0,false,0.7327742071427941,0.6079389281828395,0.6703565676628167
SDHD_Phe34Cys,1,0,false,0,0,false,0.8180413024017331,0.7906049039309715,0.8043231031663522
CCM2_Ile130Val,1,0,false,0,0,false,0.7965691015292445,0.7252834803707385,0.7609262909499915
SHOC2_Met173Val,1,0,false,0,0,false,0.8342812704269241,0.6257232234988478,0.730002246962886
CCM2_Tyr221Asp,0,1,false,0,0,false,0.6962374036125119,0.8369820104093729,0.7666097070109423
BRIP1_Arg848His,0,0,false,0,0,false,0.7150383239218806,0.7408639151153154,0.7279511195185979
CCM2_Arg346Cys,1,0,false,0,0,false,0.808162389472827,0.6594897634409069,0.7338260764568669
CCM2_Ala149Thr,0,0,false,0,0,false,0.7304142138873813,0.599551221230153,0.6649827175587671
RPS19_Val15Phe,0,0,false,0,0,false,0.6448270442010225,0.572342557343354,0.6085848007721884
KRAS_Asp153Val,1,0,false,0,0,false,0.8402998313937259,0.452310972113772,0.646305401753749
BRIP1_Gln255His,0,0,false,0,0,false,0.6989726032913977,0.7283344851057892,0.7136535441985934
CCM2_Tyr261Asp,1,0,false,1,0,false,0.9185310446401966,0.8030713717168091,0.8608012081785028
CCM2_Ser202Asn,0,0,false,0,0,false,0.7595582783420934,0.6644272325596072,0.7119927554508503
CCM2_Asp410His,0,0,false,0,0,false,0.7226959074507966,0.6296369796990336,0.6761664435749151
FARS2_Thr246Met,0,0,false,0,0,false,0.604278928129753,0.45326356419754565,0.5287712461636493
FARS2_Asp142Tyr,0,0,false,0,0,false,0.5282090771142516,0.5440270606146286,0.53611806886444
G6PD_Arg365His,0,0,false,0,0,false,0.512262103870741,0.5101382182591917,0.5112001610649664
CCM2_Ala179Thr,0,1,false,0,0,false,0.7524437375324108,0.8216166177452905,0.7870301776388506
RAF1_Leu613Val,0,,false,0,,false,0.6761795010169517,,
F9_Glu73Val,0,0,false,0,0,false,0.7320295485580616,0.6727592130859754,0.7023943808220185
RET_Gly321Arg,1,0,false,1,0,false,0.8951641344785091,0.6364470512341676,0.7658055928563383
RET_Pro64Leu,1,0,false,1,0,false,0.925498995735931,0.6037007035020958,0.7645998496190134
F9_Ile7Phe,0,0,false,0,0,false,0.4615840085720622,0.45089525578088163,0.4562396321764719
CCM2_Glu366Lys,1,1,true,0,0,false,0.8104385538130005,0.8324630426897242,0.8214507982513624
BRCA1_Glu116Lys,0,0,false,0,0,false,0.4302773880879467,0.4646112755273533,0.44744433180765
FH_Gln376Pro,0,0,false,0,0,false,0.47201806852967865,0.6745097661568848,0.5732639173432817
F9_Tyr161Cys,0,0,false,0,0,false,0.7082026001149233,0.7553992681668066,0.7318009341408649
SHOC2_Thr321Ala,1,0,false,1,0,false,0.9605587599491843,0.7185009873680311,0.8395298736586077
SDHD_Val111Ile,0,0,false,0,0,false,0.6555747925248157,0.6681949742034098,0.6618848833641127
CCM2_Ala293Thr,1,0,false,0,0,false,0.8346356012034571,0.7973200130397253,0.8159778071215913
CCM2_Glu128Lys,1,0,false,0,0,false,0.8292646761991976,0.7621403415440512,0.7957025088716244
RHO_Pro267Thr,0,0,false,0,0,false,0.7215886295451687,0.7965489635275858,0.7590687965363772
BRIP1_His587Arg,0,0,false,0,0,false,0.7458306023685952,0.6199478357991238,0.6828892190838596
CCM2_Asp431Asn,0,0,false,0,0,false,0.6968434487763399,0.7294808761523468,0.7131621624643434
RAF1_Ser427Gly,0,0,false,0,0,false,0.7201687650656555,0.7227994068675676,0.7214840859666116
BRCA1_Phe558Ser,1,1,true,0,1,false,0.8049578022750454,0.9573829707082989,0.8811703864916722
FH_Ala308Thr,0,0,false,0,0,false,0.6513374335188603,0.5269171234941714,0.5891272785065158
CCM2_Ala123Val,1,0,false,0,0,false,0.8206079299343828,0.8097491918947751,0.815178560914579
CCM2_Ile432Phe,0,0,false,0,0,false,0.7538202175340153,0.6803774566270997,0.7170988370805575
CCM2_Arg19Gln,1,0,false,0,0,false,0.7968742119669199,0.8029667668143183,0.7999204893906191
CCM2_His247Asp,0,0,false,0,0,false,0.7601330396118066,0.7878498625935081,0.7739914511026573
ZC4H2_Arg213Trp,0,0,false,0,0,false,0.6157904580708249,0.6883936993667945,0.6520920787188097
BRCA1_Cys44Tyr,0,1,false,0,1,false,0.711048909963245,0.8576784991298585,0.7843637045465517
FH_Ser334Arg,0,0,false,0,0,false,0.5424054588826966,0.6660348063170477,0.6042201325998722
SDHD_Gly106Val,0,0,false,0,0,false,0.7076583994799319,0.6699435227289872,0.6888009611044595
G6PD_Ile48Thr,0,1,false,0,0,false,0.4704221850235515,0.829752689680153,0.6500874373518523
G6PD_Glu398Lys,0,0,false,0,0,false,0.574698653172177,0.6211853742746297,0.5979420137234034
LMNA_Arg377Leu,0,0,false,0,0,false,0.7136291260975425,0.647642586989816,0.6806358565436792
CCM2_Pro102Leu,0,0,false,0,0,false,0.6856731624506914,0.8120578326365613,0.7488654975436264
BRCA1_His299Tyr,1,1,true,0,1,false,0.824217095764303,0.9315177985846652,0.8778674471744841
RAD51D_Val66Met,0,0,false,0,0,false,0.661888994752418,0.49405825376410273,0.5779736242582604
CCM2_Pro240Leu,1,1,true,0,1,false,0.8438063833183523,0.894789209301203,0.8692977963097777
F9_Gly357Arg,0,0,false,0,0,false,0.5798665015165871,0.639970604233808,0.6099185528751976
CCM2_Tyr144Cys,0,0,false,0,0,false,0.7620518119559748,0.6855784429165552,0.723815127436265
BRCA1_Val632Ala,0,1,false,0,1,false,0.7767145861046612,0.9516888034308857,0.8642016947677734
CCM2_His109Arg,1,0,false,0,0,false,0.8339962391941828,0.773571070455731,0.8037836548249568
CCM2_Glu223Val,0,0,false,0,0,false,0.6479711312364095,0.7646517163840517,0.7063114238102306
BRCA1_Cys61Gly,1,1,true,1,1,true,0.879247525925406,0.9007752876821559,0.890011406803781
CCM2_Leu310Val,0,0,false,0,0,false,0.7551685075123582,0.7396951542190374,0.7474318308656978
KRAS_Gly60Arg,0,0,false,0,0,false,0.45532325274939783,0.44625978900747376,0.45079152087843577
CCM2_Asp110Asn,0,0,false,0,0,false,0.7695726458884996,0.784736061672934,0.7771543537807168
CCM2_Ala205Asp,0,0,false,0,0,false,0.6533740015147643,0.7915468834918008,0.7224604425032826
LMNA_Arg41His,1,1,true,1,0,false,0.9185146460294464,0.829565616207211,0.8740401311183288
RAF1_Asp486Asn,0,0,false,0,0,false,0.7753921648481817,0.6561984179145096,0.7157952913813457
CCM2_Gly436Ser,0,0,false,0,0,false,0.7236872778786619,0.6664045104106365,0.6950458941446492
SHOC2_Gln269Arg,0,0,false,0,0,false,0.6005780309265024,0.6737266832361455,0.637152357081324
CCM2_Gly103Arg,0,0,false,0,0,false,0.7919134018878942,0.6938060536731105,0.7428597277805024
CCM2_Ser143Phe,0,0,false,0,0,false,0.7753627710858028,0.7430892525128169,0.7592260117993098
FARS2_Ile329Thr,1,1,true,1,0,false,0.9428659900353593,0.8352644240427191,0.8890652070390392
ZC4H2_Ile7Val,0,0,false,0,0,false,0.6739532239170006,0.7028906856333251,0.6884219547751629
CCM2_Arg40Cys,1,1,true,0,1,false,0.8250852276176913,0.9050052654020923,0.8650452465098918
BAP1_Cys91Gly,0,0,false,0,0,false,0.6107016770399558,0.5488703007037694,0.5797859888718626
CTCF_Arg342Gly,0,0,false,0,0,false,0.5770783132747462,0.5436452740817019,0.5603617936782241
CCM2_Ile76Met,0,0,false,0,0,false,0.6760436310545846,0.7421098882222833,0.709076759638434
FARS2_Arg419Cys,0,0,false,0,0,false,0.6466988931211508,0.4524659598805479,0.5495824265008493
CCM2_Leu182Pro,1,0,false,1,0,false,0.8961618680080808,0.6883623530028053,0.792262110505443
ZC4H2_Leu66His,1,1,true,0,1,false,0.8503959269024907,0.8705365063752671,0.8604662166388789
FARS2_Asp325Tyr,0,0,false,0,0,false,0.7620511284758974,0.6006929420584858,0.6813720352671916
CCM2_Ser84Asn,0,0,false,0,0,false,0.7724187127593041,0.706758705354993,0.7395887090571485
SHOC2_Leu174Phe,1,1,true,0,1,false,0.8199686531358515,0.9405001321982254,0.8802343926670384
CCM2_Gly188Glu,0,0,false,0,0,false,0.7487585107436457,0.699370474281586,0.7240644925126158
CCM2_Phe91Ile,0,0,false,0,0,false,0.7725203585528319,0.6475314937600001,0.7100259261564159
CCM2_Ser426Leu,0,0,false,0,0,false,0.6411732812311131,0.6567306516434863,0.6489519664372997
SHOC2_Ser57Phe,0,0,false,0,0,false,0.4930390722808559,0.6744167119490566,0.5837278921149562
ZC4H2_Arg198Gln,0,0,false,0,0,false,0.5312702116752437,0.6339512802320391,0.5826107459536414
CCM2_Val255Leu,0,0,false,0,0,false,0.7846059231696771,0.8023669439665398,0.7934864335681084
LMNA_Arg349Leu,0,0,false,0,0,false,0.5373261230640519,0.5522279258396328,0.5447770244518424
CCM2_Met424Ile,0,0,false,0,0,false,0.6193301825808827,0.6970030802617363,0.6581666314213095
CCM2_His364Tyr,0,0,false,0,0,false,0.6600660065061967,0.74637192074065,0.7032189636234234
F9_Arg191Cys,0,0,false,0,0,false,0.7526058776945754,0.5317296999838832,0.6421677888392293
F9_Cys335Tyr,0,0,false,0,0,false,0.6988786789459649,0.6363499814976171,0.667614330221791
LMNA_Leu162Pro,0,0,false,0,0,false,0.7561523322924634,0.6853895184999196,0.7207709253961915
F9_Trp453Arg,0,0,false,0,0,false,0.5773247395171124,0.5082570806100217,0.5427909100635671
CCM2_Lys30Glu,1,0,false,0,0,false,0.8138975539776697,0.7331610678511039,0.7735293109143868
RET_Arg330Gln,1,0,false,1,0,false,0.9732663041085221,0.6562742049123753,0.8147702545104487
CCM2_Gly407Asp,0,0,false,0,0,false,0.7783805177740629,0.6880923504874767,0.7332364341307698
CCM2_Gln313Arg,0,0,false,0,0,false,0.7688945723071469,0.7564919104512806,0.7626932413792138
RHO_Arg135Trp,0,0,false,0,0,false,0.6277980541765016,0.6302842632096208,0.6290411586930612
F9_Asn166Tyr,0,0,false,0,0,false,0.6800325189370567,0.4670188867453634,0.5735257028412101
CCM2_His137Arg,0,0,false,0,0,false,0.7626336496505774,0.6983109448596764,0.730472297255127
SHOC2_Glu13Ala,1,0,false,1,0,false,0.9036400962775383,0.7258178238694772,0.8147289600735077
F9_His282Tyr,0,0,false,0,0,false,0.70544968706561,0.6483625487108993,0.6769061178882546
CCM2_Asp126Glu,0,0,false,0,0,false,0.7276926791636286,0.7852464171763321,0.7564695481699804
CCM2_Cys170Tyr,0,0,false,0,0,false,0.6761218398968384,0.5708488410261923,0.6234853404615153
BRIP1_Leu195Pro,0,0,false,0,0,false,0.6867985755106497,0.6334348296480276,0.6601167025793386
CCM2_His137Gln,0,0,false,0,0,false,0.7414675605731279,0.7440987178111189,0.7427831391921234
CCM2_Arg40His,0,0,false,0,0,false,0.7482639788793395,0.7631544709318034,0.7557092249055715
CTCF_Arg342Cys,0,0,false,0,0,false,0.7039941738232165,0.5439994475493426,0.6239968106862795
BRCA1_Phe591Leu,1,1,true,1,1,true,0.9195875950036948,0.8549636059419194,0.8872756004728071
F9_His282Arg,0,0,false,0,0,false,0.6441248079391738,0.7891139117641581,0.7166193598516659
F9_Lys39Arg,0,0,false,0,0,false,0.5120762800985017,0.5428486343311336,0.5274624572148177
CCM2_Val190Met,1,0,false,1,0,false,0.8878316229550266,0.7330468093996361,0.8104392161773313
F9_Ile210Thr,1,0,false,0,0,false,0.8477034447989462,0.6734005676607981,0.7605520062298722
SHOC2_Thr205Ala,0,0,false,0,0,false,0.7905438525937676,0.5701951321725127,0.6803694923831402
RAD51D_Met308Val,1,1,true,0,1,false,0.8086137280213247,0.912643460082443,0.8606285940518839
CCM2_Pro271Thr,0,0,false,0,0,false,0.73279816906548,0.7148871143899205,0.7238426417277002
CCM2_Arg423His,0,0,false,0,0,false,0.6608174579500777,0.5562100367908632,0.6085137473704705
BRCA1_Leu460Pro,1,1,true,1,1,true,0.8919093166417771,0.8526030879211987,0.8722562022814879
BAP1_Arg59Pro,0,0,false,0,0,false,0.4711923702302067,0.6036046012456796,0.5373984857379431
BRCA1_Pro533Leu,1,1,true,0,1,false,0.8466589297818368,0.8602279053838159,0.8534434175828263
CCM2_Glu264Asp,0,0,false,0,0,false,0.7356891462417837,0.7944439579370947,0.7650665520894392
CCM2_Glu433Lys,0,0,false,0,0,false,0.7652103180819139,0.6985024617984524,0.7318563899401831
RAD51D_Val66Leu,0,0,false,0,0,false,0.6343604437496042,0.47879530075559046,0.5565778722525974
CCM2_Arg412Trp,0,0,false,0,0,false,0.7019135476219382,0.7448547740846913,0.7233841608533147
RAD51D_His23Arg,0,1,false,0,1,false,0.6849666674749932,0.8682896162812312,0.7766281418781122
F9_Pro197Ser,0,0,false,0,0,false,0.5805656958008463,0.6423109906961514,0.6114383432484989
SDHD_Asp92Gly,0,0,false,0,0,false,0.7480912515824427,0.7597505663665253,0.753920908974484
BRCA1_Met671Lys,1,0,false,1,0,false,0.9093220499957819,0.8025403211263437,0.8559311855610627
CCM2_Ser408Arg,1,1,true,1,1,true,0.8757116731977358,0.8654387027356498,0.8705751879666928
F9_Ile136Thr,0,0,false,0,0,false,0.6104219171300538,0.6962440937286204,0.6533330054293371
BRCA1_Asp67Tyr,1,0,false,1,0,false,0.9640174628585616,0.7452408821103177,0.8546291724844397
RAD51D_Phe305Leu,,0,false,,0,false,,0.777836783514275,
CCM2_Glu51Ala,1,0,false,0,0,false,0.8176046236029734,0.7590252818335589,0.7883149527182661
BRCA1_Met1Ile,1,1,true,1,1,true,0.9254000644866335,0.8684306409877014,0.8969153527371674
BRAF_Gly464Val,0,0,false,0,0,false,0.6051549705829162,0.601026859724082,0.6030909151534991
F9_Asp410His,0,0,false,0,0,false,0.6366289011413846,0.532243811669544,0.5844363564054643
CCM2_Ser60Arg,1,0,false,0,0,false,0.8351515357030176,0.7947792995135005,0.814965417608259
BAP1_Pro12Thr,0,0,false,0,0,false,0.5623379609483843,0.6774287588109603,0.6198833598796722
CCM2_Ala295Thr,0,0,false,0,0,false,0.7233695254321901,0.7383895496646574,0.7308795375484238
ZC4H2_Pro201Ser,0,0,false,0,0,false,0.630119428475483,0.6899799162563025,0.6600496723658927
RAF1_Thr491Ile,0,0,false,0,0,false,0.7910366340230757,0.7110075291181097,0.7510220815705927
F9_Cys134Ser,0,0,false,0,0,false,0.6454214671527021,0.5762973354888727,0.6108594013207874
F9_Arg75Gln,0,0,false,0,0,false,0.6546651555959201,0.61596343979867,0.635314297697295
F9_Ala233Thr,0,0,false,0,0,false,0.6322361185872071,0.609202449986515,0.620719284286861
CCM2_Ala98Pro,0,0,false,0,0,false,0.7062150572956992,0.6480186739641997,0.6771168656299494
FARS2_His135Asp,0,0,false,0,0,false,0.5748839211470845,0.5637838836462911,0.5693339023966878
RAF1_Phe22Leu,0,0,false,0,0,false,0.6142403415241937,0.59601933885241,0.6051298401883018
RAF1_Gly361Ala,0,1,false,0,1,false,0.7478055820990605,0.873626051962666,0.8107158170308633
F9_Arg226Gln,0,0,false,0,0,false,0.500400512221381,0.7259251923795844,0.6131628523004827
SHOC2_Asn527Ser,0,0,false,0,0,false,0.7743040278666045,0.7053853736420963,0.7398447007543504
RAD51D_Ile17Val,1,0,false,0,0,false,0.8542972854426867,0.7862423597629772,0.820269822602832
F9_Glu73Lys,0,0,false,0,0,false,0.7435317700133669,0.5987300904532301,0.6711309302332985
ABCD1_Arg389Gly,0,0,false,0,0,false,0.5378999294057549,0.742055288441496,0.6399776089236255
RAD51D_Glu307Lys,1,1,true,1,1,true,0.9806587151326066,0.876133942687996,0.9283963289103013
ZC4H2_Ala162Thr,0,0,false,0,0,false,0.6428126635267742,0.7108818353160742,0.6768472494214242
CCM2_Asn94Ser,0,0,false,0,0,false,0.7652885867060374,0.6813440411093509,0.7233163139076941
KRAS_Ile36Met,0,1,false,0,1,false,0.5741173669066242,0.9612119122664031,0.7676646395865137
CCM2_Ser202Arg,0,0,false,0,0,false,0.7052905896648999,0.6135557166486865,0.6594231531567931
BAP1_Thr93Ala,0,0,false,0,0,false,0.5625796978594134,0.5265614122449708,0.5445705550521921
CCM2_Met439Ile,1,0,false,1,0,false,0.9054063576749918,0.7605680914506977,0.8329872245628447
F9_Phe395Ile,0,0,false,0,0,false,0.5381482578331709,0.4514066319890488,0.49477744491110986
FARS2_Asn280Ser,0,0,false,0,0,false,0.7225856610060021,0.6759189102550913,0.6992522856305468
F9_Thr194Ala,0,0,false,0,0,false,0.6244848529023046,0.6458616950292401,0.6351732739657723
CCM2_Ser251Tyr,0,0,false,0,0,false,0.7731005903195527,0.6745216321730789,0.7238111112463158
RAF1_Thr145Pro,0,0,false,0,0,false,0.6749832137284889,0.669416634932989,0.6721999243307389
CCM2_Ser15Leu,0,,false,0,,false,0.778026780845651,,
FH_Arg101Pro,0,1,false,0,0,false,0.6844385486501514,0.8227694300776307,0.7536039893638911
FARS2_Ala166Thr,0,0,false,0,0,false,0.41866465811574705,0.5154187451380368,0.4670417016268919
ZC4H2_Ala200Thr,0,0,false,0,0,false,0.6494071603420016,0.748451722493458,0.6989294414177298
BRCA1_Ala102Gly,1,0,false,0,0,false,0.802668292440685,0.6719734099522344,0.7373208511964597
F9_Ile316Thr,,0,false,,0,false,,0.7525775397956245,
SDHD_Ala90Glu,1,0,false,0,0,false,0.8270408270181423,0.7354099140919999,0.7812253705550711
BRCA1_Ser408Ile,0,0,false,0,0,false,0.7025274385309227,0.666846518416354,0.6846869784736384
BCL10_Leu8Leu,0,0,false,0,0,false,0.4858423165343669,0.5916289592760181,0.5387356379051925
BRCA1_Lys502Glu,0,0,false,0,0,false,0.7318304131649959,0.7621573915767107,0.7469939023708533
BRCA1_Cys64Ser,0,0,false,0,0,false,0.4293590538403619,0.7095195915386516,0.5694393226895067
CCM2_Thr394Ser,1,0,false,0,0,false,0.8156902599255025,0.6761059734054032,0.7458981166654528
CCM2_His364Arg,1,0,false,0,0,false,0.8167644719477604,0.7240889634472304,0.7704267176974954
BRCA1_Val275Ile,0,1,false,0,1,false,0.6426122421560723,0.918528730965255,0.7805704865606636
CCM2_Pro102Ser,0,0,false,0,0,false,0.7584777059726743,0.7336067117727295,0.7460422088727019
BRAF_Gly596Val,1,1,true,0,1,false,0.8538286923648231,0.8681066680707838,0.8609676802178035
CCM2_Ile197Leu,0,0,false,0,0,false,0.7124184148132234,0.7689547360543383,0.7406865754337808
FARS2_Gly3Val,0,0,false,0,0,false,0.5576142663634567,0.46759599823708325,0.5126051323002699
CCM2_Gln72Arg,1,0,false,0,0,false,0.8028655348985251,0.7992468519288717,0.8010561934136984
KRAS_Pro34Arg,0,0,false,0,0,false,0.6065597027162775,0.5503401668213536,0.5784499347688155
F9_Arg3His,0,0,false,0,0,false,0.5619143246475836,0.4659313437661916,0.5139228342068876
BRAF_Gly469Glu,0,0,false,0,0,false,0.6526676110547396,0.6469395215295112,0.6498035662921253
RAD51D_Arg165Gln,1,1,true,0,1,false,0.8064010478115557,0.8723220592928675,0.8393615535522116
F9_Ile443Thr,0,0,false,0,0,false,0.5870004728247203,0.5704967558271111,0.5787486143259157
RAD51D_Val56Gly,0,0,false,0,0,false,0.6431461489983055,0.42495664946720757,0.5340513992327565
CCM2_Tyr118Phe,0,0,false,0,0,false,0.7648721321085992,0.6308728192849355,0.6978724756967674
CCM2_Ala179Ser,0,0,false,0,0,false,0.6654842137882915,0.769942673674443,0.7177134437313673
BRCA1_Met1Thr,0,0,false,0,0,false,0.7734112538272557,0.7900076551350161,0.7817094544811359
LMNA_Arg386Thr,0,0,false,0,0,false,0.5316505856920823,0.6769093472095595,0.6042799664508209
CCM2_Ser248Gly,0,0,false,0,0,false,0.7736436584552168,0.7116867891690151,0.7426652238121159
CCM2_Arg389Trp,0,0,false,0,0,false,0.783341297853799,0.5891517040530261,0.6862465009534126
FANCC_Leu496Arg,0,0,false,0,0,false,0.6473529436210259,0.6906908139441741,0.6690218787826
FH_Pro174Arg,0,,false,0,,false,0.5585854633689074,,
CCM2_Val216Ala,0,0,false,0,0,false,0.7459432580513062,0.7799671374111469,0.7629551977312266
BRIP1_Thr266Lys,0,0,false,0,0,false,0.656593750361408,0.700128075315336,0.6783609128383721
CCM2_Thr395Ile,0,0,false,0,0,false,0.7447086021510566,0.6571191193555073,0.7009138607532819
BRCA1_Met548Ile,1,1,true,1,1,true,0.8871857551131178,0.9628548613503485,0.9250203082317332
FH_Arg160Gly,1,,,0,,false,0.8613514022271573,,
BRAF_Glu501Val,0,0,false,0,0,false,0.6635615425032563,0.4276768715443603,0.5456192070238083
RHO_Cys110Tyr,0,0,false,0,0,false,0.7456194448288631,0.7305808400284344,0.7381001424286487
CCM2_Asp301Gly,0,0,false,0,0,false,0.6953878754739239,0.7216384824747192,0.7085131789743215
KRAS_Gly60Ser,1,0,false,0,0,false,0.8013943603249161,0.48291652282099784,0.6421554415729569
CCM2_Asp411Asn,0,0,false,0,0,false,0.7170197110678057,0.7038869395924632,0.7104533253301344
CCM2_Asp411Glu,0,0,false,0,0,false,0.7416584236625035,0.6022849599506681,0.6719716918065858
BAP1_Ser596Gly,0,0,false,0,0,false,0.5580363835951216,0.5067462901610154,0.5323913368780685
CCM2_Thr267Ile,0,1,false,0,1,false,0.7573720299903739,0.8772638323529266,0.8173179311716503
BRAF_Thr241Arg,0,,false,0,,false,0.7309618913966272,,
FH_Ser419Pro,1,0,false,1,0,false,0.8955712473071558,0.7653953737495099,0.8304833105283329
CCM2_Ile432Thr,0,0,false,0,0,false,0.7619045350704314,0.6887744487784785,0.7253394919244549
CCM2_Thr106Ile,1,0,false,0,0,false,0.827140734245086,0.7812189058114112,0.8041798200282486
CTCF_Tyr226Cys,0,0,false,0,0,false,0.6700524916816325,0.7126291867011736,0.6913408391914031
F9_Val257Ile,0,0,false,0,0,false,0.5395764976343144,0.42567637171085726,0.4826264346725858
LMNA_Arg335Trp,0,0,false,0,0,false,0.6607247892262329,0.5893664868582968,0.6250456380422649
CCM2_Thr241Ile,0,1,false,0,1,false,0.7168011343694071,0.9277544534019002,0.8222777938856536
F9_Arg191His,0,0,false,0,0,false,0.5532446372381351,0.5855820725359131,0.5694133548870242
RET_Thr278Asn,0,0,false,0,0,false,0.6792356650340198,0.5161078344439409,0.5976717497389803
CCM2_Asp442Asn,0,0,false,0,0,false,0.7201708876711849,0.774677984182396,0.7474244359267904
F9_Ser411Ile,0,0,false,0,0,false,0.5699561000636635,0.6718353414332288,0.6208957207484461
CCM2_Ile136Val,0,0,false,0,0,false,0.7935253170041788,0.793281554095298,0.7934034355497384
SDHD_Gly138Val,0,0,false,0,0,false,0.6311543301648231,0.673676436344312,0.6524153832545676
CCM2_Glu290Lys,0,0,false,0,0,false,0.7534947570494475,0.7624010615079522,0.7579479092786998
CCM2_Ile331Phe,0,0,false,0,0,false,0.7888716974174822,0.7607870423911904,0.7748293699043363
CCM2_Arg390Gln,0,0,false,0,0,false,0.7894438068121868,0.7821439109672256,0.7857938588897062
CCM2_Ala140Thr,0,0,false,0,0,false,0.7493085997401789,0.7107581085045067,0.7300333541223428
FANCC_Asp195Val,0,0,false,0,0,false,0.5999386782677159,0.5090101287620279,0.5544744035148719
CCM2_Ser166Ile,0,0,false,0,0,false,0.7685990938014035,0.723169861504719,0.7458844776530612
BRCA1_Pro510Ser,1,1,true,1,1,true,0.939026150296149,0.9400803681837602,0.9395532592399546
SDHD_His102Leu,0,0,false,0,0,false,0.7470354361067956,0.8035609489494643,0.7752981925281299
CCM2_Lys65Glu,0,0,false,0,0,false,0.7866857190634254,0.7632537308356094,0.7749697249495174
CCM2_Pro165Ala,0,0,false,0,0,false,0.6989797408613149,0.7215931957329924,0.7102864682971537
BRAF_Phe468Ser,0,0,false,0,0,false,0.530604810516244,0.5414267297488571,0.5360157701325505
KRAS_Lys5Asn,0,0,false,0,0,false,0.7236079931703525,0.6972108327351694,0.7104094129527609
F9_Pro175Ser,0,0,false,0,0,false,0.6133864776079281,0.458075689308985,0.5357310834584565
BRCA1_Arg71Lys,0,1,false,0,1,false,0.7336142267467336,0.9060663101252483,0.8198402684359909
FH_Asn340Lys,0,,false,0,,false,0.7755813922106559,,
BRAF_Asp565Glu,0,0,false,0,0,false,0.5242032337094352,0.48933860475042723,0.5067709192299312
BRCA1_Cys64Tyr,0,1,false,0,1,false,0.6404201218297327,0.9617190390639739,0.8010695804468533
CCM2_Ser393Gly,1,0,false,0,0,false,0.8648552381811861,0.6978919194828859,0.781373578832036
BRCA1_Glu143Lys,1,0,false,1,0,false,0.8977484128972699,0.7460112947739856,0.8218798538356278
RAF1_Thr491Arg,0,0,false,0,0,false,0.7696612625459047,0.7164048546883311,0.7430330586171179
CCM2_Pro281Ser,0,0,false,0,0,false,0.7483198041538973,0.7656964600267929,0.7570081320903451
F9_Pro333Leu,,0,false,,0,false,,0.6894196079187843,
CCM2_Arg52Cys,1,0,false,0,0,false,0.8229345975107862,0.7722567388621768,0.7975956681864815
CCM2_Gly162Glu,0,0,false,0,0,false,0.6436123456542698,0.6432153348808801,0.643413840267575
CCM2_His151Tyr,1,0,false,1,0,false,0.932943872696256,0.7515874633000675,0.8422656679981617
CCM2_Ala205Ser,1,0,false,0,0,false,0.8498437796098238,0.7002484071984553,0.7750460934041395
BRCA1_Leu660Pro,0,0,false,0,0,false,0.5029975036804517,0.49187142787048493,0.49743446577546835
FH_Arg233Leu,0,0,false,0,0,false,0.5535153337135901,0.6211583663523368,0.5873368500329634
BRCA1_Thr37Lys,0,1,false,0,1,false,0.6604026274365303,0.9362148287396759,0.7983087280881032
FARS2_Ser57Cys,0,0,false,0,0,false,0.5118927210431237,0.4247428510821031,0.4683177860626134
CCM2_Pro55Ala,0,0,false,0,0,false,0.77018526319406,0.7904886248572872,0.7803369440256736
BRCA1_Gly666Val,0,0,false,0,0,false,0.6934251312726809,0.7680879146575278,0.7307565229651043
CCM2_Leu392Val,1,0,false,0,0,false,0.7992851627982023,0.7609654355899524,0.7801252991940774
KRAS_Phe156Ile,0,0,false,0,0,false,0.46336685772037084,0.4794046785718194,0.4713857681460951
CCM2_Glu417Gly,0,0,false,0,0,false,0.6581832422071594,0.7450815697487064,0.7016324059779329
CTCF_His455Gln,1,1,true,0,0,false,0.8022055358310174,0.8233245371867537,0.8127650365088855
SDHD_His50Arg,1,0,false,0,0,false,0.8405925350243284,0.7224802012155382,0.7815363681199333
CCM2_Asp227Asn,0,0,false,0,0,false,0.755667293759085,0.7846029302693288,0.7701351120142069
SDHD_His102Pro,1,0,false,0,0,false,0.8143760248205674,0.7920040197542749,0.8031900222874211
F9_Glu27Lys,1,0,false,0,0,false,0.8038493678305678,0.6102254943659395,0.7070374310982537
RAF1_Asn71Ser,0,0,false,0,0,false,0.5333965619726055,0.6062034608054923,0.5698000113890489
CCM2_Ser183Leu,0,0,false,0,0,false,0.7359647455231277,0.6461259702604666,0.6910453578917972
CCM2_Pro77Gln,0,0,false,0,0,false,0.7274907897740222,0.6886112699036954,0.7080510298388587
BRAF_Gln262Lys,0,0,false,0,0,false,0.6515299363510972,0.43385586086271655,0.5426928986069068
CCM2_Asn81Lys,0,0,false,0,0,false,0.7448950233836643,0.7189999553987491,0.7319474893912067
BRCA1_Thr587Arg,1,1,true,0,0,false,0.8075801157083606,0.8286875618599959,0.8181338387841783
RAF1_Asn140His,0,0,false,0,0,false,0.7474392625466946,0.6666751186340913,0.707057190590393
BRCA1_Gly602Ala,0,1,false,0,1,false,0.7767785009572609,0.9236248203163672,0.850201660636814
FH_Leu507Pro,0,,false,0,,false,0.7570152355635522,,
CCM2_Gly24Asp,1,,,0,,false,0.8406168359793602,,
F9_Gly442Arg,0,0,false,0,0,false,0.6497555359996487,0.5719255469043133,0.6108405414519811
BRIP1_Val76Ile,0,0,false,0,0,false,0.7659827610092199,0.6479294486235359,0.7069561048163779
CCM2_Thr44Ile,1,0,false,0,0,false,0.8136398422522265,0.7905817138638872,0.8021107780580569
