allele_0,Altered_Mito_95_batch13,Altered_Mito_95_batch14,Altered_Mito_95_both_batches,Altered_Mito_99_batch13,Altered_Mito_99_batch14,Altered_Mito_99_both_batches,AUROC_batch13,AUROC_batch14,AUROC_Mean
CCM2_Tyr144Cys,0,0,false,0,0,false,0.8693140246253347,0.7368295615185543,0.8030717930719444
BRCA1_Met1Thr,1,1,true,0,0,false,0.984750990435898,0.9354789732760659,0.960114981855982
CCM2_Gln441Arg,0,0,false,0,0,false,0.7869411577565119,0.8053367518582791,0.7961389548073955
BAP1_Cys91Ser,0,0,false,0,0,false,0.7990596626902846,0.6604418906797691,0.7297507766850269
CCM2_Asp410Val,0,0,false,0,0,false,0.8348737852629808,0.6250900232884447,0.7299819042757127
RAD51D_His23Arg,0,1,false,0,0,false,0.9040232974436648,0.9542859971134809,0.9291546472785729
F9_Cys170Tyr,0,0,false,0,0,false,0.8641364563942026,0.9180511387246488,0.8910937975594257
RHO_Pro267Thr,1,1,true,0,1,false,0.9802752080130739,0.9941971552212685,0.9872361816171712
G6PD_Arg365His,0,0,false,0,0,false,0.6880198318154094,0.5254002764427956,0.6067100541291025
SDHD_Glu69Lys,0,0,false,0,0,false,0.8899949431301525,0.8759832893674684,0.8829891162488104
CCM2_His137Gln,0,0,false,0,0,false,0.8781899740236274,0.7555191281947893,0.8168545511092083
FARS2_Asp142Tyr,0,0,false,0,0,false,0.6554205626714743,0.7143869657921782,0.6849037642318263
CCM2_Ile425Thr,1,1,true,0,0,false,0.969573833138002,0.9597634039116089,0.9646686185248055
CCM2_Ala123Val,0,0,false,0,0,false,0.8486867698853856,0.8179150701568323,0.833300920021109
BRCA1_Pro533Leu,0,1,false,0,1,false,0.8836138891142781,0.9848881106736286,0.9342509998939533
CCM2_Gly162Glu,0,0,false,0,0,false,0.7955542597095479,0.7043343771638425,0.7499443184366952
F9_Arg75Gln,0,0,false,0,0,false,0.6641688898577275,0.5119616355787338,0.5880652627182306
CCM2_Glu128Lys,0,0,false,0,0,false,0.8675892308703715,0.7406074884509616,0.8040983596606666
BRCA1_Val632Ala,0,1,false,0,1,false,0.905743118181431,0.9743619796830157,0.9400525489322233
CCM2_Pro240Leu,0,0,false,0,0,false,0.9363312347332399,0.780880628652653,0.8586059316929464
BRCA1_Thr587Arg,0,1,false,0,0,false,0.9193700972050594,0.9357637402398886,0.927566918722474
F9_Ser220Thr,0,0,false,0,0,false,0.7985744700478877,0.688543948505332,0.7435592092766099
BCL10_Ala5Ser,0,0,false,0,0,false,0.7226784793589274,0.8121281617033118,0.7674033205311196
ZC4H2_Arg213Trp,0,0,false,0,0,false,0.725454189582057,0.8745117495247433,0.7999829695534002
CCM2_Ile136Val,0,0,false,0,0,false,0.8343866827884098,0.7533190502878117,0.7938528665381107
F9_Asp110Gly,0,0,false,0,0,false,0.9321126801043825,0.924511179285112,0.9283119296947473
CCM2_Ala98Pro,0,0,false,0,0,false,0.8658826798304835,0.7969060164597161,0.8313943481450998
SHOC2_Thr321Ala,1,0,false,0,0,false,0.984332074949247,0.7779270847526419,0.8811295798509444
F9_Tyr161Cys,0,0,false,0,0,false,0.8784566601927848,0.9071344848689584,0.8927955725308716
CCM2_Ala405Ser,0,0,false,0,0,false,0.9203224490874541,0.8718697911557426,0.8960961201215983
ZC4H2_Ile7Val,0,0,false,0,0,false,0.8389151966396824,0.8941139976864503,0.8665145971630663
CCM2_Ile197Leu,0,0,false,0,0,false,0.8046073131960009,0.6650010561132234,0.7348041846546121
SDHD_Leu139Arg,0,0,false,0,0,false,0.7586154412052757,0.8497719666419139,0.8041937039235948
BRCA1_Cys61Gly,1,1,true,0,0,false,0.9675114203479335,0.9429165361361207,0.955213978242027
RAF1_Leu603Pro,0,0,false,0,0,false,0.9276792657133388,0.9052702480327363,0.9164747568730376
CCM2_Ser248Gly,0,0,false,0,0,false,0.8318819780762726,0.7531124549584602,0.7924972165173665
RAF1_Phe22Leu,0,0,false,0,0,false,0.6634187249330441,0.686803693517124,0.675111209225084
SHOC2_Asn527Ser,0,0,false,0,0,false,0.7627699788022595,0.870882894271203,0.8168264365367313
FARS2_Gly309Ser,0,0,false,0,0,false,0.9057682218651986,0.7654933384954046,0.8356307801803016
F9_Arg191Cys,0,0,false,0,0,false,0.9071619363443628,0.8262022757621769,0.8666821060532699
CCM2_Cys211Ser,0,0,false,0,0,false,0.8647272802068257,0.8601884766072211,0.8624578784070234
FARS2_Asn280Ser,0,0,false,0,0,false,0.7567184616927626,0.8430121171597668,0.7998652894262647
RAF1_Asn140His,0,0,false,0,0,false,0.8566458710111035,0.7553379890980602,0.8059919300545818
RAF1_Asn71Ser,0,0,false,0,0,false,0.6191672504260337,0.7139488743137018,0.6665580623698677
CCM2_Thr106Ile,1,0,false,0,0,false,0.9485622073973913,0.8615377034841445,0.9050499554407678
CCM2_Ser60Arg,0,0,false,0,0,false,0.9271610219988188,0.7813880232745422,0.8542745226366805
RAF1_Ser427Gly,0,0,false,0,0,false,0.8557426612183633,0.842479224161091,0.8491109426897272
ZC4H2_Pro201Ser,0,0,false,0,0,false,0.7237190711631107,0.8382258310191754,0.7809724510911431
FARS2_Leu371Phe,0,0,false,0,0,false,0.7909852528347302,0.8413800554305063,0.8161826541326183
CCM2_Ser426Leu,0,0,false,0,0,false,0.8328175257352682,0.8928111903483887,0.8628143580418285
CCM2_Cys170Tyr,0,0,false,0,0,false,0.8302145335533339,0.6817296812631781,0.7559721074082559
LMNA_Leu162Pro,0,0,false,0,0,false,0.88339887378602,0.9231694847989189,0.9032841792924695
CCM2_Thr267Asn,0,0,false,0,0,false,0.8611904969346599,0.6126185877279924,0.7369045423313261
CTCF_Tyr407Cys,0,0,false,0,0,false,0.6578961621597847,0.7503805460433652,0.704138354101575
CCM2_Val374Met,0,0,false,0,0,false,0.8692619399489298,0.7605630293691165,0.8149124846590231
CCM2_Gly188Trp,0,0,false,0,0,false,0.8576290538176289,0.8250373659511073,0.8413332098843681
RET_Thr278Asn,0,0,false,0,0,false,0.8885259291901384,0.701802033042142,0.7951639811161402
CCM2_Thr44Ile,0,0,false,0,0,false,0.832536689382407,0.8784554681228354,0.8554960787526211
ZC4H2_Arg198Gln,0,0,false,0,0,false,0.7860623351426326,0.9192406604177108,0.8526514977801717
RAD51D_Ile251Val,0,1,false,0,0,false,0.942729026977195,0.9610438469712425,0.9518864369742187
SDHD_His50Arg,0,0,false,0,0,false,0.8810832625909506,0.8202877514285964,0.8506855070097735
F9_Pro197Ser,0,0,false,0,0,false,0.7288431632537727,0.741698303827135,0.7352707335404538
CCM2_Arg389Trp,0,0,false,0,0,false,0.9072107473453158,0.8209941964545396,0.8641024718999277
CCM2_Thr267Ile,0,0,false,0,0,false,0.864295302048995,0.8574263304291664,0.8608608162390807
CCM2_His332Arg,1,0,false,0,0,false,0.9639786033624907,0.913662059654324,0.9388203315084074
CCM2_Ile331Phe,1,0,false,0,0,false,0.9576081068105008,0.8950532071021983,0.9263306569563495
BCL10_Leu8Leu,0,0,false,0,0,false,0.6918685112520384,0.8212394456232323,0.7565539784376354
CCM2_Ser393Gly,0,0,false,0,0,false,0.9205645945157904,0.8046065173658943,0.8625855559408424
RAF1_Asp486Asn,0,0,false,0,0,false,0.9293565178076245,0.8838538667961265,0.9066051923018755
F9_Ala397Pro,0,0,false,0,0,false,0.8371838794420442,0.8888778762014203,0.8630308778217323
BRCA1_Met671Lys,0,1,false,0,0,false,0.9403527782700145,0.9408515549566256,0.9406021666133201
ZC4H2_Ala162Thr,0,1,false,0,0,false,0.7413113322146364,0.9405561133731781,0.8409337227939073
BRCA1_Ser408Ile,1,0,false,0,0,false,0.9506161820158945,0.8637183099221826,0.9071672459690385
CCM2_Ser202Asn,0,0,false,0,0,false,0.7842919230203859,0.6807153195096127,0.7325036212649993
RAD51D_Val66Met,0,0,false,0,0,false,0.8268199895224255,0.7385265014914997,0.7826732455069626
F9_Val227Ile,0,0,false,0,0,false,0.6591622700607214,0.6219176204810789,0.6405399452709002
CCM2_Ala293Thr,0,0,false,0,0,false,0.9459369734100079,0.8571454162203307,0.9015411948151693
CTCF_Ala697Thr,0,0,false,0,0,false,0.5020659078393217,0.6763488058324778,0.5892073568358998
RAD51D_Ile17Val,0,0,false,0,0,false,0.9061313570579054,0.9328278757579709,0.9194796164079382
F9_Ile210Thr,0,0,false,0,0,false,0.8106279239489359,0.8457988611924971,0.8282133925707165
FARS2_Ala166Thr,0,0,false,0,0,false,0.6699912261170724,0.7365212452649857,0.703256235691029
BAP1_Thr423Lys,0,0,false,0,0,false,0.6202442813261588,0.607978353139027,0.6141113172325929
FH_Ser334Arg,0,0,false,0,0,false,0.9153387714918513,0.8967450792009897,0.9060419253464205
BRCA1_Lys502Glu,0,0,false,0,0,false,0.940891248085023,0.8994130753199278,0.9201521617024754
BRCA1_Leu660Pro,0,0,false,0,0,false,0.834891704386117,0.5283318857429251,0.6816117950645211
CCM2_Ile372Leu,1,1,true,0,0,false,0.9756459816011422,0.9565150011921029,0.9660804913966226
BRIP1_Arg848His,0,0,false,0,0,false,0.7446874149976265,0.7920417222770307,0.7683645686373286
RAF1_Gly361Ala,1,1,true,0,0,false,0.9780376829289873,0.9389494908136753,0.9584935868713313
CTCF_Tyr226Cys,0,0,false,0,0,false,0.7179964404154167,0.681781111840152,0.6998887761277843
RHO_Cys110Tyr,1,1,true,1,1,true,0.9960781336949563,0.9972559771541037,0.99666705542453
F9_Cys134Ser,0,0,false,0,0,false,0.8380555280058175,0.8214839805983268,0.8297697543020721
RHO_Arg135Trp,1,1,true,1,1,true,0.997114828657089,0.9982673769471616,0.9976911028021254
BRCA1_Glu631Lys,0,1,false,0,1,false,0.7122638775895174,0.9808460116119835,0.8465549446007504
CCM2_Ser166Ile,0,0,false,0,0,false,0.8170204927499984,0.6935893684566927,0.7553049306033456
SHOC2_Ser4Arg,0,0,false,0,0,false,0.9142199019956667,0.7389737139587964,0.8265968079772316
G6PD_Ile48Thr,0,1,false,0,1,false,0.690890275113418,0.9731303464201745,0.8320103107667962
G6PD_Gly378Ser,0,0,false,0,0,false,0.5846796562437677,0.6463048748584876,0.6154922655511277
CCM2_Ile76Met,0,0,false,0,0,false,0.8578349570923112,0.6997387985288407,0.778786877810576
FH_His318Tyr,0,0,false,0,0,false,0.9152637329177788,0.9231214824713794,0.9191926076945791
SDHD_Ser68Gly,0,0,false,0,0,false,0.8905435213901371,0.839414790220858,0.8649791558054976
CCM2_His109Arg,0,0,false,0,0,false,0.8907747757123253,0.8128613135678454,0.8518180446400854
CCM2_Val45Gly,0,0,false,0,0,false,0.8153970754061732,0.7883428965892153,0.8018699859976943
F9_Gly357Arg,0,0,false,0,0,false,0.5442982248196072,0.7561075329904808,0.650202878905044
CCM2_Asp431Asn,0,0,false,0,0,false,0.872945970688674,0.8936672020071179,0.8833065863478959
CCM2_Ser245Cys,0,0,false,0,0,false,0.7984860884845713,0.8525952864747266,0.8255406874796489
BRAF_Glu501Lys,0,0,false,0,0,false,0.7376978443703014,0.7926714600855322,0.7651846522279169
FANCC_Leu554Pro,0,1,false,0,1,false,0.9271406611938001,0.977639538560533,0.9523900998771666
F9_Ile443Thr,0,0,false,0,0,false,0.7575240541543928,0.7363706289984878,0.7469473415764403
LMNA_Arg349Leu,0,0,false,0,0,false,0.773820649870661,0.8115870574462624,0.7927038536584616
RHO_Asp190Gly,1,1,true,1,1,true,0.9976678451985929,0.9983459299136886,0.9980068875561408
FH_Pro174Arg,0,,false,0,,false,0.8843137993744704,,
CCM2_Ser330Phe,0,0,false,0,0,false,0.9271823648634437,0.9062027182084171,0.9166925415359304
CCM2_Ile432Phe,0,0,false,0,0,false,0.8814289867729926,0.8804191429712036,0.8809240648720982
RAF1_Thr145Pro,0,0,false,0,0,false,0.7411965198648527,0.7831153912329918,0.7621559555489222
CCM2_Thr44Ser,0,0,false,0,0,false,0.8855564049477054,0.8753137336523803,0.8804350693000429
CCM2_Pro102Ser,0,0,false,0,0,false,0.8221587292503484,0.91344523847991,0.8678019838651292
CCM2_Pro271Thr,0,0,false,0,0,false,0.8449224453958433,0.6256675977965191,0.7352950215961812
SDHD_His102Arg,0,0,false,0,0,false,0.8447132748304026,0.6844357460076645,0.7645745104190336
F9_Pro175Ser,0,0,false,0,0,false,0.7881197423438256,0.6853482336069867,0.7367339879754062
BRCA1_Asp67Tyr,1,1,true,0,0,false,0.9870750278331963,0.9442195653598557,0.965647296596526
CCM2_Val255Leu,0,0,false,0,0,false,0.8400451869968067,0.7729094621374619,0.8064773245671344
CCM2_Asp410His,0,0,false,0,0,false,0.7910137412432778,0.6278599997419836,0.7094368704926307
RAD51D_Ser46Cys,0,0,false,0,0,false,0.5838162373290128,0.6506322595267637,0.6172242484278883
F9_His303Tyr,0,0,false,0,0,false,0.6037616745328747,0.7985734242410008,0.7011675493869377
CCM2_Lys30Glu,0,0,false,0,0,false,0.8700785733793003,0.7774525365706335,0.823765554974967
CCM2_Pro165Thr,0,0,false,0,0,false,0.8127488594485652,0.723273541725407,0.7680112005869861
SDHD_Gly106Val,0,0,false,0,0,false,0.8582827131921871,0.7931835167663557,0.8257331149792714
F9_Ser406Leu,0,1,false,0,0,false,0.9218056487360786,0.937208202818066,0.9295069257770723
CCM2_Arg423His,0,0,false,0,0,false,0.8085776183268639,0.707878526183809,0.7582280722553365
CCM2_Glu433Lys,0,0,false,0,0,false,0.804486189114671,0.7633410656083409,0.7839136273615059
BRAF_Leu245Phe,0,0,false,0,0,false,0.8005495999829777,0.7664292422276268,0.7834894211053023
RAD51D_Asn138His,0,1,false,0,0,false,0.9276685729320928,0.9623249119764552,0.944996742454274
CCM2_Ala232Val,0,0,false,0,0,false,0.9181326607219549,0.8388463697685958,0.8784895152452754
CTCF_Pro643Ser,0,0,false,0,0,false,0.6456517057217984,0.5987681854550634,0.6222099455884309
BRIP1_Gln255His,0,0,false,0,0,false,0.7927843692248923,0.8591976244199683,0.8259909968224303
CCM2_Arg423Cys,0,0,false,0,0,false,0.7728709783527843,0.6240100895487098,0.6984405339507471
CCM2_Ser15Leu,0,,false,0,,false,0.8425727016653686,,
BRIP1_Thr266Lys,0,1,false,0,0,false,0.9367839182156471,0.9504104860230399,0.9435972021193435
FANCC_Leu496Arg,0,0,false,0,0,false,0.8497309349742465,0.9287504020434858,0.8892406685088661
CCM2_Gln313Arg,0,0,false,0,0,false,0.8353964957616582,0.8679947528037184,0.8516956242826883
BRCA1_Leu460Pro,0,1,false,0,1,false,0.8649401026154384,0.975894109288426,0.9204171059519322
RPS19_Arg62Trp,0,,false,0,,false,0.5555206693929152,,
ZC4H2_Ala200Thr,0,1,false,0,0,false,0.8467151459798945,0.9513696573133672,0.8990424016466309
F9_Val195Gly,0,0,false,0,0,false,0.7148120661176882,0.6615128318072457,0.6881624489624669
BRCA1_Thr581Ala,0,1,false,0,0,false,0.9247672489714605,0.9488159897593582,0.9367916193654093
LMNA_Ala43Thr,0,1,false,0,0,false,0.7509784047159569,0.9623449079213537,0.8566616563186553
FARS2_Asp325Tyr,0,0,false,0,0,false,0.6805454834471193,0.7059632220054508,0.6932543527262851
BRAF_Val471Phe,1,1,true,0,1,false,0.9590310998708382,0.985021780066256,0.9720264399685471
BAP1_Leu49Pro,0,0,false,0,0,false,0.7357994038965971,0.7226002686637022,0.7291998362801497
RAD51D_Phe305Leu,,1,,,0,false,,0.9425515409215897,
SHOC2_Leu174Phe,0,0,false,0,0,false,0.9278015806273477,0.8963413969822411,0.9120714888047945
CCM2_Val190Met,1,1,true,0,0,false,0.9611874552225396,0.9411226254548345,0.951155040338687
F9_Arg226Gln,0,0,false,0,0,false,0.805557100309681,0.8706173757044446,0.8380872380070628
CCM2_Asp227Asn,0,0,false,0,0,false,0.7983783476660805,0.7915512793246106,0.7949648134953455
BRAF_Gly596Val,1,1,true,0,1,false,0.9621695175747484,0.9883622952676646,0.9752659064212066
CCM2_Asp376His,1,0,false,0,0,false,0.9551299718863809,0.9046706960511977,0.9299003339687892
SHOC2_Glu25Gly,0,0,false,0,0,false,0.6228404341855232,0.7761029737935217,0.6994717039895224
BRAF_Val487Gly,0,0,false,0,0,false,0.6841347854488865,0.7060995616659878,0.6951171735574371
CCM2_Phe91Ile,0,0,false,0,0,false,0.8938281255669883,0.8274147959685801,0.8606214607677842
RET_Leu56Met,0,0,false,0,0,false,0.9252820879349938,0.7212286329031747,0.8232553604190842
CCM2_Leu298Met,0,0,false,0,0,false,0.8866652734134982,0.8773884520555048,0.8820268627345015
CTCF_His455Gln,0,0,false,0,0,false,0.8540200173951931,0.8237783231600767,0.8388991702776349
CCM2_Arg390Gln,0,0,false,0,0,false,0.9156878401723193,0.7921384553711912,0.8539131477717552
BRCA1_Gly602Ala,0,1,false,0,1,false,0.9268155515133806,0.9853495651625582,0.9560825583379694
BRAF_Thr241Arg,0,,false,0,,false,0.7584846614033833,,
CCM2_Leu310Val,0,0,false,0,0,false,0.832369565499119,0.8642648167036769,0.848317191101398
ABCD1_Arg518Gln,0,0,false,0,0,false,0.739258531964679,0.8436387413301347,0.791448636647407
ZC4H2_Val63Leu,0,1,false,0,0,false,0.8099086609881108,0.9443145016579653,0.877111581323038
SHOC2_Met173Val,0,0,false,0,0,false,0.9191645209764896,0.7478020295372072,0.8334832752568484
SDHD_Leu107Pro,0,0,false,0,0,false,0.8993651620405937,0.8458497429542634,0.8726074524974285
F9_Arg379Gln,0,0,false,0,0,false,0.6912579747611411,0.9040200149061038,0.7976389948336224
LMNA_Arg386Thr,0,1,false,0,0,false,0.8918935283204882,0.9530241965268922,0.9224588624236902
ZC4H2_Arg211Trp,0,1,false,0,0,false,0.9020731924419153,0.9508706383015921,0.9264719153717538
CCM2_Gly188Glu,0,0,false,0,0,false,0.7950885484482219,0.7845181201049113,0.7898033342765666
CCM2_Thr222Met,0,0,false,0,0,false,0.8413475636186526,0.7866035556571092,0.8139755596378808
F9_Ile316Thr,,0,false,,0,false,,0.9037037095107087,
ZC4H2_Arg18Lys,0,0,false,0,0,false,0.9064220148723456,0.931944116940673,0.9191830659065093
CCM2_Ala179Ser,0,0,false,0,0,false,0.8064917858343441,0.7733739719983498,0.7899328789163469
CCM2_Glu51Ala,0,0,false,0,0,false,0.8185886621933278,0.8498806507984513,0.8342346564958896
F9_Val374Phe,0,0,false,0,0,false,0.802352315962314,0.8886092544634232,0.8454807852128686
F9_Ile136Thr,0,0,false,0,0,false,0.673030648296955,0.7052190866359288,0.6891248674664419
CCM2_Ser416Ala,0,0,false,0,0,false,0.7841266108786552,0.7638620207401008,0.773994315809378
SDHD_Val111Ile,0,0,false,0,0,false,0.7197309821074369,0.8831303715286605,0.8014306768180487
RPS19_Val15Phe,0,0,false,0,0,false,0.8981160057662907,0.9173255485788965,0.9077207771725936
BRIP1_Val76Ile,0,0,false,0,0,false,0.6731480580521042,0.6764891815029795,0.6748186197775419
CCM2_Glu66Lys,0,0,false,0,0,false,0.8755487837053314,0.8777804816466793,0.8766646326760054
CCM2_Pro77Gln,0,0,false,0,0,false,0.8505864762423195,0.6140702578235324,0.7323283670329259
BAP1_Pro12Thr,0,0,false,0,0,false,0.6437854650790235,0.6351656876991867,0.6394755763891051
FH_Arg233Leu,0,0,false,0,0,false,0.7205268032862571,0.69855261265139,0.7095397079688235
BRCA1_Glu116Lys,1,0,false,0,0,false,0.9519226502253639,0.8720732274871875,0.9119979388562758
SDHD_His102Leu,0,1,false,0,0,false,0.9381400157371114,0.9527092880084899,0.9454246518728007
CCM2_Met424Ile,0,0,false,0,0,false,0.8028101692593124,0.8278111675962068,0.8153106684277596
BRCA1_Thr581Ile,1,1,true,0,1,false,0.9617341429430188,0.9723372998209778,0.9670357213819983
BAP1_Arg718Gln,0,0,false,0,0,false,0.5700899595063859,0.6233743242745674,0.5967321418904766
CCM2_Asp301Gly,0,1,false,0,0,false,0.8985950667090389,0.9375446883925206,0.9180698775507797
BRCA1_Ala102Gly,1,0,false,0,0,false,0.9649037055693481,0.9172671299391097,0.9410854177542289
CCM2_Ala149Thr,0,0,false,0,0,false,0.8480422326984834,0.5727889678674378,0.7104156002829607
FANCC_Asp195Val,0,0,false,0,0,false,0.8959693048993332,0.8875135436883358,0.8917414242938345
CCM2_Ala205Asp,0,0,false,0,0,false,0.8572629931239802,0.8797178144443047,0.8684904037841426
F9_Arg294Gln,0,0,false,0,0,false,0.9085594111787956,0.869780174195553,0.8891697926871742
BRAF_Phe468Ser,0,0,false,0,0,false,0.6931227660608306,0.6993882351754044,0.6962555006181175
BRCA1_Ser186Tyr,1,1,true,0,1,false,0.9891091271413341,0.9867512743655017,0.9879302007534179
F9_Cys335Tyr,0,0,false,0,0,false,0.8604436111266539,0.891529193226357,0.8759864021765055
CCM2_Gly8Ser,0,0,false,0,0,false,0.9081256176370985,0.8433618795509398,0.8757437485940192
CCM2_His364Tyr,0,0,false,0,0,false,0.8499117079455979,0.7938092610625227,0.8218604845040602
FH_Ser419Pro,0,0,false,0,0,false,0.8950052648966569,0.9176128966731075,0.9063090807848821
FARS2_Thr246Met,0,0,false,0,0,false,0.7472986977081443,0.8243738879775552,0.7858362928428497
FARS2_Arg419Cys,0,0,false,0,0,false,0.6559214897792586,0.7692521210008939,0.7125868053900762
BRIP1_Leu195Pro,0,0,false,0,0,false,0.6998852237962895,0.7070030808612925,0.703444152328791
F9_Arg384Pro,0,0,false,0,0,false,0.6578265106439414,0.6399176903188355,0.6488721004813884
SDHD_His50Asp,1,0,false,0,0,false,0.9562213211632515,0.9073025499216885,0.93176193554247
CCM2_Thr74Met,0,0,false,0,0,false,0.7636761617853373,0.8518714342399316,0.8077737980126345
CCM2_Ser408Arg,0,0,false,0,0,false,0.8975630432222145,0.8104171706833587,0.8539901069527867
CCM2_Ser202Arg,0,0,false,0,0,false,0.8740163601069599,0.7281359243789243,0.8010761422429421
BRCA1_Cys64Ser,0,0,false,0,0,false,0.7189477005715086,0.7219623155263104,0.7204550080489095
CTCF_Asp46Asn,0,0,false,0,0,false,0.7164137896266487,0.6534449308500725,0.6849293602383606
CCM2_Gly407Asp,0,0,false,0,0,false,0.9056661986514077,0.7714221848104298,0.8385441917309188
BAP1_Glu31Lys,0,0,false,0,0,false,0.5492657033647534,0.6718865866645662,0.6105761450146598
CCM2_Asp411Asn,0,0,false,0,0,false,0.8067232769299743,0.6957482280746101,0.7512357525022921
RAF1_Thr491Ile,0,0,false,0,0,false,0.7233804167785814,0.727770857023925,0.7255756369012532
FARS2_Ser57Cys,0,0,false,0,0,false,0.6904932126070964,0.6095850052596933,0.6500391089333948
BAP1_Ser596Gly,0,0,false,0,0,false,0.5627001908311333,0.4605114732564167,0.5116058320437751
FARS2_His135Asp,0,0,false,0,0,false,0.8122260731565495,0.6686704150526575,0.7404482441046034
CCM2_Arg412Trp,0,0,false,0,0,false,0.8681354772492146,0.8982963614227115,0.883215919335963
CCM2_Arg412Gln,0,0,false,0,0,false,0.7890990076484503,0.7226812192964533,0.7558901134724518
CCM2_Ala179Thr,0,0,false,0,0,false,0.8221192403284294,0.7367193808249026,0.779419310576666
RET_Val262Ala,0,0,false,0,0,false,0.8840339082178769,0.7323775022120607,0.8082057052149687
F9_His282Tyr,0,0,false,0,0,false,0.7778573689367987,0.8145010085051057,0.7961791887209522
F9_Glu73Val,0,0,false,0,0,false,0.7374140901317079,0.6333586778794495,0.6853863840055787
CCM2_Asp440Asn,0,0,false,0,0,false,0.8389139774960984,0.8908293918543126,0.8648716846752056
BRCA1_His239Arg,1,1,true,0,0,false,0.9549275984709393,0.9666856808301896,0.9608066396505645
F9_Glu73Lys,0,0,false,0,0,false,0.6126236306187102,0.6407482624631967,0.6266859465409534
F9_Thr194Ala,0,0,false,0,0,false,0.7618889422663242,0.7736982035283106,0.7677935728973174
RAD51D_Gly289Ser,0,1,false,0,0,false,0.8825882918074114,0.9512940765792127,0.916941184193312
SOS2_Pro1318Ser,0,0,false,0,0,false,0.745988592406421,0.910307686853788,0.8281481396301045
CCM2_Glu223Val,0,0,false,0,0,false,0.8371951582814438,0.8691795527908852,0.8531873555361644
RAD51D_Met308Val,1,1,true,0,1,false,0.9746801363316713,0.987975692054751,0.9813279141932112
BRCA1_Ser611Arg,1,1,true,0,1,false,0.949490270032494,0.9789850450005839,0.964237657516539
CCM2_Gly188Arg,0,0,false,0,0,false,0.8285154921519627,0.5851725487470205,0.7068440204494917
CCM2_Lys65Glu,0,0,false,0,0,false,0.8706351683185498,0.8065018108192943,0.838568489568922
CCM2_Glu2Lys,0,0,false,0,0,false,0.9425428441292141,0.9121710012947705,0.9273569227119922
CCM2_Gly418Glu,0,0,false,0,0,false,0.9113186678554775,0.9074171118925034,0.9093678898739905
BRCA1_Val275Ile,0,1,false,0,1,false,0.7702698951602724,0.9940636425450285,0.8821667688526504
CCM2_Leu212Val,0,0,false,0,0,false,0.8386666802497972,0.7649216489107782,0.8017941645802877
RET_Gly321Arg,1,0,false,0,0,false,0.9512187140707647,0.7488623181549918,0.8500405161128783
CCM2_Gly24Asp,0,1,false,0,0,false,0.9298496433458125,0.966128272271281,0.9479889578085468
BRAF_Gln262Lys,0,0,false,0,0,false,0.8146385969778781,0.6069403394663526,0.7107894682221154
BRCA1_Cys64Tyr,0,1,false,0,1,false,0.7593569849355692,0.9870125638742568,0.873184774404913
CCM2_Ser398Tyr,0,0,false,0,0,false,0.9220658454855952,0.8205439346538076,0.8713048900697014
CCM2_Thr296Ala,0,0,false,0,0,false,0.9117535647425442,0.7428115360898003,0.8272825504161723
FH_Arg101Pro,0,1,false,0,0,false,0.9219469434032179,0.9332433100380673,0.9275951267206426
CTCF_Arg342Gly,0,0,false,0,0,false,0.823922261253352,0.8076678706202,0.815795065936776
ZC4H2_Leu66His,1,1,true,0,1,false,0.9752995486173831,0.9883638761388648,0.9818317123781239
CCM2_Ala295Thr,0,0,false,0,0,false,0.8725171077591586,0.808891148294791,0.8407041280269748
CCM2_Pro55Ala,0,0,false,0,0,false,0.90364368041832,0.8338540802862262,0.8687488803522732
RET_Thr338Ile,0,0,false,0,0,false,0.5926499598947482,0.9205832086026784,0.7566165842487134
CCM2_Ala205Thr,0,0,false,0,0,false,0.8144176461830356,0.5907865945615188,0.7026021203722772
CCM2_His364Arg,0,0,false,0,0,false,0.8767600968708793,0.7908518801358031,0.8338059885033412
SDHD_His102Pro,1,0,false,0,0,false,0.9480011311043718,0.8962418338637648,0.9221214824840682
FARS2_His84Pro,0,0,false,0,0,false,0.8066052962232809,0.797309862871002,0.8019575795471414
FH_Asn340Lys,1,,,0,,false,0.9632640191032386,,
CCM2_Gly379Ser,0,1,false,0,0,false,0.9436619120919408,0.9437731179770669,0.9437175150345039
RAD51D_Val132Ile,0,0,false,0,0,false,0.9427350272896435,0.9283992779700836,0.9355671526298636
CCM2_Asp442Asn,0,0,false,0,0,false,0.8901089149557778,0.880763804558331,0.8854363597570545
F9_Glu27Lys,0,0,false,0,0,false,0.733824328613967,0.670765353720995,0.702294841167481
SDHD_Tyr114Cys,0,0,false,0,0,false,0.7870337879673006,0.7336722800916803,0.7603530340294904
BRCA1_His299Tyr,1,1,true,0,1,false,0.9749079994982701,0.9865447508415817,0.9807263751699259
CCM2_Arg423Pro,0,0,false,0,0,false,0.9222362226983946,0.9137098040807797,0.9179730133895871
BRCA1_Thr37Lys,0,1,false,0,0,false,0.8792001815247644,0.9543367207758721,0.9167684511503182
BAP1_Cys91Gly,0,0,false,0,0,false,0.795822950306513,0.8950993774317042,0.8454611638691085
SDHD_Gly138Val,0,0,false,0,0,false,0.8371611674748377,0.8722665348804463,0.854713851177642
FARS2_Tyr144Cys,0,0,false,0,0,false,0.7433070910902596,0.782555014921668,0.7629310530059639
F9_Pro333Leu,,0,false,,0,false,,0.9315337174178693,
F9_Asp410His,0,0,false,0,0,false,0.6830241641625603,0.7745370214892127,0.7287805928258865
BRCA1_Met1Ile,1,1,true,0,1,false,0.9890790736252655,0.9841944238913661,0.9866367487583159
RAD51D_Thr328Ile,0,1,false,0,0,false,0.8935058931837492,0.9579251898475452,0.9257155415156472
BRCA1_Phe591Leu,0,1,false,0,0,false,0.8871382643932934,0.9508716312140828,0.9190049478036881
RAF1_Leu613Val,0,,false,0,,false,0.7788606988716829,,
BRCA1_Met548Ile,1,1,true,0,1,false,0.9557560006145543,0.9882025107135686,0.9719792556640614
CCM2_Ser84Asn,0,0,false,0,0,false,0.8094813020778583,0.9056796017520835,0.8575804519149709
CCM2_Ile131Asn,0,0,false,0,0,false,0.8748332819505222,0.7706399777166885,0.8227366298336054
CCM2_Gln72Arg,0,0,false,0,0,false,0.8251264733635165,0.8409806560931491,0.8330535647283328
FARS2_Ile388Ser,0,0,false,0,0,false,0.7678373906321424,0.7762661569413991,0.7720517737867707
CCM2_Ser183Leu,0,0,false,0,0,false,0.9009898968748039,0.9253586648450645,0.9131742808599341
ZC4H2_Lys217Arg,0,0,false,0,0,false,0.9120649636540208,0.8982282622915231,0.9051466129727719
FARS2_Gly3Val,0,0,false,0,0,false,0.6785107013649005,0.7504674270590193,0.7144890642119599
RAD51D_Val66Leu,0,0,false,0,0,false,0.8769572018758964,0.6884580734740696,0.7827076376749831
CCM2_Thr241Ile,0,0,false,0,0,false,0.8789975783274349,0.8976007959972826,0.8882991871623587
CCM2_Arg346His,0,0,false,0,0,false,0.8726642113439711,0.7520149223954414,0.8123395668697062
SHOC2_Gly53Arg,0,0,false,0,0,false,0.7687754072288939,0.8162824578848482,0.7925289325568711
SHOC2_Ser57Phe,0,0,false,0,0,false,0.5861049791074834,0.9234824052972537,0.7547936922023686
BRAF_Lys499Asn,0,0,false,0,0,false,0.7623872845325846,0.6880806223967423,0.7252339534646635
BRCA1_Arg71Gly,0,1,false,0,1,false,0.9119236688191354,0.9809606129506918,0.9464421408849136
CCM2_Ser164Phe,0,0,false,0,0,false,0.9205190303733387,0.7731140022278594,0.8468165163005991
BRCA1_Phe558Ser,1,1,true,0,1,false,0.9572502165200717,0.9816134932174742,0.9694318548687729
CCM2_Glu333Val,0,0,false,0,0,false,0.8660216972324427,0.7138341059695748,0.7899279016010088
RPS19_Arg101His,0,0,false,0,0,false,0.6890256185775911,0.6485003411903558,0.6687629798839735
F9_Phe395Ile,0,0,false,0,0,false,0.8195747191013218,0.8863257136043384,0.8529502163528302
FH_Ala308Thr,1,1,true,0,0,false,0.9518229092496397,0.9551586938342534,0.9534908015419465
BRAF_Val600Gly,0,0,false,0,0,false,0.742019466013257,0.9277834274342123,0.8349014467237346
F9_Ile7Phe,0,0,false,0,0,false,0.7516638087602934,0.6709982643362411,0.7113310365482672
SDHD_Ala90Val,0,0,false,0,0,false,0.726195561365361,0.7141598576600099,0.7201777095126854
SDHD_Asp92Gly,0,0,false,0,0,false,0.9084642845176677,0.7671661805653115,0.8378152325414896
ABCD1_Arg389Gly,0,0,false,0,0,false,0.6603323432592614,0.8889883508748937,0.7746603470670775
SOS2_Val869Ile,1,1,true,0,1,false,0.9811042106268615,0.9931706805698124,0.9871374455983369
CCM2_Pro102Leu,0,0,false,0,0,false,0.8044387673107026,0.8151068421159545,0.8097728047133286
F9_Asn166Tyr,0,0,false,0,0,false,0.85055398051898,0.885324051839863,0.8679390161794215
CCM2_Thr86Ser,0,0,false,0,0,false,0.8414527796037204,0.88483779395539,0.8631452867795553
F9_Ser411Ile,0,0,false,0,0,false,0.49912756256391044,0.6116093581473607,0.5553684603556356
CCM2_Glu417Gly,0,0,false,0,0,false,0.8492722548228495,0.8447339721506523,0.8470031134867508
CCM2_Ser143Phe,0,0,false,0,0,false,0.8355939379019995,0.6545856432191413,0.7450897905605705
SDHD_Arg70Thr,0,0,false,0,0,false,0.890962358682571,0.804810928005952,0.8478866433442616
CCM2_Thr394Ser,0,0,false,0,0,false,0.9247765392693418,0.852894215104604,0.8888353771869728
CCM2_Arg19Gln,0,1,false,0,0,false,0.8886938896411096,0.9502034379783503,0.9194486638097299
BRAF_Asp565Glu,0,0,false,0,0,false,0.6391403118674894,0.6767628059356723,0.6579515589015809
CCM2_Glu264Asp,0,0,false,0,0,false,0.8886655821799151,0.7946928238765701,0.8416792030282426
ZC4H2_Ala157Thr,0,1,false,0,0,false,0.9021636911526654,0.9466316452432798,0.9243976681979726
F9_Arg3His,0,0,false,0,0,false,0.5529304178271445,0.6424023932064375,0.5976664055167911
BRAF_Gly464Val,0,0,false,0,0,false,0.8736790115577736,0.7329588157391633,0.8033189136484684
F9_Cys407Arg,0,0,false,0,0,false,0.7994653617496963,0.7981677228468611,0.7988165422982787
CCM2_Ile432Thr,1,1,true,0,0,false,0.958594833639617,0.9415907402739742,0.9500927869567956
CCM2_Gly176Val,0,0,false,0,0,false,0.8554961134111783,0.7903943182451166,0.8229452158281474
F9_Ala233Thr,0,0,false,0,0,false,0.7182219560398473,0.8996715909237751,0.8089467734818112
RPS19_Gly127Glu,0,0,false,0,0,false,0.9121475347492455,0.8938388316256192,0.9029931831874323
BRCA1_Glu455Lys,0,0,false,0,0,false,0.9392603930163101,0.9331208421321344,0.9361906175742223
SHOC2_Ser2Gly,0,,false,0,,false,0.9103892689734077,,
F9_Arg384Leu,0,0,false,0,0,false,0.5799290743206506,0.6599662569399136,0.619947665630282
F9_Gly442Arg,0,0,false,0,0,false,0.7642515512449607,0.49661279308477535,0.630432172164868
CCM2_Pro77Ser,0,0,false,0,0,false,0.8889470625685826,0.8582184151735334,0.873582738871058
CCM2_Arg40His,0,0,false,0,0,false,0.8860561419954439,0.76807152875711,0.8270638353762769
BRCA1_Gly666Val,0,1,false,0,0,false,0.9150813611590665,0.9412095699512582,0.9281454655551623
BRCA1_Arg71Lys,0,1,false,0,1,false,0.9024167501696188,0.9745554138250025,0.9384860819973107
CCM2_Gln218Arg,1,0,false,0,0,false,0.9558874595197281,0.8815407622727084,0.9187141108962182
BRAF_Leu485Phe,0,0,false,0,0,false,0.6268169169653752,0.6586304615480807,0.642723689256728
SHOC2_Ile112Thr,0,0,false,0,0,false,0.720513982024652,0.8693878114030118,0.7949508967138319
CCM2_Ala237Val,0,0,false,0,0,false,0.7561866175946094,0.718402302492934,0.7372944600437716
F9_Cys396Ser,0,0,false,0,0,false,0.7750108713714473,0.8542198494344126,0.81461536040293
CCM2_Glu366Lys,0,0,false,0,0,false,0.9325580530289952,0.8916207768325431,0.9120894149307692
SHOC2_Ser403Gly,0,0,false,0,0,false,0.8293676270278348,0.8894980577124589,0.8594328423701469
G6PD_Glu398Lys,0,0,false,0,0,false,0.754685069336219,0.6481168129234808,0.7014009411298499
CCM2_Gly5Ser,0,1,false,0,0,false,0.7604764401188558,0.9508390337242151,0.8556577369215355
LMNA_Arg41His,0,1,false,0,1,false,0.9287920510754318,0.9723880485089806,0.9505900497922062
RET_Arg313Gln,0,0,false,0,0,false,0.7379005221049658,0.8951382626290518,0.8165193923670089
BRCA1_Pro510Ser,0,1,false,0,1,false,0.9339901222773391,0.9797877565913151,0.9568889394343272
RET_Pro64Leu,1,0,false,0,0,false,0.9760410272134588,0.7596773926946224,0.8678592099540405
CCM2_Gly103Arg,0,0,false,0,0,false,0.9411135036255454,0.8742651870035496,0.9076893453145475
RAF1_Cys95Trp,0,0,false,0,0,false,0.7165035141792934,0.9072275184425841,0.8118655163109387
CCM2_Asp129His,0,0,false,0,0,false,0.8527925990592792,0.7713870478727435,0.8120898234660113
CTCF_Arg567Leu,0,0,false,0,0,false,0.518320484133521,0.5631671404073328,0.5407438122704269
RET_Val292Met,0,0,false,0,0,false,0.8053184200824319,0.7615852880624969,0.7834518540724644
SDHD_Phe34Cys,0,0,false,0,0,false,0.9395293461461559,0.8552886373350626,0.8974089917406092
RET_Arg330Gln,1,0,false,0,0,false,0.9826078401369326,0.8397761269106413,0.9111919835237869
BRAF_Glu501Val,0,0,false,0,0,false,0.6066647733033534,0.5577070481243924,0.5821859107138729
BRIP1_Ser520Thr,0,0,false,0,0,false,0.6362999541312206,0.7157303902993957,0.6760151722153082
RAF1_Thr491Arg,0,0,false,0,0,false,0.7156887829290858,0.7287510440410226,0.7222199134850542
GSS_Arg125Cys,0,0,false,0,0,false,0.7237004988017183,0.649187245267796,0.6864438720347572
BAP1_Thr93Ala,0,0,false,0,0,false,0.6892093396316892,0.6351488821939886,0.6621791109128389
CCM2_Asp411Glu,0,0,false,0,0,false,0.836509320374028,0.6926362619149529,0.7645727911444904
SDHD_Ile31Val,0,0,false,0,0,false,0.7855611845527318,0.788634996757791,0.7870980906552614
CCM2_Glu108Gly,0,0,false,0,0,false,0.9245952216174352,0.8609807378935155,0.8927879797554754
SDHD_Ala90Glu,0,0,false,0,0,false,0.823567738429494,0.8272352207088102,0.8254014795691521
CCM2_Tyr221Asp,0,0,false,0,0,false,0.8415277304835217,0.8855049896581981,0.86351636007086
CTCF_Arg342Cys,0,0,false,0,0,false,0.6956161388840096,0.709388113297629,0.7025021260908193
RAD51D_Ala231Ser,0,1,false,0,0,false,0.779002624690744,0.9370644171431224,0.8580335209169332
CCM2_Asn94Ser,0,0,false,0,0,false,0.8924899049491576,0.8319754123771598,0.8622326586631587
CCM2_Asp61Asn,0,0,false,0,0,false,0.8698441139984657,0.7784942275144039,0.8241691707564348
CCM2_Gly214Cys,0,0,false,0,0,false,0.8119791148468725,0.8180135020579464,0.8149963084524094
FH_Leu303Ser,0,0,false,0,0,false,0.9118880825508586,0.7610136797967357,0.8364508811737972
CCM2_Glu201Asp,0,0,false,0,0,false,0.8083235260424709,0.6468752583143896,0.7275993921784303
F9_Val257Ile,0,0,false,0,0,false,0.6876251281328446,0.7286489606287152,0.70813704438078
RAD51D_Val56Gly,0,0,false,0,0,false,0.8287716597985677,0.6306652566123854,0.7297184582054765
F9_Cys28Arg,1,1,true,0,1,false,0.960788624807321,0.9778662449863682,0.9693274348968446
CCM2_Leu392Val,0,0,false,0,0,false,0.9290847090376472,0.7959564340315386,0.8625205715345929
CCM2_Ser83Phe,0,0,false,0,0,false,0.8584060721045254,0.7237715623192275,0.7910888172118764
CCM2_Ile92Thr,0,0,false,0,0,false,0.8592856917339328,0.9036843108542638,0.8814850012940982
CCM2_Asp110Asn,0,0,false,0,0,false,0.9127562838710984,0.7785639311866132,0.8456601075288558
BRAF_Gly469Glu,0,0,false,0,0,false,0.8787096855905449,0.9098661414429015,0.8942879135167232
CCM2_Tyr261Asp,1,0,false,0,0,false,0.9768222528083336,0.8142000128772228,0.8955111328427782
F9_Cys335Trp,0,0,false,0,0,false,0.792682624193488,0.8675707348899288,0.8301266795417084
RAF1_Asp381Asn,0,0,false,0,0,false,0.5972816925458017,0.7245594930743811,0.6609205928100914
CCM2_Glu366Gln,0,0,false,0,0,false,0.9423350574057411,0.8543235681911813,0.8983293127984612
FH_Arg160Gly,1,,,1,,,0.9927809552237875,,
RAF1_Pro225Ser,0,0,false,0,0,false,0.7688429176710421,0.7539172573256406,0.7613800874983414
CCM2_Val216Ala,0,0,false,0,0,false,0.8301940983458639,0.5974610540555879,0.7138275762007259
BRCA1_Cys39Arg,0,1,false,0,0,false,0.9371120204690024,0.9615767892708877,0.9493444048699451
BRCA1_Arg391Met,1,1,true,0,1,false,0.9866899917271708,0.9773906371032913,0.982040314415231
CCM2_Asp419Tyr,0,0,false,0,0,false,0.8357541672609913,0.7982546184867229,0.8170043928738571
RAD51D_Glu307Lys,1,1,true,0,1,false,0.9765785759640803,0.9824305982077703,0.9795045870859254
SHOC2_Gln269Arg,0,0,false,0,0,false,0.5990108450587132,0.5574465641286752,0.5782287045936942
BRIP1_His587Arg,0,0,false,0,0,false,0.6867968081920343,0.7098055259549884,0.6983011670735113
FH_Gln376Pro,0,1,false,0,0,false,0.9209322629506538,0.9546566583557993,0.9377944606532265
BRCA1_Glu143Lys,0,0,false,0,0,false,0.936478711330349,0.9218913473514789,0.929185029340914
CCM2_Pro281Ser,0,0,false,0,0,false,0.8023933501645102,0.7411340863890951,0.7717637182768027
BRCA1_Cys44Tyr,0,1,false,0,0,false,0.8244578506765782,0.9649343906044164,0.8946961206404973
CCM2_Glu290Lys,0,0,false,0,0,false,0.7787475629287909,0.7447729137388582,0.7617602383338246
CCM2_Ile130Val,0,0,false,0,0,false,0.7935695693513183,0.7348658984263915,0.7642177338888549
CCM2_Pro165Ala,0,0,false,0,0,false,0.9055414988004696,0.8273766065626831,0.8664590526815763
CCM2_Thr395Ile,0,0,false,0,0,false,0.9205114019985086,0.8262420290934381,0.8733767155459733
RAD51D_Arg165Gln,0,1,false,0,0,false,0.8498909586148119,0.9448715878739475,0.8973812732443798
CCM2_Ala140Thr,0,0,false,0,0,false,0.8673134161036461,0.7693134880204227,0.8183134520620343
FARS2_Ile329Thr,0,0,false,0,0,false,0.8337499264828268,0.7992589702340727,0.8165044483584497
BAP1_Asn290Ser,0,0,false,0,0,false,0.5879716163221951,0.7551754642481316,0.6715735402851634
SHOC2_Glu13Ala,1,0,false,0,0,false,0.966785908068938,0.5905716697947689,0.7786787889318535
F9_Glu79Asp,0,0,false,0,0,false,0.7401965367721299,0.6759135609235649,0.7080550488478474
CCM2_Tyr118Phe,0,0,false,0,0,false,0.8884241685453723,0.7390270298147206,0.8137255991800465
RAD51D_Glu233Gly,0,0,false,0,0,false,0.9066849961213046,0.9315224387652209,0.9191037174432628
CCM2_Arg52Cys,0,0,false,0,0,false,0.8598008454787301,0.6705828315342461,0.7651918385064882
F9_Lys39Arg,0,0,false,0,0,false,0.3994524764064396,0.5343461246836168,0.46689930054502815
CCM2_His247Asp,0,0,false,0,0,false,0.8279058710801092,0.8583975647930066,0.8431517179365579
CCM2_Asn81Lys,0,0,false,0,0,false,0.8804055242976636,0.8135260990064168,0.8469658116520402
CCM2_His151Tyr,1,0,false,0,0,false,0.9568087684142368,0.8344430419081285,0.8956259051611826
F9_Pro414Thr,0,0,false,0,0,false,0.6850563500483203,0.5000063947567659,0.5925313724025432
CCM2_Arg346Cys,0,0,false,0,0,false,0.8715094149958119,0.7992404299276873,0.8353749224617496
FLCN_Arg239Cys,0,0,false,0,0,false,0.9041886224631396,0.8848038913580585,0.894496256910599
F9_Trp453Arg,0,0,false,0,0,false,0.8354864060599599,0.9169112565921076,0.8761988313260338
RET_Arg67His,0,0,false,0,0,false,0.9125810420403285,0.6547224220000333,0.7836517320201809
RAD51D_Val28Leu,1,1,true,0,0,false,0.9477089800607024,0.9680219306510565,0.9578654553558794
CCM2_Thr86Ile,0,0,false,0,0,false,0.9278166504722206,0.8869044717308222,0.9073605611015214
CCM2_Lys23Arg,0,0,false,0,0,false,0.8304097881054551,0.8989401159142333,0.8646749520098442
F9_Asp110Asn,0,0,false,0,0,false,0.87815365726247,0.7560306095986086,0.8170921334305392
FH_Leu507Pro,1,,,0,,false,0.9782635227503732,,
F9_His282Arg,0,0,false,0,0,false,0.8421319766343551,0.8371853003467626,0.8396586384905589
BRCA1_His41Arg,0,1,false,0,1,false,0.6385853229034477,0.9804317122724854,0.8095085175879666
CCM2_Ala205Ser,0,0,false,0,0,false,0.926529025679612,0.7336444328540405,0.8300867292668263
SHOC2_Thr205Ala,0,0,false,0,0,false,0.7631580315275811,0.7882655763071058,0.7757118039173434
CCM2_Arg40Cys,0,0,false,0,0,false,0.7764096433201805,0.9290102074602288,0.8527099253902046
LMNA_Arg335Trp,0,0,false,0,0,false,0.6641384677519655,0.7028534388956819,0.6834959533238236
BRCA1_Arg595Gln,0,1,false,0,0,false,0.8902121761198842,0.9559417941341498,0.9230769851270171
RAD51D_Arg55Trp,0,0,false,0,0,false,0.6615307574655238,0.6637786417422724,0.6626546996038981
CTCF_Arg567Trp,1,1,true,0,1,false,0.98291111648267,0.9836805419035566,0.9832958291931133
CCM2_Gly436Ser,0,0,false,0,0,false,0.8075317837355732,0.7961425650646584,0.8018371744001158
CCM2_His137Arg,0,0,false,0,0,false,0.7851685039514459,0.6667856855850248,0.7259770947682354
CCM2_Met439Ile,0,0,false,0,0,false,0.9409044361064745,0.8392179038293791,0.8900611699679268
RAD51D_Cys9Ser,0,0,false,0,0,false,0.818850060236358,0.9291992671149147,0.8740246636756364
CCM2_Ser251Tyr,0,0,false,0,0,false,0.839611845581295,0.8947366051185094,0.8671742253499022
BRCA1_Asn132Lys,1,1,true,0,0,false,0.9817695717721739,0.9713533990828885,0.9765614854275313
BRAF_Gln257Arg,0,0,false,0,0,false,0.7098961831331446,0.725016897765799,0.7174565404494718
CCM2_Leu195Pro,0,0,false,0,0,false,0.840994886058129,0.7709650968107554,0.8059799914344422
CCM2_Glu54Lys,0,0,false,0,0,false,0.8107244583036942,0.8075933020999447,0.8091588802018195
FH_Arg233Cys,0,0,false,0,0,false,0.7275652312524326,0.7904062805896533,0.7589857559210429
CCM2_Leu182Pro,0,0,false,0,0,false,0.8840965548969967,0.8602452672710469,0.8721709110840218
CCM2_Asp126Glu,0,0,false,0,0,false,0.8172547660849215,0.8604505384041596,0.8388526522445405
F9_Arg191His,0,0,false,0,0,false,0.7258636421458928,0.7796959713141005,0.7527798067299967
BAP1_Arg59Pro,0,0,false,0,0,false,0.8386750927350094,0.9068011608930485,0.872738126814029
LMNA_Arg377Leu,1,1,true,1,1,true,0.9899325537451653,0.992536651994558,0.9912346028698616
