allele_0,Altered_Mito_95_batch14,Altered_Mito_95_batch13,Altered_Mito_95_both_batches,Altered_Mito_99_batch14,Altered_Mito_99_batch13,Altered_Mito_99_both_batches,AUROC_batch14,AUROC_batch13,AUROC_Mean
FANCC_Leu496Arg,0,0,false,0,0,false,0.732875646868309,0.759886081077416,0.7463808639728624
RHO_Arg135Trp,0,0,false,0,0,false,0.8837074137181182,0.8320641550006045,0.8578857843593614
RPS19_Gly127Glu,0,0,false,0,0,false,0.6560465173816071,0.7808952783934419,0.7184708978875245
BRCA1_Thr581Ile,1,1,true,1,0,false,0.981733040467635,0.9589985437299934,0.9703657920988142
RAF1_Asp381Asn,0,0,false,0,0,false,0.7253940206430477,0.5802714429576097,0.6528327318003286
CCM2_Glu66Lys,0,0,false,0,0,false,0.6733246102737552,0.7385137971667549,0.7059192037202551
CCM2_Ile136Val,0,0,false,0,0,false,0.7312369958352225,0.8173055962495454,0.7742712960423839
F9_Ser406Leu,1,0,false,0,0,false,0.9303344351354367,0.9106232951120563,0.9204788651237465
CCM2_Thr106Ile,0,0,false,0,0,false,0.830795438392189,0.9160883370603153,0.8734418877262522
CCM2_Thr267Asn,0,0,false,0,0,false,0.6103520102602819,0.78436471305216,0.6973583616562209
CCM2_His109Arg,0,0,false,0,0,false,0.789751989995659,0.8272496570877411,0.8085008235417
CCM2_Pro240Leu,0,1,false,0,0,false,0.718378750880588,0.9332717066643905,0.8258252287724892
RAD51D_Val132Ile,0,0,false,0,0,false,0.9004256312888846,0.8911797977962558,0.8958027145425702
BRCA1_Cys44Tyr,1,0,false,1,0,false,0.9644898930787205,0.818450024987956,0.8914699590333383
SDHD_Glu69Lys,0,0,false,0,0,false,0.8516775685667375,0.8656828992347865,0.858680233900762
BRIP1_Arg848His,0,0,false,0,0,false,0.7871134502452469,0.7411213691945915,0.7641174097199193
CCM2_Asp410His,0,0,false,0,0,false,0.5975462754160801,0.7372807373417202,0.6674135063789002
CCM2_Met439Ile,0,1,false,0,0,false,0.7374436675267244,0.9229011113350886,0.8301723894309065
BRCA1_Leu660Pro,0,0,false,0,0,false,0.5248565883140034,0.8175364849567596,0.6711965366353815
CCM2_Gly162Glu,0,0,false,0,0,false,0.6697504909537657,0.7267168680307972,0.6982336794922814
BRCA1_Leu460Pro,1,0,false,1,0,false,0.9759960415390028,0.8636108939420224,0.9198034677405126
BRCA1_Thr587Arg,1,1,true,0,0,false,0.9342270942958103,0.9203457915283378,0.9272864429120741
BRAF_Gln262Lys,0,0,false,0,0,false,0.5994171462725808,0.8111760050072325,0.7052965756399067
CCM2_His364Arg,0,0,false,0,0,false,0.7339611657135237,0.8684513245483606,0.8012062451309421
BRCA1_Val632Ala,1,0,false,1,0,false,0.9743807855057294,0.9071847955079864,0.9407827905068579
RET_Arg313Gln,0,0,false,0,0,false,0.8553161569631997,0.7138969744602028,0.7846065657117013
KRAS_Asp153Val,0,1,false,0,0,false,0.7064962014175913,0.9469665425188738,0.8267313719682325
SHOC2_Ser4Arg,0,0,false,0,0,false,0.7384748801916645,0.9104517908335461,0.8244633355126053
CCM2_Ile92Thr,0,0,false,0,0,false,0.7877346039163884,0.7969065808002557,0.7923205923583221
BAP1_Ser596Gly,0,0,false,0,0,false,0.46599870798973486,0.5484086423669898,0.5072036751783624
BRAF_Val600Gly,0,0,false,0,0,false,0.913038835233034,0.7208075550778117,0.8169231951554228
ZC4H2_Arg18Lys,0,0,false,0,0,false,0.7601236958637989,0.7953567147551388,0.7777402053094689
FH_Ala308Thr,0,0,false,0,0,false,0.7839254406226488,0.8130378827399424,0.7984816616812955
CCM2_Ser83Phe,0,0,false,0,0,false,0.657254645010695,0.752340828271766,0.7047977366412305
SDHD_His50Asp,0,1,false,0,0,false,0.8886323659180649,0.9389828269484224,0.9138075964332437
CCM2_Gly436Ser,0,0,false,0,0,false,0.7232991321574719,0.7473146711358881,0.73530690164668
F9_Cys134Ser,0,0,false,0,0,false,0.7666187599638423,0.7955354926672706,0.7810771263155565
F9_Val374Phe,0,0,false,0,0,false,0.7396787921466539,0.6948239362655813,0.7172513642061176
KRAS_Pro34Leu,1,0,false,1,0,false,0.960409445444532,0.5441585437798494,0.7522839946121906
KRAS_Tyr71His,,0,false,,0,false,,0.7113614261991815,
F9_Phe395Ile,0,0,false,0,0,false,0.7952195788372581,0.731867864477531,0.7635437216573946
F9_Ile7Phe,0,0,false,0,0,false,0.6608199493572496,0.7435014452432125,0.702160697300231
CCM2_Ala149Thr,0,0,false,0,0,false,0.5634161965799429,0.8278565618312029,0.6956363792055729
CTCF_Tyr226Cys,0,0,false,0,0,false,0.6361394054748498,0.7063639516047551,0.6712516785398024
CCM2_Ser408Arg,0,0,false,0,0,false,0.7413064580024897,0.8900796353511846,0.8156930466768372
BRCA1_Glu631Lys,1,0,false,1,0,false,0.9806104851640287,0.7055067494250622,0.8430586172945455
FARS2_His135Asp,0,0,false,0,0,false,0.6593311708431484,0.808802656129892,0.7340669134865202
CCM2_Ala140Thr,0,0,false,0,0,false,0.6528153683459689,0.7530557076116776,0.7029355379788232
FH_Gln376Pro,0,0,false,0,0,false,0.9032129428775161,0.7971076720866623,0.8501603074820892
GSS_Arg125Cys,0,0,false,0,0,false,0.6178854642843075,0.7237205515035117,0.6708030078939096
FH_His318Tyr,0,0,false,0,0,false,0.8200144101151954,0.7847294436951473,0.8023719269051713
BAP1_Arg59Pro,0,0,false,0,0,false,0.7863164852228179,0.5624687455584433,0.6743926153906306
RHO_Asp190Gly,0,0,false,0,0,false,0.8492012651742114,0.8131271567534948,0.8311642109638531
CCM2_Gly188Trp,0,0,false,0,0,false,0.672709620579926,0.7537200204494653,0.7132148205146956
ZC4H2_Ala157Thr,0,0,false,0,0,false,0.8257516801100818,0.7669612462454292,0.7963564631777555
RET_Leu56Met,0,0,false,0,0,false,0.711962971074207,0.9200787095677855,0.8160208403209963
CCM2_Lys30Glu,0,0,false,0,0,false,0.7354854081852685,0.8599433721031717,0.7977143901442201
F9_Asp110Gly,1,1,true,0,0,false,0.9204119203971438,0.9241457682184391,0.9222788443077914
BRCA1_Cys64Ser,0,0,false,0,0,false,0.7012631145658946,0.6876129392967809,0.6944380269313377
RAD51D_Glu233Gly,0,0,false,0,0,false,0.7223784126996879,0.6615710505618845,0.6919747316307863
ZC4H2_Arg198Gln,0,0,false,0,0,false,0.7891897691337797,0.6887889597556597,0.7389893644447196
CCM2_Glu108Gly,0,0,false,0,0,false,0.8028254519627448,0.889956418699739,0.8463909353312419
CCM2_Val45Gly,0,0,false,0,0,false,0.6844446235147298,0.767729171379458,0.7260868974470939
LMNA_Arg41His,1,0,false,0,0,false,0.9571115666476047,0.8718170175468134,0.914464292097209
F9_His282Tyr,0,0,false,0,0,false,0.8228765274341809,0.7426121995492405,0.7827443634917107
CCM2_Tyr261Asp,0,1,false,0,1,false,0.8026913759742756,0.9756580993696388,0.8891747376719572
CCM2_Thr395Ile,0,0,false,0,0,false,0.6715374297019432,0.8290364529535269,0.7502869413277351
BAP1_Glu31Lys,0,0,false,0,0,false,0.6703377533567383,0.5340248280437756,0.6021812907002569
BRCA1_Phe558Ser,1,1,true,1,0,false,0.98209372547332,0.9563589734068636,0.9692263494400918
RHO_Pro267Thr,1,0,false,0,0,false,0.9330203867221278,0.8434736360464458,0.8882470113842869
CCM2_Ser84Asn,0,0,false,0,0,false,0.8227978574331853,0.7379467247306395,0.7803722910819124
FARS2_Ser57Cys,0,0,false,0,0,false,0.5833854546065407,0.6928973308378735,0.638141392722207
CCM2_Arg389Trp,0,0,false,0,0,false,0.7410161571666026,0.8110516032804527,0.7760338802235276
RAD51D_Val66Met,0,0,false,0,0,false,0.6146586290769247,0.7070152821976963,0.6608369556373105
CCM2_Asp440Asn,0,0,false,0,0,false,0.8568576877422075,0.7406152021541929,0.7987364449482002
CCM2_Thr222Met,0,0,false,0,0,false,0.723768249320714,0.792576999640402,0.758172624480558
CCM2_Thr394Ser,0,0,false,0,0,false,0.8265099769481087,0.869084231872947,0.8477971044105279
CCM2_Tyr144Cys,0,0,false,0,0,false,0.5683009657069756,0.7810678116378976,0.6746843886724366
KRAS_Gly60Ser,0,1,false,0,0,false,0.5556423631771785,0.9530992205300095,0.754370791853594
CCM2_Gly214Cys,0,0,false,0,0,false,0.5672717703451182,0.6869577967893744,0.6271147835672464
F9_Cys335Tyr,0,0,false,0,0,false,0.7156188825903598,0.7998050253622162,0.757711953976288
CCM2_Phe91Ile,0,0,false,0,0,false,0.7370197461237895,0.8020799487118361,0.7695498474178128
BRCA1_Met1Thr,0,1,false,0,0,false,0.8639031178380439,0.9314631543046636,0.8976831360713537
SHOC2_Asn527Ser,0,0,false,0,0,false,0.8558740001158603,0.7324732846895445,0.7941736424027024
CCM2_Asn81Lys,0,0,false,0,0,false,0.7409824713447412,0.8044296570375109,0.7727060641911261
CCM2_Ile76Met,0,0,false,0,0,false,0.6942689945837314,0.8031410399595197,0.7487050172716255
SHOC2_Ile112Thr,0,0,false,0,0,false,0.8675327506957549,0.7232401534876636,0.7953864520917092
CCM2_Glu366Lys,0,0,false,0,0,false,0.8168767020464798,0.8525676274671459,0.8347221647568128
CCM2_Ala405Ser,0,0,false,0,0,false,0.7531777986651573,0.823510393035949,0.7883440958505532
CCM2_Gly103Arg,0,0,false,0,0,false,0.6775968391925564,0.8571566524243547,0.7673767458084555
CTCF_Arg342Cys,0,0,false,0,0,false,0.6971676445629643,0.6935269978333449,0.6953473211981547
RAF1_Asn71Ser,0,0,false,0,0,false,0.6940898720752657,0.608601440203894,0.6513456561395798
F9_Lys39Arg,0,0,false,0,0,false,0.512343481771982,0.4037405134979192,0.45804199763495057
BRCA1_Cys61Gly,1,1,true,0,1,false,0.9436241662598754,0.9649605572705774,0.9542923617652264
FARS2_Asn280Ser,0,0,false,0,0,false,0.8408615331635667,0.7446453550626021,0.7927534441130843
CCM2_Ala205Thr,0,0,false,0,0,false,0.5658600083020016,0.7711509726512104,0.6685054904766059
BRIP1_Ser520Thr,0,0,false,0,0,false,0.7173865081350393,0.6335329989076968,0.675459753521368
CCM2_Pro102Ser,0,0,false,0,0,false,0.8792764786779149,0.6917021437869356,0.7854893112324253
RAF1_Ser427Gly,0,0,false,0,0,false,0.8372263900035122,0.8363894604278438,0.8368079252156779
SDHD_Ala90Val,0,0,false,0,0,false,0.6935815429513604,0.704056912743404,0.6988192278473822
CCM2_Thr241Ile,0,0,false,0,0,false,0.887110501584661,0.8186966250968603,0.8529035633407607
FARS2_Tyr144Cys,0,0,false,0,0,false,0.7781941987214931,0.7282498532847151,0.7532220260031042
CCM2_Cys170Tyr,0,0,false,0,0,false,0.6054346101432798,0.7887277439898764,0.6970811770665781
CCM2_Ser183Leu,0,0,false,0,0,false,0.6768646428016006,0.7240982226136016,0.7004814327076011
KRAS_Ile36Met,1,0,false,1,0,false,0.9920762449082312,0.6876881486202844,0.8398821967642578
CCM2_Gly5Ser,0,0,false,0,0,false,0.9100673679195689,0.7427086265232811,0.826387997221425
SHOC2_Ser403Gly,0,0,false,0,0,false,0.8855331237685837,0.8189961068120271,0.8522646152903054
CTCF_Arg567Leu,0,0,false,0,0,false,0.5478402920517322,0.5037241954995256,0.525782243775629
RAD51D_Ser46Cys,0,0,false,0,0,false,0.6022779447104649,0.5710508528248319,0.5866643987676484
RAF1_Pro225Ser,0,0,false,0,0,false,0.6901595181319452,0.6480091689279269,0.6690843435299361
CCM2_Ala123Val,0,0,false,0,0,false,0.8127308168752869,0.8067609537490977,0.8097458853121924
CCM2_Asp227Asn,0,0,false,0,0,false,0.6664680026292499,0.7668834587046205,0.7166757306669351
CCM2_Thr296Ala,0,0,false,0,0,false,0.6422316423619114,0.7829139214850601,0.7125727819234857
CCM2_Ser330Phe,0,0,false,0,0,false,0.6932405510349792,0.8835295920846385,0.7883850715598089
G6PD_Glu398Lys,0,0,false,0,0,false,0.6238144862912223,0.73423029311781,0.6790223897045161
BRIP1_Thr266Lys,0,0,false,0,0,false,0.7698090212820916,0.7125770397273309,0.7411930305047112
SHOC2_Gly53Arg,0,0,false,0,0,false,0.8169309422760508,0.762006413078167,0.7894686776771089
BRCA1_Cys64Tyr,1,0,false,1,0,false,0.9853616003113357,0.7400792227534736,0.8627204115324046
CCM2_Arg346Cys,0,0,false,0,0,false,0.7875156039963851,0.840217806529575,0.81386670526298
CCM2_Arg423Pro,0,0,false,0,0,false,0.6602138868716473,0.7470117729804352,0.7036128299260412
CCM2_Val374Met,0,0,false,0,0,false,0.7235117564629646,0.7985541197897997,0.7610329381263822
KRAS_Gly12Val,1,0,false,1,0,false,0.9782985758352443,0.8159519154985719,0.8971252456669081
RET_Thr338Ile,0,0,false,0,0,false,0.9158441089731069,0.5905084787494275,0.7531762938612672
F9_Pro197Ser,0,0,false,0,0,false,0.7435640341682037,0.7195215113684743,0.731542772768339
ZC4H2_Pro201Ser,0,0,false,0,0,false,0.6948516944820032,0.6582878135593817,0.6765697540206925
CCM2_Thr86Ile,0,0,false,0,0,false,0.761621775416228,0.8456274306345524,0.8036246030253902
ZC4H2_Ile7Val,0,0,false,0,0,false,0.624048443638397,0.7953245169545878,0.7096864802964924
CCM2_Gln441Arg,0,0,false,0,0,false,0.7466619879623617,0.7273187657789019,0.7369903768706318
CCM2_Asp126Glu,0,0,false,0,0,false,0.8025880479671156,0.7468005486533503,0.774694298310233
CCM2_Cys211Ser,0,0,false,0,0,false,0.6743571366227233,0.7725725859278295,0.7234648612752764
SHOC2_Gln269Arg,0,0,false,0,0,false,0.5493923555027991,0.5669751749133098,0.5581837652080545
CCM2_Asp129His,0,0,false,0,0,false,0.7233235347785872,0.771713830854313,0.7475186828164502
F9_Cys396Ser,0,0,false,0,0,false,0.5992316452171247,0.6672855098778485,0.6332585775474866
RAF1_Leu603Pro,0,0,false,0,0,false,0.7567721599919114,0.7153513784185281,0.7360617692052198
BRCA1_Arg391Met,1,1,true,0,0,false,0.9394369830109641,0.9552085491959009,0.9473227661034325
SHOC2_Glu25Gly,0,0,false,0,0,false,0.7755349359548063,0.6251022202020761,0.7003185780784411
BRIP1_Gln255His,0,0,false,0,0,false,0.8548043793242392,0.7793743694675853,0.8170893743959122
BAP1_Arg718Gln,0,0,false,0,0,false,0.6118803322036069,0.5097977756586677,0.5608390539311373
F9_Thr194Ala,0,0,false,0,0,false,0.7700751257168013,0.74538444216645,0.7577297839416256
RAF1_Phe22Leu,0,0,false,0,0,false,0.6739402953667709,0.6473936626061171,0.660666978986444
CCM2_Asp419Tyr,0,0,false,0,0,false,0.6806029967927498,0.6918472014519034,0.6862250991223267
LMNA_Ala43Thr,1,0,false,0,0,false,0.9529201910668493,0.7180175472030274,0.8354688691349383
CCM2_Arg19Gln,0,0,false,0,0,false,0.6952816534463121,0.7132425754935343,0.7042621144699233
CCM2_Gln313Arg,0,0,false,0,0,false,0.8246224504933549,0.7803888890509869,0.8025056697721709
FANCC_Asp195Val,0,0,false,0,0,false,0.5673626498976155,0.6579422184838997,0.6126524341907575
F9_Arg384Pro,0,0,false,0,0,false,0.6286889845337998,0.6381251891137334,0.6334070868237667
F9_Ile210Thr,0,0,false,0,0,false,0.78980694402222,0.7785016881159291,0.7841543160690745
CCM2_Ala237Val,0,0,false,0,0,false,0.6867687788344413,0.7265091027741657,0.7066389408043035
F9_Ser411Ile,0,0,false,0,0,false,0.5857515371410991,0.4746607360189483,0.5302061365800237
BRCA1_Met548Ile,1,1,true,1,0,false,0.9882983795263848,0.9562684993982693,0.972283439462327
KRAS_Gly13Asp,1,0,false,0,0,false,0.9261774692322351,0.6994641997904254,0.8128208345113302
RAD51D_Cys9Ser,0,0,false,0,0,false,0.9148770010615058,0.7394348828688669,0.8271559419651864
BRCA1_Lys502Glu,0,1,false,0,0,false,0.8984029211331923,0.940561076784237,0.9194819989587146
F9_Tyr161Cys,0,0,false,0,0,false,0.7941973485914273,0.812110360968433,0.8031538547799302
BRCA1_Arg71Lys,1,0,false,1,0,false,0.9756138739237944,0.9014325932609374,0.9385232335923659
FH_Ser334Arg,0,0,false,0,0,false,0.8570773070415317,0.8609774205985534,0.8590273638200425
CCM2_Ile372Leu,0,0,false,0,0,false,0.865363195862053,0.9146269359787785,0.8899950659204158
BCL10_Ala5Ser,0,0,false,0,0,false,0.8060691309599068,0.6709716095662654,0.7385203702630861
BAP1_Leu49Pro,0,0,false,0,0,false,0.6539731444524657,0.6223153487509967,0.6381442466017312
BRCA1_Glu455Lys,0,0,false,0,0,false,0.6584586538219679,0.7229575563320838,0.6907081050770258
F9_Glu73Lys,0,0,false,0,0,false,0.6126380138753078,0.6144899133802705,0.6135639636277892
CCM2_Leu310Val,0,0,false,0,0,false,0.8021023843924691,0.7696142635052666,0.7858583239488679
BAP1_Thr423Lys,0,0,false,0,0,false,0.5646574844698413,0.4937290429913241,0.5291932637305827
CCM2_Pro165Ala,0,0,false,0,0,false,0.6546919930153383,0.8107339797537909,0.7327129863845646
CCM2_Ala179Thr,0,0,false,0,0,false,0.6311559944921806,0.7810836778834545,0.7061198361878176
RAF1_Leu613Val,,0,false,,0,false,,0.7773854650817338,
CCM2_Ala293Thr,0,1,false,0,0,false,0.6534289996761417,0.9324063950560652,0.7929176973661034
ZC4H2_Lys217Arg,0,0,false,0,0,false,0.519714501506122,0.5941972883757276,0.5569558949409248
BRCA1_Thr581Ala,1,1,true,0,0,false,0.9486762849659132,0.9246074894205903,0.9366418871932518
LMNA_Arg386Thr,0,0,false,0,0,false,0.9005723036806375,0.7199121729825071,0.8102422383315723
RPS19_Arg101His,0,0,false,0,0,false,0.5535716477903702,0.5819730296444589,0.5677723387174145
CCM2_Glu2Lys,0,0,false,0,0,false,0.719819704697574,0.8067534876534084,0.7632865961754911
CCM2_His137Gln,0,0,false,0,0,false,0.669225365229546,0.7386991025053785,0.7039622338674623
BRCA1_Gly666Val,1,0,false,0,0,false,0.9397903224931201,0.9146852667518144,0.9272377946224672
CCM2_Ile432Phe,0,0,false,0,0,false,0.6899582786391717,0.7406530912411523,0.715305684940162
BRCA1_Cys39Arg,1,1,true,1,0,false,0.9615534084146138,0.9355185634765089,0.9485359859455613
FANCC_Leu554Pro,1,0,false,1,0,false,0.9623797874214083,0.8581898534940372,0.9102848204577227
FARS2_Gly309Ser,0,0,false,0,0,false,0.6462992772958469,0.8991649647475057,0.7727321210216763
BRCA1_Glu116Lys,0,0,false,0,0,false,0.6188800843908295,0.6704231039172863,0.6446515941540579
LMNA_Arg377Leu,0,0,false,0,0,false,0.7359529253820218,0.5807057221273026,0.6583293237546622
RAF1_Thr145Pro,0,0,false,0,0,false,0.7918044248374368,0.7009324131746502,0.7463684190060436
CTCF_His455Gln,0,0,false,0,0,false,0.8216105755741188,0.8510120587035759,0.8363113171388473
FARS2_Thr246Met,0,0,false,0,0,false,0.8057280097545283,0.7236687404167697,0.764698375085649
CCM2_Thr74Met,0,0,false,0,0,false,0.7995902501652316,0.7265408158763136,0.7630655330207725
CCM2_Ala295Thr,0,0,false,0,0,false,0.7521661725650625,0.7936292744930832,0.7728977235290728
BRCA1_Pro533Leu,1,0,false,1,0,false,0.9850469045958344,0.8833623935834638,0.9342046490896492
CTCF_Arg342Gly,0,0,false,0,0,false,0.7454848207129094,0.7996208425716026,0.7725528316422561
CCM2_Ser143Phe,0,0,false,0,0,false,0.5521511777363562,0.778111166163551,0.6651311719499536
F9_Cys335Trp,0,0,false,0,0,false,0.5545075434796367,0.662916763745245,0.6087121536124409
F9_Ile136Thr,0,0,false,0,0,false,0.6861618566996796,0.6819019690024686,0.6840319128510741
BRAF_Glu501Val,0,0,false,0,0,false,0.5465568106874273,0.5575520020597278,0.5520544063735775
CCM2_Asp410Val,0,0,false,0,0,false,0.606290796688791,0.7757699969164488,0.6910303968026199
F9_Glu73Val,0,0,false,0,0,false,0.6183204498822572,0.7266612227783393,0.6724908363302983
RET_Arg330Gln,0,1,false,0,1,false,0.7946674469853527,0.9825126352437108,0.8885900411145318
BRCA1_Asn132Lys,1,1,true,1,1,true,0.9716446467043054,0.9814784940246905,0.9765615703644979
CCM2_Pro55Ala,0,0,false,0,0,false,0.6963742968079111,0.8185703972314582,0.7574723470196847
F9_Cys407Arg,0,0,false,0,0,false,0.7602335021142456,0.7564548736896194,0.7583441879019325
BAP1_Cys91Ser,0,0,false,0,0,false,0.6481466151629351,0.7925870307140059,0.7203668229384705
BRAF_Val487Gly,0,0,false,0,0,false,0.6763661177382092,0.6543438049211714,0.6653549613296903
F9_Asp410His,0,0,false,0,0,false,0.7671217811094051,0.6724540660256565,0.7197879235675309
CCM2_Ile425Thr,0,0,false,0,0,false,0.7835364063012844,0.7966024082481232,0.7900694072747039
CCM2_Gly418Glu,0,0,false,0,0,false,0.7570176897649311,0.837583613521852,0.7973006516433916
FARS2_Asp142Tyr,0,0,false,0,0,false,0.7101189768512749,0.6275724858751245,0.6688457313631997
CCM2_Ser393Gly,0,0,false,0,0,false,0.7684099344792659,0.8837813904717223,0.826095662475494
FARS2_Ala166Thr,0,0,false,0,0,false,0.7291183167734334,0.6656388747852595,0.6973785957793465
BAP1_Cys91Gly,0,0,false,0,0,false,0.8829548928219081,0.5937690912192443,0.7383619920205762
G6PD_Gly378Ser,0,0,false,0,0,false,0.6131165857759964,0.5405280388519463,0.5768223123139713
CCM2_Lys23Arg,0,0,false,0,0,false,0.6656811023068633,0.7169637634911181,0.6913224328989906
CCM2_Tyr118Phe,0,0,false,0,0,false,0.7079715998597569,0.7993844403373777,0.7536780200985673
F9_Arg384Leu,0,0,false,0,0,false,0.6155142175112244,0.5671654523531138,0.591339834932169
BRAF_Leu485Phe,0,0,false,0,0,false,0.6582372262163442,0.597525700546197,0.6278814633812706
RPS19_Val15Phe,0,0,false,0,0,false,0.7615166684138581,0.6459419278487711,0.7037292981313146
F9_Trp453Arg,0,0,false,0,0,false,0.865809291528941,0.7907351346247783,0.8282722130768596
CCM2_Arg40Cys,0,0,false,0,0,false,0.9095019976073074,0.7571311586842709,0.8333165781457892
CCM2_Val190Met,0,1,false,0,0,false,0.7193401972268693,0.9423495351311794,0.8308448661790243
SDHD_Ala90Glu,0,0,false,0,0,false,0.8049920770347958,0.7951728180526717,0.8000824475437338
CCM2_Arg346His,0,0,false,0,0,false,0.6286443878219168,0.7762657785849817,0.7024550832034493
CCM2_Glu333Val,0,0,false,0,0,false,0.6636502495346426,0.8036511640015851,0.7336507067681138
CCM2_Leu182Pro,0,0,false,0,0,false,0.7526626969781888,0.8014676644628054,0.7770651807204971
CCM2_Tyr221Asp,0,0,false,0,0,false,0.8689464184008576,0.796056367712088,0.8325013930564729
CCM2_Ser164Phe,0,0,false,0,0,false,0.7119587201923887,0.8956671676594404,0.8038129439259145
FH_Pro174Arg,,0,false,,0,false,,0.8822182829530992,
CCM2_Gln72Arg,0,0,false,0,0,false,0.8083906144498064,0.7923203330168747,0.8003554737333405
CCM2_Ile432Thr,0,0,false,0,0,false,0.6494207893457588,0.7858887791874319,0.7176547842665953
SHOC2_Met173Val,0,0,false,0,0,false,0.7391326127714464,0.9147720730693198,0.8269523429203831
CCM2_Ser166Ile,0,0,false,0,0,false,0.643785255541686,0.7623643895090201,0.703074822525353
KRAS_Met72Leu,1,0,false,0,0,false,0.9283863979947009,0.514975251345882,0.7216808246702915
BRCA1_Asp67Tyr,1,1,true,0,1,false,0.9427075572383834,0.9833058277838407,0.963006692511112
F9_Arg191His,0,0,false,0,0,false,0.7815730317086015,0.7102598070595872,0.7459164193840944
F9_Arg3His,0,0,false,0,0,false,0.6375046159652443,0.5570983191626169,0.5973014675639305
F9_Val257Ile,0,0,false,0,0,false,0.722486627171018,0.6632092027035656,0.6928479149372918
CCM2_Glu417Gly,0,0,false,0,0,false,0.7908689905956588,0.7002884341477905,0.7455787123717247
ZC4H2_Leu66His,0,0,false,0,0,false,0.8951731745945517,0.7009886734977213,0.7980809240461365
BRCA1_Ser408Ile,0,1,false,0,0,false,0.8596069617776774,0.9502536308399252,0.9049302963088013
CCM2_Arg423His,0,0,false,0,0,false,0.6649205446119641,0.7396666660330603,0.7022936053225122
RAD51D_His23Arg,1,0,false,0,0,false,0.9364764723510641,0.8172692403189947,0.8768728563350294
RAF1_Thr491Arg,0,0,false,0,0,false,0.7277169869246709,0.6676275644809523,0.6976722757028115
CCM2_His332Arg,0,0,false,0,0,false,0.7006922188947821,0.8882175387741366,0.7944548788344593
BRCA1_Glu143Lys,0,1,false,0,0,false,0.916817056474764,0.9273356493500666,0.9220763529124153
RAD51D_Gly289Ser,1,0,false,0,0,false,0.9494646765411864,0.8644136528135142,0.9069391646773504
KRAS_Phe156Ile,0,0,false,0,0,false,0.4957506770924358,0.46341596753470055,0.47958332231356815
F9_Val227Ile,0,0,false,0,0,false,0.6242635144604937,0.662325606235659,0.6432945603480763
F9_Pro414Thr,0,0,false,0,0,false,0.49711704082021885,0.6954872588621726,0.5963021498411957
RET_Arg67His,0,0,false,0,0,false,0.5727908211386583,0.9056172808141514,0.7392040509764048
CCM2_His137Arg,0,0,false,0,0,false,0.6371012317534656,0.7267285861414455,0.6819149089474555
CCM2_Ala179Ser,0,0,false,0,0,false,0.7140992117466571,0.7462647012531054,0.7301819564998813
RET_Pro64Leu,0,1,false,0,1,false,0.6907053560737457,0.9728519455049234,0.8317786507893346
CCM2_Glu366Gln,0,0,false,0,0,false,0.8242122057577884,0.870457640894203,0.8473349233259957
ZC4H2_Arg213Trp,0,0,false,0,0,false,0.6667961800630257,0.6776994378419244,0.672247808952475
FARS2_Ile329Thr,0,0,false,0,0,false,0.7908132400650977,0.8250341064159461,0.807923673240522
CCM2_Gly8Ser,0,0,false,0,0,false,0.7911348256888258,0.8439417119572861,0.8175382688230559
FH_Ser419Pro,0,0,false,0,0,false,0.90603090182569,0.888599951963055,0.8973154268943725
SDHD_Leu107Pro,0,0,false,0,0,false,0.8099254896153774,0.8820559742323033,0.8459907319238403
CCM2_Ser251Tyr,0,0,false,0,0,false,0.5167111626626565,0.6564279307119911,0.5865695466873238
F9_Val195Gly,0,0,false,0,0,false,0.6596525582307878,0.7112430355581875,0.6854477968944876
ZC4H2_Val63Leu,0,0,false,0,0,false,0.6995617568018835,0.524046021500578,0.6118038891512307
SHOC2_Thr321Ala,0,1,false,0,1,false,0.7740802255271572,0.9841619385841378,0.8791210820556474
CCM2_Pro165Thr,0,0,false,0,0,false,0.7088773353876244,0.7456114955144514,0.7272444154510379
CCM2_Thr86Ser,0,0,false,0,0,false,0.7998658668684887,0.8074463499243262,0.8036561083964074
CCM2_His151Tyr,0,1,false,0,0,false,0.7447963346473196,0.922813348557196,0.8338048416022579
CCM2_His247Asp,0,0,false,0,0,false,0.8167655222679376,0.7754479922145044,0.796106757241221
G6PD_Ile48Thr,1,0,false,1,0,false,0.9716379940372154,0.5479334924469311,0.7597857432420733
BRCA1_His299Tyr,1,1,true,1,1,true,0.9866477034353828,0.974341224526708,0.9804944639810453
CCM2_Glu433Lys,0,0,false,0,0,false,0.6737195425225836,0.7723372350874889,0.7230283888050362
SOS2_Pro1318Ser,0,0,false,0,0,false,0.6265696296313857,0.5495754835894726,0.5880725566104292
F9_Arg379Gln,0,0,false,0,0,false,0.8941028687789035,0.6637636077466202,0.7789332382627618
FH_Arg233Leu,0,0,false,0,0,false,0.6646873165837537,0.6837187664765452,0.6742030415301494
BRCA1_Met1Ile,1,1,true,0,0,false,0.949231029881356,0.9572159725849531,0.9532235012331545
FARS2_Leu371Phe,0,0,false,0,0,false,0.7966182650262204,0.731145151161171,0.7638817080936957
RET_Val292Met,0,0,false,0,0,false,0.6283090546306722,0.6791687561527822,0.6537389053917272
LMNA_Arg335Trp,0,0,false,0,0,false,0.6631534526684046,0.648922602611951,0.6560380276401778
CCM2_Ser202Arg,0,0,false,0,0,false,0.6654108622775712,0.7657789054312459,0.7155948838544086
F9_Asn166Tyr,0,0,false,0,0,false,0.6429911082610199,0.7784657478004344,0.7107284280307271
CCM2_Ile131Asn,0,0,false,0,0,false,0.6580718790521155,0.826746880615539,0.7424093798338273
CCM2_Gly379Ser,0,0,false,0,0,false,0.8696767154964062,0.8111479904093292,0.8404123529528678
CCM2_Glu264Asp,0,0,false,0,0,false,0.7647332587343342,0.829099489483479,0.7969163741089066
F9_His282Arg,0,0,false,0,0,false,0.8286794327862228,0.8340961086710912,0.831387770728657
RAD51D_Asn138His,1,0,false,0,0,false,0.9401593344619839,0.8273669285446444,0.8837631315033141
CCM2_Pro102Leu,0,0,false,0,0,false,0.7755454656917458,0.7607932498202058,0.7681693577559758
F9_Arg226Gln,0,0,false,0,0,false,0.8630321001348745,0.7882508026149527,0.8256414513749136
CCM2_His364Tyr,0,0,false,0,0,false,0.7548699015141018,0.796616306159469,0.7757431038367855
BRAF_Asp565Glu,0,0,false,0,0,false,0.6694998686576097,0.619453582462756,0.6444767255601829
RHO_Cys110Tyr,0,0,false,0,0,false,0.8213053687456722,0.9116653372411212,0.8664853529933967
CCM2_Gly24Asp,1,0,false,1,0,false,0.9595027029861526,0.782301738831629,0.8709022209088908
CCM2_Glu51Ala,0,0,false,0,0,false,0.7415396539852696,0.7879530039074684,0.764746328946369
SDHD_Asp92Gly,0,0,false,0,0,false,0.7442875101242485,0.8809266499881266,0.8126070800561875
RET_Val262Ala,0,0,false,0,0,false,0.5354466075838284,0.858415019076783,0.6969308133303057
CTCF_Asp46Asn,0,0,false,0,0,false,0.6513388473913821,0.710301219325356,0.680820033358369
SDHD_Tyr114Cys,0,0,false,0,0,false,0.7233009069330907,0.7648295283604314,0.744065217646761
SDHD_His50Arg,0,0,false,0,0,false,0.7814751305104062,0.8539809416327321,0.8177280360715691
BRCA1_Arg71Gly,1,0,false,1,0,false,0.9807385772192908,0.9111833444848454,0.945960960852068
F9_Arg75Gln,0,0,false,0,0,false,0.5002190565943243,0.6483247078519421,0.5742718822231332
CCM2_Leu195Pro,0,0,false,0,0,false,0.7115419312915788,0.7650718736568366,0.7383069024742077
CCM2_Asp61Asn,0,0,false,0,0,false,0.6464328247930157,0.7650190120741088,0.7057259184335622
CCM2_Glu223Val,0,0,false,0,0,false,0.7194232504052684,0.73957685825678,0.7295000543310242
CCM2_Ala232Val,0,0,false,0,0,false,0.7398909724567874,0.8640539323912656,0.8019724524240265
CCM2_Asp301Gly,0,0,false,0,0,false,0.745143183873036,0.7575690522967148,0.7513561180848753
CCM2_Arg40His,0,0,false,0,0,false,0.7196834399844766,0.8331369787079895,0.7764102093462331
BRIP1_Val76Ile,0,0,false,0,0,false,0.6778405874679385,0.6632250798881527,0.6705328336780456
F9_Glu27Lys,0,0,false,0,0,false,0.6542089386352843,0.7285398329877792,0.6913743858115318
CCM2_Arg423Cys,0,0,false,0,0,false,0.5475756800242344,0.6979737577806385,0.6227747189024364
RAF1_Gly361Ala,0,0,false,0,0,false,0.7753491552791564,0.5153964714834279,0.6453728133812922
F9_Asp110Asn,0,0,false,0,0,false,0.7410333616435981,0.8713975964411926,0.8062154790423954
KRAS_Phe156Leu,0,0,false,0,0,false,0.8962187404974635,0.8737272742068117,0.8849730073521376
FH_Arg101Pro,0,0,false,0,0,false,0.8690464479764651,0.8257951390660685,0.8474207935212668
CCM2_Asp110Asn,0,0,false,0,0,false,0.7251032883145249,0.8304317825239514,0.7777675354192382
RAD51D_Val66Leu,0,0,false,0,0,false,0.661428214982954,0.8645924540523326,0.7630103345176433
BRCA1_His239Arg,1,1,true,1,0,false,0.9673466914542854,0.9552260113639031,0.9612863514090942
RAD51D_Glu307Lys,1,1,true,1,1,true,0.9721799760858485,0.968770912971607,0.9704754445287278
CCM2_Lys65Glu,0,0,false,0,0,false,0.7051876333697374,0.7641529416225429,0.7346702874961402
RET_Gly321Arg,0,1,false,0,0,false,0.7145798266725574,0.9466729769373851,0.8306264018049712
CCM2_Asp411Glu,0,0,false,0,0,false,0.6745831753313951,0.8027712720803007,0.7386772237058479
CCM2_Glu290Lys,0,0,false,0,0,false,0.6873435613601009,0.7496092138357578,0.7184763875979294
RAD51D_Val28Leu,1,1,true,1,0,false,0.9612898913039862,0.9257718389597889,0.9435308651318876
RAD51D_Arg165Gln,1,0,false,0,0,false,0.9320187543207528,0.7846655531161486,0.8583421537184507
SHOC2_Ser57Phe,1,0,false,0,0,false,0.9224687865664511,0.5798760276263061,0.7511724070963786
BRCA1_Ser186Tyr,1,1,true,1,1,true,0.986355604616523,0.9866223218950303,0.9864889632557767
CCM2_Ser398Tyr,0,0,false,0,0,false,0.7259596711640333,0.8187957739402666,0.77237772255215
SDHD_Ile31Val,0,0,false,0,0,false,0.7586223057021984,0.7616166224012973,0.7601194640517479
CCM2_Met424Ile,0,0,false,0,0,false,0.7312934042833144,0.6808668025573907,0.7060801034203525
CCM2_Asp376His,0,0,false,0,0,false,0.778340251183502,0.8225153433241782,0.8004277972538401
KRAS_Thr58Ile,1,0,false,0,0,false,0.9209373393925824,0.7547764011824146,0.8378568702874984
KRAS_Pro34Arg,0,0,false,0,0,false,0.8702255705293704,0.6483001371246966,0.7592628538270335
F9_Gly442Arg,0,0,false,0,0,false,0.48400376043226234,0.7629276992822405,0.6234657298572515
CCM2_Thr44Ile,0,0,false,0,0,false,0.6598104316047683,0.7695023296774082,0.7146563806410882
SDHD_Ser68Gly,0,0,false,0,0,false,0.8084447452144148,0.8585694958199916,0.8335071205172032
RAD51D_Ala231Ser,0,0,false,0,0,false,0.9140211746168674,0.44205628049749457,0.678038727557181
SHOC2_Glu13Ala,0,1,false,0,1,false,0.5855622198663208,0.9663856009308225,0.7759739103985717
CTCF_Tyr407Cys,0,0,false,0,0,false,0.7359129233492698,0.6506711372532085,0.6932920303012391
F9_Arg191Cys,0,0,false,0,0,false,0.7653544926446707,0.8543548484100075,0.8098546705273391
BRIP1_Leu195Pro,0,0,false,0,0,false,0.7052615164803743,0.6948652905360845,0.7000634035082294
CCM2_Arg390Gln,0,0,false,0,0,false,0.7201399203375644,0.8485062438077174,0.7843230820726409
LMNA_Leu162Pro,0,0,false,0,0,false,0.8922156211552617,0.8518428985065953,0.8720292598309285
CCM2_Ala98Pro,0,0,false,0,0,false,0.764024446549543,0.8112945646554293,0.7876595056024862
FH_Arg160Gly,,1,,,1,,,0.9670017716486123,
CCM2_Asn94Ser,0,0,false,0,0,false,0.7464684249451508,0.7760352775192875,0.7612518512322191
CCM2_Leu392Val,0,0,false,0,0,false,0.7557081534795982,0.876566755574264,0.8161374545269311
RET_Thr278Asn,0,0,false,0,0,false,0.5586095964034463,0.8599269940435303,0.7092682952234883
CCM2_Gly188Arg,0,0,false,0,0,false,0.5787544563138902,0.7768460890488087,0.6778002726813495
CCM2_Ser426Leu,0,0,false,0,0,false,0.7303214219482803,0.747667805615,0.7389946137816401
CCM2_Leu298Met,0,0,false,0,0,false,0.858693094037192,0.8321474307310538,0.8454202623841229
CCM2_Ser15Leu,,0,false,,0,false,,0.7574787133158908,
BRIP1_His587Arg,0,0,false,0,0,false,0.7108858809938222,0.6727097234101326,0.6917978022019774
CCM2_Pro77Ser,0,0,false,0,0,false,0.8392510288548709,0.8565342543114493,0.84789264158316
ABCD1_Arg389Gly,0,0,false,0,0,false,0.8787522177248388,0.6414714801664229,0.7601118489456309
BRCA1_Phe591Leu,1,0,false,0,0,false,0.950417095874016,0.8866168081749586,0.9185169520244874
FARS2_Gly3Val,0,0,false,0,0,false,0.7390376444622948,0.6001247692005353,0.6695812068314151
RAD51D_Met308Val,1,0,false,1,0,false,0.9746324343764989,0.9161422686461941,0.9453873515113465
RAF1_Cys95Trp,0,0,false,0,0,false,0.9011416286621032,0.706505329302258,0.8038234789821805
CCM2_Ile331Phe,0,0,false,0,0,false,0.6335628682224577,0.8703307200396816,0.7519467941310696
CCM2_Arg52Cys,0,0,false,0,0,false,0.6336960431253952,0.8502808960814199,0.7419884696034076
BRCA1_Pro510Ser,1,1,true,1,0,false,0.9794807990743786,0.9318561570681172,0.9556684780712479
CCM2_Arg412Trp,0,0,false,0,0,false,0.6721717505628125,0.7842895209139304,0.7282306357383714
SDHD_Arg70Thr,0,0,false,0,0,false,0.8008299681208064,0.8574852221413971,0.8291575951311018
FARS2_Arg419Cys,0,0,false,0,0,false,0.7364190792292475,0.6498934933543312,0.6931562862917894
CCM2_Ile130Val,0,0,false,0,0,false,0.622329579880597,0.7329007259917165,0.6776151529361567
F9_Ala397Pro,0,0,false,0,0,false,0.6913450128852164,0.7425018095425353,0.7169234112138758
RPS19_Arg62Trp,,0,false,,0,false,,0.47690198916401444,
CCM2_Arg412Gln,0,0,false,0,0,false,0.6613851402842997,0.6670441482023367,0.6642146442433182
BRCA1_Met671Lys,1,1,true,0,0,false,0.9388492023456303,0.934099285421385,0.9364742438835076
RAD51D_Ile251Val,0,1,false,0,0,false,0.9078815605120689,0.9343643669748338,0.9211229637434514
BRAF_Leu245Phe,0,0,false,0,0,false,0.7581975476202449,0.7958109381154557,0.7770042428678503
RAD51D_Val56Gly,0,0,false,0,0,false,0.4898051352345476,0.6860262361100343,0.5879156856722909
BRAF_Gly469Glu,0,0,false,0,0,false,0.8661213458814776,0.859763170486791,0.8629422581841343
FARS2_His84Pro,0,0,false,0,0,false,0.7073610891252016,0.6693300730644562,0.6883455810948289
SDHD_His102Leu,0,0,false,0,0,false,0.9079408416218787,0.8498994430669037,0.8789201423443912
CCM2_Glu128Lys,0,0,false,0,0,false,0.714147410134509,0.815936238618276,0.7650418243763926
RAD51D_Ile17Val,0,0,false,0,0,false,0.9085324846287994,0.7484109342397983,0.8284717094342988
LMNA_Arg349Leu,0,0,false,0,0,false,0.7268522673928731,0.6542191306859451,0.6905356990394091
F9_Gly357Arg,0,0,false,0,0,false,0.7538990025958319,0.5559111950487129,0.6549050988222724
F9_His303Tyr,0,0,false,0,0,false,0.8017538760139186,0.6034618438667456,0.702607859940332
FLCN_Arg239Cys,0,0,false,0,0,false,0.5320249466611193,0.7445933575635567,0.6383091521123381
CCM2_Gly176Val,0,0,false,0,0,false,0.7483613511036279,0.7650257972663347,0.7566935741849813
CCM2_Pro281Ser,0,0,false,0,0,false,0.7024430652808925,0.7649161194533199,0.7336795923671062
F9_Cys170Tyr,0,0,false,0,0,false,0.8085927088286694,0.7757673511424384,0.7921800299855539
CCM2_Asp431Asn,0,0,false,0,0,false,0.7440158701803163,0.6945903871047031,0.7193031286425098
RAF1_Asp486Asn,0,0,false,0,0,false,0.8519037385227834,0.9147175709305082,0.8833106547266458
FH_Leu303Ser,0,0,false,0,0,false,0.721552065218837,0.8991307461183569,0.8103414056685969
SHOC2_Leu174Phe,0,1,false,0,0,false,0.8859098221130275,0.9291439972010718,0.9075269096570496
G6PD_Arg365His,0,0,false,0,0,false,0.5041156907883522,0.6482336895293708,0.5761746901588615
CCM2_Asp411Asn,0,0,false,0,0,false,0.6714548521124203,0.7656339243418494,0.7185443882271348
BAP1_Thr93Ala,0,0,false,0,0,false,0.47217476442894357,0.546883203557667,0.5095289839933053
CCM2_Leu212Val,0,0,false,0,0,false,0.7050726818094987,0.7639011675261757,0.7344869246678372
KRAS_Gly12Asp,1,0,false,0,0,false,0.9456226539847796,0.7236831768315032,0.8346529154081415
ZC4H2_Ala200Thr,0,0,false,0,0,false,0.8084183800861762,0.7346902938728125,0.7715543369794944
SDHD_Val111Ile,0,0,false,0,0,false,0.8528578046654215,0.7095138558551599,0.7811858302602908
CCM2_Glu201Asp,0,0,false,0,0,false,0.643378389391343,0.7566016418022632,0.6999900155968031
F9_Arg294Gln,0,0,false,0,0,false,0.7882561884843771,0.8722585839630992,0.8302573862237381
CCM2_Thr267Ile,0,0,false,0,0,false,0.8324399824661124,0.7918365239924965,0.8121382532293044
SDHD_His102Pro,0,1,false,0,0,false,0.8690345782020276,0.9247974022531231,0.8969159902275754
SDHD_Gly138Val,0,0,false,0,0,false,0.8333960240078324,0.7636706944912341,0.7985333592495333
CTCF_Arg567Trp,0,0,false,0,0,false,0.8824188428371065,0.906094381605134,0.8942566122211202
BRAF_Gln257Arg,0,0,false,0,0,false,0.7060792168871428,0.7003065903750202,0.7031929036310816
BAP1_Pro12Thr,0,0,false,0,0,false,0.4856363684254206,0.4976588606812268,0.4916476145533237
F9_Ala233Thr,0,0,false,0,0,false,0.8911826544021353,0.6969761625290921,0.7940794084656138
SOS2_Val869Ile,0,0,false,0,0,false,0.8511682828576759,0.6772626633821538,0.7642154731199149
BRCA1_Thr37Lys,1,0,false,0,0,false,0.9547563646752713,0.879743466763724,0.9172499157194975
RAD51D_Thr328Ile,1,0,false,0,0,false,0.9417662171407084,0.7565099725023356,0.849138094821522
F9_Glu79Asp,0,0,false,0,0,false,0.6633649619496662,0.7428194171347179,0.703092189542192
KRAS_Lys5Asn,1,0,false,0,0,false,0.9216131587351648,0.7163227826935212,0.818967970714343
BRAF_Lys499Asn,0,0,false,0,0,false,0.6388258956073161,0.737917402133886,0.6883716488706011
F9_Ser220Thr,0,0,false,0,0,false,0.6712980166893094,0.7920938233090928,0.7316959199992011
KRAS_Gly60Arg,0,0,false,0,0,false,0.7695494698980268,0.42585307175654297,0.5977012708272849
CTCF_Ala697Thr,0,0,false,0,0,false,0.6739533305253895,0.48054124222418904,0.5772472863747893
BRAF_Gly596Val,1,1,true,1,0,false,0.9737794239548468,0.9474663007462357,0.9606228623505413
ABCD1_Arg518Gln,0,0,false,0,0,false,0.8386795347207459,0.7138818806656052,0.7762807076931755
BRCA1_Ala102Gly,0,0,false,0,0,false,0.7631747444458783,0.8318685839555281,0.7975216642007033
F9_Pro175Ser,0,0,false,0,0,false,0.6646997501689892,0.777957809389564,0.7213287797792767
BRCA1_Val275Ile,1,0,false,1,0,false,0.9940322791416493,0.7684375857042157,0.8812349324229325
CCM2_Ile197Leu,0,0,false,0,0,false,0.6599741736166561,0.7494396249033439,0.7047068992600001
BRAF_Glu501Lys,0,0,false,0,0,false,0.742585397659895,0.6968873774376572,0.7197363875487761
BRCA1_His41Arg,1,0,false,1,0,false,0.9798888355446072,0.6404326504498217,0.8101607429972144
F9_Cys28Arg,0,0,false,0,0,false,0.8397938616345627,0.721405219947111,0.7805995407908368
BRCA1_Gly602Ala,1,1,true,1,0,false,0.985527563586762,0.9261359631749174,0.9558317633808397
BRAF_Thr241Arg,,0,false,,0,false,,0.7226052677555872,
SDHD_Phe34Cys,0,0,false,0,0,false,0.8379533991655708,0.9165127753851507,0.8772330872753608
CCM2_Ala205Asp,0,0,false,0,0,false,0.837135032950258,0.7949525984085746,0.8160438156794163
CCM2_Ala205Ser,0,0,false,0,0,false,0.70185947163123,0.9130746661990014,0.8074670689151157
CCM2_Gly407Asp,0,0,false,0,0,false,0.7511336329879026,0.8108346395561293,0.780984136272016
FARS2_Ile388Ser,0,0,false,0,0,false,0.6319088649135596,0.6681580242601327,0.6500334445868461
BRAF_Phe468Ser,0,0,false,0,0,false,0.6834930647333199,0.6881084648054077,0.6858007647693638
BCL10_Leu8Leu,0,0,false,0,0,false,0.8123407135884043,0.660910248066571,0.7366254808274877
FH_Arg233Cys,0,0,false,0,0,false,0.7378890954240392,0.6736491036941674,0.7057690995591033
CCM2_Gln218Arg,0,1,false,0,0,false,0.7514603449910648,0.9468877298858427,0.8491740374384538
CCM2_Val216Ala,0,0,false,0,0,false,0.5744559719764107,0.8118824771072566,0.6931692245418337
CCM2_Ser416Ala,0,0,false,0,0,false,0.6926302383022375,0.7341074136363281,0.7133688259692827
ZC4H2_Arg211Trp,0,0,false,0,0,false,0.831959659824248,0.7931085487283751,0.8125341042763116
CCM2_Ser60Arg,0,0,false,0,0,false,0.7579709138587546,0.8673876954070915,0.812679304632923
RAF1_Asn140His,0,0,false,0,0,false,0.7293891595428849,0.8475173559281252,0.788453257735505
CCM2_Glu54Lys,0,0,false,0,0,false,0.7880353196177231,0.7761315192085053,0.7820834194131142
CCM2_Thr44Ser,0,0,false,0,0,false,0.8268782573745316,0.8156994066810888,0.8212888320278102
CCM2_Gly188Glu,0,0,false,0,0,false,0.734225778593629,0.7605216336498128,0.7473737061217209
SDHD_Leu139Arg,0,0,false,0,0,false,0.8099284237768899,0.7319981637888188,0.7709632937828543
CTCF_Pro643Ser,0,0,false,0,0,false,0.5935817566351569,0.6452903366361219,0.6194360466356394
SDHD_His102Arg,0,0,false,0,0,false,0.6473956843198263,0.7940153658461253,0.7207055250829758
F9_Ile443Thr,0,0,false,0,0,false,0.7338736355723748,0.7471273531709647,0.7405004943716698
BRCA1_Ser611Arg,1,1,true,1,0,false,0.9788403872922855,0.9491209832354668,0.9639806852638761
CCM2_Pro77Gln,0,0,false,0,0,false,0.6066140268287988,0.7720851244897876,0.6893495756592932
FH_Asn340Lys,,0,false,,0,false,,0.8812057061513701,
SHOC2_Thr205Ala,0,0,false,0,0,false,0.7861793063609761,0.7615015861915955,0.7738404462762858
RAF1_Thr491Ile,0,0,false,0,0,false,0.723965220366803,0.7036682537691594,0.7138167370679812
FARS2_Asp325Tyr,0,0,false,0,0,false,0.6712587773023828,0.6562022723577892,0.663730524830086
RAD51D_Arg55Trp,0,0,false,0,0,false,0.6375469188037903,0.6276432048738346,0.6325950618388125
BRAF_Val471Phe,1,1,true,1,0,false,0.9850961749762683,0.9533207877980363,0.9692084813871523
SDHD_Gly106Val,0,0,false,0,0,false,0.7660630486271606,0.8047731651170533,0.7854181068721069
F9_Ile316Thr,0,,false,0,,false,0.858583032758786,,
BRAF_Gly464Val,0,0,false,0,0,false,0.691073729678789,0.8461395378697163,0.7686066337742526
CCM2_Ser202Asn,0,0,false,0,0,false,0.6342802692519627,0.7517307360352478,0.6930055026436053
CCM2_Pro271Thr,0,0,false,0,0,false,0.6145743479252995,0.7875830710697627,0.701078709497531
CCM2_Val255Leu,0,0,false,0,0,false,0.7243552378964844,0.7652250223347482,0.7447901301156163
CCM2_Ser245Cys,0,0,false,0,0,false,0.7647506803904993,0.7269947188521382,0.7458726996213187
BAP1_Asn290Ser,0,0,false,0,0,false,0.7500758411395503,0.5771455567050692,0.6636106989223097
SHOC2_Ser2Gly,,0,false,,0,false,,0.8376057823159555,
BRCA1_Arg595Gln,1,0,false,0,0,false,0.9554537628824393,0.8910942685516358,0.9232740157170376
ZC4H2_Ala162Thr,0,0,false,0,0,false,0.8068055979999991,0.6516012315624478,0.7292034147812234
CCM2_Ser248Gly,0,0,false,0,0,false,0.6246454809963146,0.7739454627314245,0.6992954718638695
FH_Leu507Pro,,1,,,1,,,0.969019480199106,
CCM2_Asp442Asn,0,0,false,0,0,false,0.7057798561171117,0.6949059083149806,0.7003428822160461
F9_Pro333Leu,0,,false,0,,false,0.8863846715734145,,
RAD51D_Phe305Leu,0,,false,0,,false,0.9163710681018862,,
