allele_0,Altered_Morph_95_batch13,Altered_Morph_95_batch14,Altered_Morph_95_both_batches,Altered_Morph_99_batch13,Altered_Morph_99_batch14,Altered_Morph_99_both_batches,AUROC_batch13,AUROC_batch14,AUROC_Mean
CCM2_Gln313Arg,0,0,false,0,0,false,0.839094825120986,0.8039748940482753,0.8215348595846306
RAF1_Asp486Asn,0,0,false,0,0,false,0.8739391265851165,0.7864937187645037,0.8302164226748101
F9_Arg3His,0,0,false,0,0,false,0.6190484411596221,0.5542314805939508,0.5866399608767865
FLCN_Arg239Cys,0,0,false,0,0,false,0.6408863296451377,0.6063071551797774,0.6235967424124575
F9_Cys396Ser,0,0,false,0,0,false,0.4626556784325542,0.4252529456443782,0.4439543120384662
SDHD_His102Leu,0,1,false,0,0,false,0.831368025803328,0.9522927559250102,0.8918303908641692
SHOC2_Ile112Thr,0,0,false,0,0,false,0.7843858644027072,0.6900349759264536,0.7372104201645804
CCM2_Thr86Ile,1,0,false,0,0,false,0.8818295837452457,0.8275619244906388,0.8546957541179423
CCM2_Pro165Ala,0,0,false,0,0,false,0.7918468416465445,0.7365715492510394,0.764209195448792
CCM2_Arg423His,0,0,false,0,0,false,0.8060172202396568,0.6401658845271496,0.7230915523834032
CCM2_Glu290Lys,0,0,false,0,0,false,0.7939800438092178,0.7726084738958675,0.7832942588525427
BRAF_Val471Phe,1,1,true,1,1,true,0.9613681814926571,0.9842419434621872,0.9728050624774222
RAD51D_Arg55Trp,0,0,false,0,0,false,0.5773047600598085,0.5398752335334412,0.5585899967966248
RPS19_Arg101His,0,0,false,0,0,false,0.6359937086482906,0.5129238414684217,0.5744587750583562
F9_Ile443Thr,0,0,false,0,0,false,0.7006583857956397,0.5795383237608178,0.6400983547782287
ZC4H2_Ala157Thr,0,0,false,0,0,false,0.8225176987191085,0.7120837534108331,0.7673007260649708
BRCA1_Met1Thr,1,0,false,0,0,false,0.9188140326650334,0.8536066331104628,0.8862103328877481
RAD51D_Cys9Ser,0,1,false,0,0,false,0.632463571016932,0.9002881466248781,0.7663758588209051
FANCC_Leu554Pro,0,1,false,0,0,false,0.6828875378307329,0.9600094866432588,0.8214485122369959
RET_Gly321Arg,1,0,false,1,0,false,0.977325363031224,0.6741510909770319,0.8257382270041279
LMNA_Arg349Leu,0,0,false,0,0,false,0.5475822828122247,0.5851680566044616,0.5663751697083431
ZC4H2_Lys217Arg,0,0,false,0,0,false,0.5219040011392475,0.4234407038208272,0.47267235248003736
CCM2_Thr394Ser,1,0,false,0,0,false,0.9112715825211285,0.7806547585039488,0.8459631705125387
ZC4H2_Pro201Ser,0,0,false,0,0,false,0.6317258544338403,0.7814396132952472,0.7065827338645438
CCM2_His332Arg,0,0,false,0,0,false,0.8754586293535896,0.7467053978502889,0.8110820136019392
SDHD_Gly106Val,0,0,false,0,0,false,0.7781633021684375,0.7551675962343358,0.7666654492013867
CCM2_Asp411Asn,0,0,false,0,0,false,0.8102277832742172,0.7673839976458489,0.788805890460033
CCM2_Ala232Val,0,0,false,0,0,false,0.8263925578026443,0.8053927832533851,0.8158926705280147
CCM2_Asp411Glu,0,0,false,0,0,false,0.8782864804221334,0.7214430545144549,0.7998647674682942
RAF1_Phe22Leu,0,0,false,0,0,false,0.6611114622240368,0.6575876991241759,0.6593495806741063
CCM2_Ala205Ser,1,0,false,0,0,false,0.8954899640419307,0.7410793407328834,0.818284652387407
RAD51D_Val66Leu,0,0,false,0,0,false,0.7368980398348188,0.4735135380022462,0.6052057889185325
CCM2_Glu201Asp,0,0,false,0,0,false,0.8257430672344793,0.7730212633503472,0.7993821652924132
RAD51D_Phe305Leu,,1,,,0,false,,0.8993739386021519,
CCM2_Glu2Lys,0,0,false,0,0,false,0.8049118010894519,0.8555370787652623,0.8302244399273571
BRAF_Glu501Lys,0,0,false,0,0,false,0.5795877855320548,0.5613240661661343,0.5704559258490945
RET_Thr338Ile,1,1,true,0,0,false,0.9174918166052234,0.9205314968803489,0.9190116567427862
CCM2_Ala205Asp,0,1,false,0,0,false,0.8765250630646725,0.8951846893946668,0.8858548762296696
BAP1_Asn290Ser,0,0,false,0,0,false,0.5102749202430317,0.6559667095793311,0.5831208149111814
CCM2_Gly24Asp,0,,false,0,,false,0.8632252535963266,,
F9_Cys335Tyr,0,0,false,0,0,false,0.714425174329249,0.6825216822184693,0.6984734282738592
F9_Arg75Gln,0,0,false,0,0,false,0.7806735852079177,0.6061063760837944,0.6933899806458561
RAD51D_Ala231Ser,0,1,false,0,0,false,0.6124205899357344,0.8818606767782569,0.7471406333569957
CCM2_Glu108Gly,1,0,false,0,0,false,0.9174569597555883,0.833438973445534,0.8754479666005611
BRCA1_Asn132Lys,1,1,true,1,1,true,0.9898835892978841,0.979691614058316,0.9847876016781001
CCM2_Arg19Gln,0,0,false,0,0,false,0.82582264684747,0.8204106466446577,0.8231166467460638
FARS2_Leu371Phe,0,0,false,0,0,false,0.6725393516295189,0.7225344402022018,0.6975368959158603
BRCA1_Phe558Ser,1,1,true,1,1,true,0.9498482441279532,0.9856023871263442,0.9677253156271487
BCL10_Ala5Ser,0,0,false,0,0,false,0.8007408407158934,0.7683806146572103,0.7845607276865518
F9_Pro197Ser,0,0,false,0,0,false,0.6170391164027158,0.6546947555220599,0.6358669359623879
CCM2_Ile131Asn,1,0,false,0,0,false,0.9275563631269278,0.7680672978847155,0.8478118305058217
SDHD_His50Arg,0,0,false,0,0,false,0.8487679862963862,0.7954797741243843,0.8221238802103852
SDHD_Ala90Glu,0,0,false,0,0,false,0.8256721732844101,0.7882412994273116,0.8069567363558608
FARS2_Asp142Tyr,0,0,false,0,0,false,0.5906016339396648,0.5679488323067038,0.5792752331231843
BRCA1_Met548Ile,1,1,true,1,1,true,0.978571990079843,0.9890623605680184,0.9838171753239306
BAP1_Cys91Gly,0,0,false,0,0,false,0.5863642072617119,0.8059496747384488,0.6961569410000803
CCM2_Ser143Phe,0,0,false,0,0,false,0.8481033326306163,0.8083789685814917,0.8282411506060541
BRAF_Glu501Val,0,0,false,0,0,false,0.668419559676502,0.42454478615755165,0.5464821729170268
RPS19_Arg62Trp,0,,false,0,,false,0.7290373796001559,,
BRCA1_Glu455Lys,0,0,false,0,0,false,0.8265669894377499,0.665053456627972,0.7458102230328609
CCM2_Leu212Val,0,0,false,0,0,false,0.8427635012071999,0.7841843355938374,0.8134739184005186
SDHD_Leu107Pro,0,0,false,0,0,false,0.8333986418202681,0.8327255249968093,0.8330620834085387
SDHD_His50Asp,1,1,true,0,0,false,0.9296084092898396,0.9026523425916128,0.9161303759407262
F9_Cys134Ser,0,0,false,0,0,false,0.8052223116539097,0.7305029556238941,0.7678626336389018
CCM2_Tyr221Asp,0,1,false,0,0,false,0.8731884483701292,0.9343624801948911,0.9037754642825102
FARS2_Gly309Ser,1,0,false,0,0,false,0.8870193180070034,0.5686633110620102,0.7278413145345068
CCM2_Ser426Leu,0,0,false,0,0,false,0.8105051030575012,0.7627049295726286,0.7866050163150649
RAF1_Asn71Ser,0,0,false,0,0,false,0.5478643627268203,0.7201265609384726,0.6339954618326464
KRAS_Gly60Ser,1,0,false,0,0,false,0.922883940850429,0.4571340525190196,0.6900089966847243
BRCA1_Ala102Gly,1,0,false,0,0,false,0.87910947777377,0.7179899562352263,0.7985497170044982
RAF1_Thr491Ile,0,0,false,0,0,false,0.8142078548463358,0.7370624431233321,0.775635148984834
CCM2_Asp227Asn,0,0,false,0,0,false,0.7964291400833029,0.8292112390818835,0.8128201895825933
BRCA1_Met671Lys,1,1,true,1,0,false,0.9704484609385354,0.9505938449333812,0.9605211529359583
FH_Arg101Pro,0,0,false,0,0,false,0.7591463818735215,0.8144788384306456,0.7868126101520836
KRAS_Pro34Arg,0,0,false,0,0,false,0.676061446084069,0.7408775389714907,0.7084694925277799
CCM2_Ser202Asn,0,0,false,0,0,false,0.8035795417731606,0.7048780421811179,0.7542287919771393
SDHD_Arg70Thr,0,0,false,0,0,false,0.8769079704335451,0.8022562630952141,0.8395821167643795
F9_Ala233Thr,0,0,false,0,0,false,0.7023750789365777,0.8540042561209781,0.7781896675287778
F9_Ile210Thr,0,0,false,0,0,false,0.8642193932432929,0.8545018665708942,0.8593606299070935
FARS2_Ile388Ser,0,0,false,0,0,false,0.6256694420392738,0.44602811759794925,0.5358487798186116
GSS_Arg125Cys,0,0,false,0,0,false,0.6020717464597054,0.539236634922278,0.5706541906909917
FARS2_Gly3Val,0,0,false,0,0,false,0.63007241908453,0.6207307304139533,0.6254015747492416
CCM2_Lys30Glu,0,0,false,0,0,false,0.8445500657197552,0.7439318264448874,0.7942409460823213
BRCA1_Cys64Tyr,0,1,false,0,1,false,0.8767777326467614,0.984165069167112,0.9304714009069367
CCM2_Ala237Val,0,0,false,0,0,false,0.8282324530237556,0.7949294240303343,0.8115809385270449
F9_Asp110Gly,0,0,false,0,0,false,0.8686866330475287,0.8735341040387579,0.8711103685431433
CCM2_His364Tyr,0,0,false,0,0,false,0.8637768897856378,0.7922806118419462,0.828028750813792
CCM2_Glu223Val,0,0,false,0,0,false,0.7855545162898213,0.8074323846930241,0.7964934504914227
F9_Ala397Pro,0,0,false,0,0,false,0.5545451181694817,0.5231752874300287,0.5388602027997552
ABCD1_Arg389Gly,0,0,false,0,0,false,0.557767958912841,0.8741370157660132,0.7159524873394272
SDHD_His102Arg,0,0,false,0,0,false,0.7646330805473627,0.6939391861387718,0.7292861333430672
CCM2_Ile130Val,0,0,false,0,0,false,0.8423470573028013,0.7418462648382507,0.792096661070526
RAD51D_Thr328Ile,0,1,false,0,0,false,0.7437025918455917,0.929689903410934,0.8366962476282629
RAD51D_Gly289Ser,1,1,true,1,0,false,0.9505417159707915,0.9297212965001249,0.9401315062354583
F9_Gly357Arg,0,0,false,0,0,false,0.5945518994223825,0.6598582596464473,0.6272050795344148
CCM2_Asp431Asn,0,0,false,0,0,false,0.7906154361392504,0.7928812340654351,0.7917483351023428
F9_Cys28Arg,0,0,false,0,0,false,0.6277013178121026,0.7363730507593718,0.6820371842857371
BRIP1_Gln255His,0,0,false,0,0,false,0.7502156437554369,0.8171288577429179,0.7836722507491773
CCM2_Ala405Ser,1,0,false,0,0,false,0.8995997094616514,0.7091493441900337,0.8043745268258425
SHOC2_Ser403Gly,0,0,false,0,0,false,0.8598607476040003,0.8621220845756798,0.8609914160898401
CCM2_Asp410His,0,0,false,0,0,false,0.8276077339599168,0.6806886663199411,0.7541482001399289
KRAS_Gly12Val,1,1,true,0,1,false,0.9194774110318478,0.9746819559282497,0.9470796834800488
CCM2_Ile432Thr,0,0,false,0,0,false,0.8788018778302455,0.7364537662324585,0.807627822031352
BRCA1_His41Arg,0,1,false,0,1,false,0.7635952103109365,0.9836352860827905,0.8736152481968635
CCM2_Gly407Asp,1,0,false,0,0,false,0.8856745280475827,0.7732066439379879,0.8294405859927854
CCM2_Tyr118Phe,0,0,false,0,0,false,0.8698492889983992,0.7031112068809808,0.78648024793969
BCL10_Leu8Leu,0,1,false,0,0,false,0.5357539018783428,0.8823529411764706,0.7090534215274067
FH_Ala308Thr,0,0,false,0,0,false,0.752578540982823,0.6025578030294673,0.677568172006145
CCM2_Leu392Val,1,0,false,0,0,false,0.9020237289832194,0.807649155147539,0.8548364420653791
RAD51D_Asn138His,0,1,false,0,0,false,0.7661350354466943,0.9312611228377887,0.8486980791422415
ZC4H2_Val63Leu,0,0,false,0,0,false,0.6066181739777775,0.6080136834909066,0.607315928734342
CCM2_Leu298Met,1,0,false,0,0,false,0.8938907672175064,0.8479211640917833,0.8709059656546448
BRCA1_Pro533Leu,1,1,true,0,1,false,0.8966973181666507,0.9912462879532156,0.9439718030599331
CTCF_Ala697Thr,0,0,false,0,0,false,0.427811937381813,0.5498372877198431,0.48882461255082804
CCM2_Arg390Gln,0,0,false,0,0,false,0.8664256867715786,0.8503840872196116,0.8584048869955951
BRCA1_Ser611Arg,1,1,true,1,1,true,0.9553935623214184,0.9809933121913668,0.9681934372563925
BRCA1_Ser408Ile,1,0,false,0,0,false,0.9181762445456895,0.7476501008970957,0.8329131727213925
CCM2_Ala293Thr,1,0,false,0,0,false,0.8902382525827508,0.8255618671860591,0.8579000598844049
BRCA1_Glu631Lys,0,1,false,0,1,false,0.8653114532543542,0.9766476325556213,0.9209795429049877
BAP1_Thr423Lys,0,0,false,0,0,false,0.5366318780047523,0.4178216284443667,0.47722675322455954
SDHD_Ala90Val,0,0,false,0,0,false,0.7664720793721203,0.641359679219435,0.7039158792957776
CCM2_Glu66Lys,0,0,false,0,0,false,0.8148113738047553,0.7943478513936436,0.8045796125991995
FH_Ser334Arg,0,0,false,0,0,false,0.800734747861593,0.8033091007193875,0.8020219242904902
F9_Arg384Pro,0,0,false,0,0,false,0.5373757644945938,0.46120986089648197,0.4992928126955379
CCM2_Thr267Ile,0,1,false,0,0,false,0.8708237793933261,0.9065906471388311,0.8887072132660786
LMNA_Arg41His,1,1,true,1,0,false,0.9685184608031403,0.9361856833297665,0.9523520720664533
RET_Arg313Gln,1,0,false,0,0,false,0.9161398862175612,0.7932106296157397,0.8546752579166504
CCM2_Pro77Ser,1,0,false,0,0,false,0.8943227379536758,0.7695670562221745,0.8319448970879251
F9_Cys170Tyr,1,0,false,0,0,false,0.8892735093039861,0.6928223052051115,0.7910479072545488
CCM2_Arg40Cys,0,1,false,0,1,false,0.863260770445315,0.9663124910763194,0.9147866307608172
F9_Val195Gly,0,0,false,0,0,false,0.7029388431329562,0.6593769088586301,0.6811578759957931
CCM2_Leu310Val,0,0,false,0,0,false,0.8453988480555713,0.7674396034692128,0.8064192257623921
CCM2_Ser83Phe,0,0,false,0,0,false,0.8051775986871091,0.7133356664120991,0.7592566325496042
CCM2_Thr222Met,0,0,false,0,0,false,0.8309607874358648,0.8617591997739303,0.8463599936048976
CCM2_Asp126Glu,0,0,false,0,0,false,0.8219070190351535,0.8186957923333568,0.8203014056842551
KRAS_Asp153Val,1,0,false,1,0,false,0.9451762796566503,0.5368574535216379,0.7410168665891441
CCM2_Asp410Val,0,0,false,0,0,false,0.7341103056163335,0.7194132336013432,0.7267617696088384
BRAF_Gly596Val,1,1,true,1,1,true,0.9381108039505246,0.9683246214166759,0.9532177126836002
FH_Pro174Arg,0,,false,0,,false,0.6762706853155396,,
BAP1_Arg718Gln,0,0,false,0,0,false,0.6172341215461942,0.5676986968568677,0.5924664092015309
FH_His318Tyr,0,0,false,0,0,false,0.7185095770613064,0.718969205371559,0.7187393912164326
CCM2_Cys170Tyr,0,0,false,0,0,false,0.8322896785060547,0.635487832608365,0.7338887555572099
FARS2_Ala166Thr,0,0,false,0,0,false,0.4713106607706262,0.6308373155030829,0.5510739881368545
RPS19_Val15Phe,0,0,false,0,0,false,0.684109794739754,0.6498024481967875,0.6669561214682707
RAD51D_Glu307Lys,1,1,true,1,0,false,0.9947048700755531,0.9298728681393036,0.9622888691074283
RAF1_Cys95Trp,0,1,false,0,0,false,0.6617335274570854,0.9055479247847438,0.7836407261209146
BRCA1_Gly602Ala,1,1,true,0,1,false,0.8899492981161311,0.9905934057415611,0.9402713519288461
BRCA1_Cys64Ser,0,0,false,0,0,false,0.509193303597748,0.7305620324311283,0.6198776680144381
BRCA1_Val275Ile,0,1,false,0,1,false,0.7971938108459706,0.9934358013689744,0.8953148061074725
CCM2_Leu195Pro,0,0,false,0,0,false,0.8354003129683677,0.7987028386476527,0.8170515758080101
BRAF_Asp565Glu,0,0,false,0,0,false,0.552685161673155,0.5001272833154411,0.526406222494298
CCM2_Ala149Thr,0,0,false,0,0,false,0.8508243699552412,0.6560968653041609,0.7534606176297011
CTCF_Tyr407Cys,0,0,false,0,0,false,0.5832082165597294,0.7070470110384419,0.6451276137990857
CCM2_Thr86Ser,0,1,false,0,0,false,0.8778350982789389,0.8908412725598601,0.8843381854193995
CCM2_Gln441Arg,0,0,false,0,0,false,0.8153407427025722,0.7443237119653979,0.779832227333985
G6PD_Arg365His,0,0,false,0,0,false,0.5453099664505856,0.5049687799684487,0.5251393732095171
CCM2_Asp129His,1,0,false,0,0,false,0.9033301007435045,0.751819684580783,0.8275748926621438
CCM2_Ser166Ile,0,0,false,0,0,false,0.8487583256880146,0.7829013595230785,0.8158298426055466
BRAF_Val487Gly,0,0,false,0,0,false,0.5407661447805905,0.7776936183988863,0.6592298815897384
CCM2_Arg389Trp,1,0,false,0,0,false,0.8798879295631523,0.6808669525100773,0.7803774410366149
CCM2_Asn94Ser,0,0,false,0,0,false,0.8620333821941787,0.7638374818384225,0.8129354320163006
ZC4H2_Ala200Thr,0,0,false,0,0,false,0.6924139725116503,0.7872116008291188,0.7398127866703845
BRCA1_Thr587Arg,1,1,true,0,0,false,0.9122962314024994,0.9243496868775378,0.9183229591400186
CCM2_Gly418Glu,1,0,false,1,0,false,0.9816498241302912,0.8131254418408002,0.8973876329855457
SOS2_Pro1318Ser,0,0,false,0,0,false,0.554340213938575,0.6722103852923177,0.6132752996154464
CCM2_Thr241Ile,1,1,true,0,0,false,0.8912645209035396,0.9617230669853504,0.926493793944445
CCM2_Tyr144Cys,0,0,false,0,0,false,0.874802306346691,0.7439451978045868,0.8093737520756389
BRIP1_Ser520Thr,0,0,false,0,0,false,0.7296687083203656,0.7470475012567772,0.7383581047885714
CCM2_Thr74Met,0,1,false,0,0,false,0.8595469299827906,0.886088822357963,0.8728178761703769
CCM2_Val255Leu,0,0,false,0,0,false,0.8119463257529808,0.8003595454084995,0.8061529355807402
CCM2_Gly176Val,0,0,false,0,0,false,0.8726886643296261,0.7643552642596582,0.8185219642946422
F9_Asp410His,0,0,false,0,0,false,0.6303119289172239,0.6582861406899878,0.6442990348036058
RAD51D_His23Arg,0,1,false,0,0,false,0.7620934902533476,0.9203527373439885,0.8412231137986681
RET_Leu56Met,1,0,false,1,0,false,0.9547018505169517,0.6442601120187283,0.7994809812678401
FANCC_Leu496Arg,0,0,false,0,0,false,0.6463386509857354,0.7440958622022517,0.6952172565939936
RET_Arg67His,1,0,false,1,0,false,0.9388740507962934,0.6316120613680205,0.7852430560821569
RAD51D_Ile251Val,1,0,false,1,0,false,0.9995217075101795,0.8034463122456237,0.9014840098779016
BRCA1_Thr581Ile,1,1,true,1,1,true,0.9316618456321135,0.9794941865604404,0.955578016096277
RAF1_Leu603Pro,0,0,false,0,0,false,0.8072334686400154,0.7472667962186549,0.7772501324293352
CTCF_His455Gln,1,1,true,0,0,false,0.9144240132292991,0.8970715001416794,0.9057477566854892
CCM2_Pro271Thr,0,0,false,0,0,false,0.8351948729456812,0.7162592552071048,0.7757270640763929
BRAF_Gln262Lys,0,0,false,0,0,false,0.7673606758750543,0.4425712538927683,0.6049659648839113
BRCA1_Arg391Met,1,1,true,0,0,false,0.9299075772210593,0.9306585284304987,0.930283052825779
CCM2_Arg346Cys,1,0,false,0,0,false,0.9302880907088129,0.7395522302981254,0.8349201605034692
KRAS_Lys5Asn,0,1,false,0,0,false,0.7643973846320817,0.9116284136781583,0.83801289915512
F9_Asn166Tyr,0,0,false,0,0,false,0.8558893364869741,0.49681884586859676,0.6763540911777854
BAP1_Thr93Ala,0,0,false,0,0,false,0.6202397851478961,0.536088919310313,0.5781643522291046
CCM2_Lys23Arg,0,0,false,0,0,false,0.7882377081850235,0.8167218330981107,0.8024797706415672
ZC4H2_Arg213Trp,0,0,false,0,0,false,0.7307104948785454,0.7638881292976837,0.7472993120881146
BRCA1_Met1Ile,1,1,true,1,0,false,0.965432133065669,0.942537676845391,0.95398490495553
CTCF_Arg567Trp,0,0,false,0,0,false,0.845062424909783,0.8577022478605604,0.8513823363851717
CCM2_Arg52Cys,0,0,false,0,0,false,0.8708112921759001,0.7857422793546178,0.828276785765259
RAF1_Asn140His,0,0,false,0,0,false,0.8768500439669253,0.7498700589060513,0.8133600514364883
FH_Ser419Pro,1,0,false,0,0,false,0.9213201043130435,0.8723439684984999,0.8968320364057717
SHOC2_Ser4Arg,1,0,false,0,0,false,0.9179761181055073,0.6755180544798177,0.7967470862926624
CCM2_Ser164Phe,1,0,false,1,0,false,0.9846004049735232,0.7717946233515673,0.8781975141625453
F9_Pro175Ser,0,0,false,0,0,false,0.7099087143455147,0.49431238623440454,0.6021105502899596
BRAF_Leu245Phe,0,0,false,0,0,false,0.8542398276922581,0.638821106881982,0.74653046728712
F9_Cys407Arg,0,0,false,0,0,false,0.8238798819066758,0.593532433474832,0.7087061576907538
CCM2_Gly5Ser,0,1,false,0,0,false,0.8442754501160411,0.9483763596236284,0.8963259048698348
BRCA1_Lys502Glu,1,1,true,0,0,false,0.8872472228434505,0.8760282906814945,0.8816377567624725
SDHD_Ser68Gly,0,0,false,0,0,false,0.8190385166900501,0.7747656332563092,0.7969020749731797
KRAS_Met72Leu,0,1,false,0,0,false,0.46574253540484,0.9548916440252072,0.7103170897150236
G6PD_Glu398Lys,0,0,false,0,0,false,0.6375150811257665,0.6490455450952126,0.6432803131104896
CCM2_Glu128Lys,1,0,false,0,0,false,0.9159925660882983,0.7994207598283963,0.8577066629583473
RAD51D_Ile17Val,0,0,false,0,0,false,0.8462395722954138,0.8723700191028847,0.8593047956991493
RET_Arg330Gln,1,0,false,1,0,false,0.9939309951224155,0.8106779897676171,0.9023044924450163
CCM2_Pro102Ser,0,0,false,0,0,false,0.8226637344705291,0.8502476993468551,0.8364557169086921
BRCA1_Arg595Gln,0,1,false,0,0,false,0.8646854932415327,0.9617129546881413,0.913199223964837
BRAF_Val600Gly,0,0,false,0,0,false,0.7373529082522765,0.803488435056657,0.7704206716544668
CCM2_Cys211Ser,0,0,false,0,0,false,0.8406451435026979,0.8149492624052095,0.8277972029539538
RAF1_Thr491Arg,0,0,false,0,0,false,0.8035216812448265,0.7092062608687455,0.756363971056786
RHO_Arg135Trp,0,0,false,0,0,false,0.848450778736868,0.8289561051564006,0.8387034419466344
CCM2_Ile425Thr,1,0,false,0,0,false,0.8898238895183109,0.7840173951130097,0.8369206423156603
RAD51D_Val132Ile,0,0,false,0,0,false,0.852293666669155,0.8188471165112827,0.8355703915902188
CCM2_Asn81Lys,0,0,false,0,0,false,0.8493736454037725,0.7492481775458592,0.7993109114748158
F9_Asp110Asn,1,0,false,0,0,false,0.8826315476452684,0.6345242978723558,0.7585779227588121
CCM2_Phe91Ile,0,0,false,0,0,false,0.8546500363974192,0.7153949037678613,0.7850224700826403
FH_Leu507Pro,1,,,0,,false,0.9233232839906323,,
CCM2_Thr44Ser,1,1,true,0,0,false,0.8949033676369531,0.8774232829344161,0.8861633252856846
CTCF_Tyr226Cys,0,0,false,0,0,false,0.7492800853906024,0.7548044068723039,0.7520422461314531
CCM2_Glu366Gln,1,0,false,0,0,false,0.8833896366087067,0.8360062358425799,0.8596979362256434
SDHD_Glu69Lys,1,1,true,0,0,false,0.8821027870189919,0.8785284667882031,0.8803156269035974
CCM2_Pro281Ser,0,0,false,0,0,false,0.7993949739146382,0.7865033869404869,0.7929491804275626
LMNA_Leu162Pro,0,0,false,0,0,false,0.8736470722150931,0.8129075240942252,0.8432772981546591
F9_His282Tyr,0,0,false,0,0,false,0.7809611787373808,0.7672337164122793,0.7740974475748301
F9_Glu73Val,0,0,false,0,0,false,0.8364748256595526,0.7060483272444638,0.7712615764520081
CCM2_Gly188Glu,0,0,false,0,0,false,0.8325259396225276,0.744716718117997,0.7886213288702624
BRCA1_Thr37Lys,0,1,false,0,0,false,0.8174092776879838,0.9365262887156782,0.876967783201831
CCM2_Thr296Ala,1,0,false,0,0,false,0.8792537708735053,0.7465494713114047,0.812901621092455
F9_Pro333Leu,,0,false,,0,false,,0.8173212006324524,
FH_Gln376Pro,0,0,false,0,0,false,0.4809332923956441,0.6954918151638652,0.5882125537797547
CCM2_Val45Gly,0,0,false,0,0,false,0.7988265669012167,0.8169692149893691,0.807897890945293
CCM2_Glu366Lys,1,1,true,0,0,false,0.8948058526936009,0.8867420519330925,0.8907739523133467
F9_Arg379Gln,0,1,false,0,0,false,0.6237540869814104,0.8948334662655197,0.7592937766234651
F9_Glu73Lys,0,0,false,0,0,false,0.7973980911773066,0.6327735864448181,0.7150858388110624
F9_Ser220Thr,0,0,false,0,0,false,0.7827194086302408,0.5381132628825486,0.6604163357563947
F9_His282Arg,0,0,false,0,0,false,0.8092956455580312,0.8460337062407786,0.8276646758994048
CCM2_Arg412Trp,0,0,false,0,0,false,0.814426359904244,0.790500199078529,0.8024632794913864
CCM2_Ala295Thr,0,0,false,0,0,false,0.8478532729817002,0.8247364736070647,0.8362948732943825
CCM2_Arg346His,1,0,false,0,0,false,0.9024756044280249,0.7329369795853005,0.8177062920066627
CTCF_Asp46Asn,0,0,false,0,0,false,0.8442630357834994,0.7477452984927581,0.7960041671381287
KRAS_Thr58Ile,0,1,false,0,0,false,0.7960650923919101,0.8874702078262241,0.8417676501090672
CCM2_Pro55Ala,1,0,false,0,0,false,0.9093936494659077,0.8520567584254689,0.8807252039456883
G6PD_Gly378Ser,0,0,false,0,0,false,0.4090582069321435,0.5350994019317835,0.4720788044319635
F9_Ser411Ile,0,0,false,0,0,false,0.5792174404184528,0.6908944882159987,0.6350559643172258
SHOC2_Ser57Phe,0,1,false,0,0,false,0.529813433537089,0.9046983987114122,0.7172559161242507
SDHD_Val111Ile,0,0,false,0,0,false,0.6806283428302172,0.8362832234515796,0.7584557831408985
CCM2_His364Arg,0,0,false,0,0,false,0.8708392110244975,0.7758844579392619,0.8233618344818796
BAP1_Glu31Lys,0,0,false,0,0,false,0.5646853145735389,0.7117206420996531,0.638202978336596
CCM2_Ile76Met,0,0,false,0,0,false,0.8780000327465243,0.7791296112548918,0.828564822000708
CCM2_Ile136Val,1,0,false,1,0,false,0.943614090100534,0.8376246379918405,0.8906193640461872
CCM2_Ala179Thr,0,0,false,0,0,false,0.8660878168013966,0.8453857483902424,0.8557367825958195
CCM2_Ser15Leu,0,,false,0,,false,0.8662346108519651,,
BRIP1_Val76Ile,0,0,false,0,0,false,0.8091988361109888,0.6712085747597284,0.7402037054353585
ZC4H2_Ile7Val,0,0,false,0,0,false,0.7632383538736797,0.7312884995637603,0.7472634267187199
RAD51D_Val66Met,0,0,false,0,0,false,0.7562182404004095,0.5251440850520803,0.640681162726245
SDHD_Ile31Val,0,0,false,0,0,false,0.8632571331477497,0.751312878625422,0.8072850058865858
F9_Ile136Thr,0,0,false,0,0,false,0.6833168035932747,0.7450462601523049,0.7141815318727898
CCM2_Asp419Tyr,0,0,false,0,0,false,0.7492482607560108,0.6916200687721789,0.7204341647640948
CCM2_Arg40His,1,0,false,0,0,false,0.8802314511665292,0.8098023731791208,0.845016912172825
CCM2_Ser245Cys,0,0,false,0,0,false,0.8328564638068309,0.860122415608458,0.8464894397076445
CCM2_Met439Ile,1,0,false,0,0,false,0.9291423796907915,0.809586604455384,0.8693644920730877
SHOC2_Gly53Arg,0,0,false,0,0,false,0.8216650233696958,0.750939423096193,0.7863022232329444
RET_Thr278Asn,0,0,false,0,0,false,0.8320212540974146,0.5357371563328672,0.6838792052151409
F9_Val374Phe,0,0,false,0,0,false,0.6673805631651736,0.6166641471095112,0.6420223551373424
BRCA1_Pro510Ser,1,1,true,1,1,true,0.9640036687223583,0.9842508167638084,0.9741272427430834
FARS2_Arg419Cys,0,0,false,0,0,false,0.7332088438429117,0.6437794517662653,0.6884941478045885
CTCF_Pro643Ser,0,0,false,0,0,false,0.5445619721105004,0.6683800679644131,0.6064710200374568
CCM2_Asp61Asn,0,0,false,0,0,false,0.8351320407238654,0.8037680268415626,0.819450033782714
SDHD_Asp92Gly,0,0,false,0,0,false,0.8382648617100562,0.8028092439799367,0.8205370528449965
CCM2_Pro77Gln,0,0,false,0,0,false,0.8274745435757646,0.6911764652695146,0.7593255044226396
CCM2_Met424Ile,0,0,false,0,0,false,0.7502595738806016,0.7412140730699955,0.7457368234752986
ABCD1_Arg518Gln,0,0,false,0,0,false,0.7135505295908987,0.7870494806388876,0.7503000051148931
CCM2_Ser60Arg,1,0,false,0,0,false,0.9250434550730523,0.8569368160036205,0.8909901355383364
G6PD_Ile48Thr,0,1,false,0,0,false,0.4981020516734341,0.9620209210586804,0.7300614863660573
CCM2_Tyr261Asp,1,1,true,1,0,false,0.9678439433920594,0.903755961664263,0.9357999525281612
KRAS_Ile36Met,0,1,false,0,1,false,0.6809761632421119,0.9889391489111761,0.834957656076644
RAD51D_Val56Gly,0,0,false,0,0,false,0.68541614335651,0.43725980088048955,0.5613379721184998
ZC4H2_Leu66His,0,1,false,0,0,false,0.8522655514090401,0.9542813202282818,0.9032734358186609
RET_Pro64Leu,1,0,false,1,0,false,0.9804880815822493,0.658728523687184,0.8196083026347167
F9_Arg294Gln,0,0,false,0,0,false,0.7565656990470252,0.694923602720794,0.7257446508839096
RHO_Asp190Gly,0,0,false,0,0,false,0.7833410739468738,0.7636426303341604,0.7734918521405171
RHO_Pro267Thr,0,1,false,0,0,false,0.8513456128397525,0.9556344726701156,0.903490042754934
CCM2_Thr106Ile,1,0,false,0,0,false,0.9236145874689613,0.8681868757860302,0.8959007316274957
SHOC2_Glu13Ala,1,0,false,1,0,false,0.9758010558329374,0.7147733879096405,0.845287221871289
BAP1_Leu49Pro,0,0,false,0,0,false,0.6714650514021713,0.5927178557285543,0.6320914535653628
F9_Arg384Leu,0,0,false,0,0,false,0.6391945424146871,0.5629610377556142,0.6010777900851507
BRCA1_Cys39Arg,1,1,true,0,1,false,0.911336485197664,0.9652418848774538,0.9382891850375589
RAD51D_Glu233Gly,0,0,false,0,0,false,0.6523177668682895,0.696707601081368,0.6745126839748288
CCM2_Glu417Gly,0,0,false,0,0,false,0.7932078371221892,0.817210245582805,0.805209041352497
RAD51D_Val28Leu,0,1,false,0,0,false,0.8519265761309345,0.9488692246219801,0.9003979003764573
RAF1_Thr145Pro,0,0,false,0,0,false,0.6948395624861295,0.7787636596227572,0.7368016110544433
CCM2_Arg423Pro,0,0,false,0,0,false,0.8209575943447599,0.7404755181720857,0.7807165562584228
CCM2_Ser398Tyr,0,0,false,0,0,false,0.854876577575595,0.778291176879444,0.8165838772275196
FARS2_Ile329Thr,1,0,false,1,0,false,0.9497609191467175,0.8527071834718517,0.9012340513092846
ZC4H2_Arg198Gln,0,0,false,0,0,false,0.6162865094081145,0.7964344290160212,0.7063604692120679
FARS2_Thr246Met,0,0,false,0,0,false,0.6804102176056457,0.6770292548089513,0.6787197362072985
CCM2_Ser393Gly,1,0,false,0,0,false,0.919181797766405,0.7652882835687026,0.8422350406675538
KRAS_Phe156Ile,0,0,false,0,0,false,0.5339240086725837,0.49694980554075857,0.5154369071066711
CTCF_Arg342Cys,0,0,false,0,0,false,0.7323616410391203,0.6435565938548741,0.6879591174469972
BRCA1_Gly666Val,0,1,false,0,0,false,0.8413339729777471,0.9221979106285213,0.8817659418031343
ZC4H2_Arg18Lys,0,0,false,0,0,false,0.7503559799668514,0.6601528287397939,0.7052544043533227
F9_Glu27Lys,0,0,false,0,0,false,0.8211449773890914,0.7108360461406399,0.7659905117648657
F9_Trp453Arg,0,0,false,0,0,false,0.6795327325368467,0.6864270152505447,0.6829798738936956
CCM2_Ile432Phe,0,0,false,0,0,false,0.8282878694173096,0.7371941795749466,0.7827410244961281
BRIP1_Leu195Pro,0,0,false,0,0,false,0.737611718470406,0.6639999428315029,0.7008058306509544
CCM2_Asp376His,1,0,false,0,0,false,0.8835396704488878,0.8167050357276633,0.8501223530882756
BRCA1_Val632Ala,1,1,true,0,1,false,0.8813107186301907,0.9800312051341327,0.9306709618821617
SHOC2_Glu25Gly,0,0,false,0,0,false,0.6433044032860071,0.6224070740030938,0.6328557386445505
CCM2_Thr44Ile,0,0,false,0,0,false,0.8610503803716635,0.7958519826993652,0.8284511815355143
F9_Cys335Trp,0,0,false,0,0,false,0.5508116033443167,0.5034025204811217,0.5271070619127192
BRAF_Lys499Asn,0,0,false,0,0,false,0.6633039561986507,0.6615102294809463,0.6624070928397985
FANCC_Asp195Val,0,0,false,0,0,false,0.6351832855990385,0.48485712487139987,0.5600202052352192
CCM2_Pro102Leu,1,1,true,0,0,false,0.8868209793695604,0.8898234672058275,0.888322223287694
CCM2_Gln218Arg,1,0,false,0,0,false,0.9095174194863827,0.8635015230907763,0.8865094712885795
BAP1_Cys91Ser,1,0,false,1,0,false,0.9333529871701809,0.6541532321800272,0.793753109675104
RAD51D_Ser46Cys,0,0,false,0,0,false,0.49040677581802167,0.5648243070034515,0.5276155414107366
BRCA1_Glu143Lys,1,1,true,1,0,false,0.9480245505139957,0.8999099591246774,0.9239672548193365
CCM2_Glu433Lys,0,0,false,0,0,false,0.8532915569097073,0.7315532281524927,0.7924223925311
SHOC2_Met173Val,1,0,false,1,0,false,0.9420425639126733,0.7559028152029459,0.8489726895578096
BRIP1_Arg848His,0,0,false,0,0,false,0.7587827823803477,0.7877104845651395,0.7732466334727436
BRAF_Phe468Ser,0,0,false,0,0,false,0.5879989123605611,0.5839173406709097,0.5859581265157354
CCM2_Gly436Ser,0,0,false,0,0,false,0.7913719143981548,0.7095822613603953,0.750477087879275
CCM2_Ser416Ala,0,0,false,0,0,false,0.7935438893520866,0.8104563581836617,0.8020001237678742
BRCA1_His239Arg,1,1,true,1,1,true,0.9834822561252834,0.9743999370205588,0.978941096572921
CCM2_Gln72Arg,0,0,false,0,0,false,0.8404551441656819,0.8332409798147501,0.836848061990216
CCM2_Ser251Tyr,0,0,false,0,0,false,0.8277939061407555,0.6890787144949897,0.7584363103178726
CCM2_Gly103Arg,1,0,false,0,0,false,0.885819006189564,0.76637247856711,0.826095742378337
FARS2_His135Asp,0,0,false,0,0,false,0.785308606661879,0.6404895598553311,0.7128990832586051
CCM2_Val190Met,1,0,false,1,0,false,0.9514897337877023,0.8024003346811096,0.876945034234406
CCM2_Glu54Lys,1,0,false,0,0,false,0.8813954669615239,0.8587442143954428,0.8700698406784834
CCM2_Glu333Val,0,0,false,0,0,false,0.8788704963554005,0.7423465870604723,0.8106085417079364
F9_Lys39Arg,0,0,false,0,0,false,0.5280128373869296,0.5562734352083778,0.5421431362976536
BRCA1_Leu460Pro,1,1,true,0,1,false,0.9059796392194737,0.9777652492427891,0.9418724442311314
KRAS_Pro34Leu,0,1,false,0,0,false,0.47387296618564834,0.9500296644863989,0.7119513153360236
CCM2_Lys65Glu,0,0,false,0,0,false,0.8175349257866151,0.7947760703922738,0.8061554980894445
KRAS_Phe156Leu,1,1,true,0,0,false,0.8904038053154147,0.9312549665502063,0.9108293859328105
F9_Phe395Ile,0,0,false,0,0,false,0.78191504566733,0.5172996797401919,0.649607362703761
F9_Gly442Arg,0,0,false,0,0,false,0.7460344492262554,0.5702105708587752,0.6581225100425153
BRAF_Leu485Phe,0,0,false,0,0,false,0.5105169863396426,0.598299584251907,0.5544082852957748
CCM2_Gly8Ser,0,1,false,0,0,false,0.8450903689210617,0.8907233424650599,0.8679068556930608
BRCA1_Arg71Gly,1,1,true,0,1,false,0.9304760710892358,0.9855224726609187,0.9579992718750773
CCM2_His109Arg,1,0,false,0,0,false,0.9148785131407426,0.8429670270034343,0.8789227700720885
BRAF_Gly464Val,0,0,false,0,0,false,0.748407048873009,0.7144551952637169,0.7314311220683629
CTCF_Arg342Gly,0,0,false,0,0,false,0.6738743571694993,0.6082543794760712,0.6410643683227852
FH_Arg160Gly,1,,,1,,,0.9376294565533879,,
CCM2_Ile372Leu,1,1,true,0,0,false,0.9295370090462485,0.8799481152049031,0.9047425621255758
CCM2_Ala98Pro,0,0,false,0,0,false,0.8708161446170865,0.7327309963792751,0.8017735704981808
CCM2_Val216Ala,0,0,false,0,0,false,0.7928879345427875,0.7903288409811285,0.791608387761958
LMNA_Arg386Thr,0,0,false,0,0,false,0.7326336048613691,0.8178282772037097,0.7752309410325393
BRAF_Gly469Glu,0,0,false,0,0,false,0.7584429920405253,0.7701152582755088,0.764279125158017
F9_Val227Ile,0,0,false,0,0,false,0.6558178130219405,0.42893701875699064,0.5423774158894656
RAD51D_Met308Val,0,1,false,0,0,false,0.8740166193615838,0.960538673330112,0.9172776463458479
FH_Leu303Ser,0,0,false,0,0,false,0.8505563411567992,0.6280580150688557,0.7393071781128275
F9_Arg226Gln,0,0,false,0,0,false,0.6602951949209586,0.8376591675240308,0.7489771812224947
FARS2_His84Pro,0,0,false,0,0,false,0.6909273743374506,0.6083734781712353,0.649650426254343
RAF1_Pro225Ser,0,0,false,0,0,false,0.651278278496956,0.5939375746955837,0.6226079265962698
BAP1_Pro12Thr,0,0,false,0,0,false,0.5225870430891271,0.6776572885689629,0.600122165829045
FARS2_Tyr144Cys,0,0,false,0,0,false,0.6419072422105628,0.7515301429429591,0.696718692576761
BRCA1_Glu116Lys,0,0,false,0,0,false,0.5045541015624009,0.4786362514960309,0.4915951765292159
SDHD_His102Pro,1,1,true,0,0,false,0.9100589801042143,0.9006813090782809,0.9053701445912476
FH_Arg233Cys,0,0,false,0,0,false,0.5681956161990315,0.5987548645396555,0.5834752403693435
RAF1_Asp381Asn,0,0,false,0,0,false,0.5916507293648501,0.6443114881687293,0.6179811087667897
F9_Arg191His,0,0,false,0,0,false,0.6651388699955143,0.633158773386885,0.6491488216911996
F9_Val257Ile,0,0,false,0,0,false,0.6355069577937182,0.5353478894172454,0.5854274236054818
CCM2_Ser330Phe,0,0,false,0,0,false,0.8764207602611825,0.8178508310560506,0.8471357956586165
FARS2_Ser57Cys,0,0,false,0,0,false,0.6962621920646235,0.425384013948535,0.5608231030065792
CCM2_His137Gln,0,0,false,0,0,false,0.8123200040798393,0.7674720642414907,0.789896034160665
RPS19_Gly127Glu,0,0,false,0,0,false,0.7881639125929127,0.729857031752785,0.7590104721728489
LMNA_Arg335Trp,0,0,false,0,0,false,0.711489638930998,0.5907092384194192,0.6510994386752087
SDHD_Phe34Cys,1,0,false,0,0,false,0.8930240841096873,0.8539948588305042,0.8735094714700957
CCM2_Ser84Asn,0,0,false,0,0,false,0.8338278796694619,0.7953320186282063,0.8145799491488341
CCM2_His151Tyr,1,0,false,1,0,false,0.9708182645290951,0.7965128466442958,0.8836655555866955
CCM2_Gly188Trp,0,0,false,0,0,false,0.8654049252398939,0.745663477297661,0.8055342012687774
SHOC2_Asn527Ser,0,0,false,0,0,false,0.7940691263031118,0.8093247097913885,0.8016969180472502
RET_Val262Ala,0,0,false,0,0,false,0.8362120849218995,0.5811504652840944,0.7086812751029969
SHOC2_Gln269Arg,0,0,false,0,0,false,0.6157670407013234,0.6764018619453296,0.6460844513233265
CCM2_Ala140Thr,0,0,false,0,0,false,0.8127744146892535,0.7782637445169669,0.7955190796031102
BRCA1_Phe591Leu,1,1,true,1,0,false,0.9374086932621492,0.9166854857442854,0.9270470895032172
CCM2_Leu182Pro,1,0,false,1,0,false,0.9486209402473729,0.7792985742038095,0.8639597572255913
BRCA1_Arg71Lys,1,1,true,1,1,true,0.9330729959912138,0.9796857254805389,0.9563793607358764
SHOC2_Thr205Ala,0,0,false,0,0,false,0.8085083031253772,0.6792168005819562,0.7438625518536668
SDHD_Leu139Arg,0,0,false,0,0,false,0.8235345660865709,0.8709498956187063,0.8472422308526386
F9_Tyr161Cys,0,0,false,0,0,false,0.8696055339288284,0.7554776103131811,0.8125415721210048
CCM2_Ile197Leu,0,0,false,0,0,false,0.8308913427307281,0.8111150154442985,0.8210031790875133
BAP1_Ser596Gly,0,0,false,0,0,false,0.5532073414376034,0.4879065828750773,0.5205569621563404
CCM2_Arg412Gln,0,0,false,0,0,false,0.7596497452291165,0.7330157049809807,0.7463327251050487
BRAF_Gln257Arg,0,0,false,0,0,false,0.7356388350237879,0.6803782168890006,0.7080085259563942
CCM2_Ala123Val,1,0,false,0,0,false,0.903021387513438,0.8473120325455243,0.8751667100294811
BRCA1_Cys61Gly,1,1,true,1,0,false,0.9816626134163466,0.9497917434073099,0.9657271784118282
F9_Glu79Asp,0,0,false,0,0,false,0.7668926021102468,0.7350557791127734,0.7509741906115102
RAF1_Gly361Ala,0,0,false,0,0,false,0.7595018226539966,0.873767237649067,0.8166345301515319
BRCA1_Ser186Tyr,1,1,true,1,1,true,0.9895433550447515,0.9891402010878071,0.9893417780662793
CCM2_Ser248Gly,0,0,false,0,0,false,0.8187817594883974,0.7451904343240013,0.7819860969061994
CCM2_His137Arg,0,0,false,0,0,false,0.8113837994579546,0.7422533820425693,0.7768185907502619
CCM2_Gly162Glu,0,0,false,0,0,false,0.7760652662700998,0.6857361934126257,0.7309007298413628
CCM2_Pro165Thr,0,0,false,0,0,false,0.7685940206785459,0.7274774890534288,0.7480357548659873
CCM2_Ser202Arg,0,0,false,0,0,false,0.7634995525984989,0.70779043344688,0.7356449930226894
CCM2_Ile331Phe,1,0,false,0,0,false,0.9193463934463847,0.8410970799092449,0.8802217366778148
CCM2_Ala205Thr,0,0,false,0,0,false,0.875329646744958,0.7320037670867687,0.8036667069158634
CCM2_Val374Met,0,0,false,0,0,false,0.8713335103106563,0.848255413204102,0.8597944617573792
F9_Ile316Thr,,0,false,,0,false,,0.8380546549952953,
SHOC2_Thr321Ala,1,1,true,1,0,false,0.9944865255095497,0.9226336864782333,0.9585601059938915
CCM2_Glu51Ala,0,0,false,0,0,false,0.8347297801595407,0.7678403899174903,0.8012850850385155
RAF1_Ser427Gly,0,0,false,0,0,false,0.7927766062981189,0.8342764973325788,0.8135265518153488
RAD51D_Arg165Gln,0,1,false,0,0,false,0.8167428149144145,0.9315934600653433,0.8741681374898789
ZC4H2_Ala162Thr,0,0,false,0,0,false,0.6325524172812277,0.8502638266287432,0.7414081219549855
BRCA1_Leu660Pro,0,0,false,0,0,false,0.6971719961665781,0.5429659929631443,0.6200689945648612
ZC4H2_Arg211Trp,0,0,false,0,0,false,0.7362756564933739,0.8338733312953968,0.7850744938943853
CCM2_Pro240Leu,1,1,true,0,0,false,0.9011078106010407,0.90087882658689,0.9009933185939654
BRAF_Thr241Arg,0,,false,0,,false,0.8299258911292274,,
FH_Arg233Leu,0,0,false,0,0,false,0.6513057530980928,0.6740664054693245,0.6626860792837086
BRCA1_Asp67Tyr,1,1,true,1,0,false,0.9909520492431141,0.9162230980428752,0.9535875736429946
CCM2_His247Asp,0,0,false,0,0,false,0.8606884361786479,0.827701243492175,0.8441948398354114
SDHD_Tyr114Cys,0,0,false,0,0,false,0.8682120279262554,0.7852056285483986,0.8267088282373269
BRCA1_His299Tyr,1,1,true,1,1,true,0.9752599466533104,0.9839165423156767,0.9795882444844936
BRCA1_Thr581Ala,1,1,true,0,0,false,0.9167490291041217,0.8837938926005537,0.9002714608523377
F9_His303Tyr,0,0,false,0,0,false,0.6756812609368683,0.7437183219804284,0.7096997914586484
KRAS_Gly60Arg,0,0,false,0,0,false,0.4536582316669326,0.6027650545330492,0.5282116430999909
SOS2_Val869Ile,0,0,false,0,0,false,0.660541002024487,0.7995106102292324,0.7300258061268596
FARS2_Asn280Ser,0,0,false,0,0,false,0.7753062704216714,0.8389461083420068,0.8071261893818391
SDHD_Gly138Val,0,0,false,0,0,false,0.7797279374041839,0.8424335559451765,0.8110807466746802
F9_Arg191Cys,0,0,false,0,0,false,0.8294935729820571,0.5868911879567651,0.708192380469411
SHOC2_Leu174Phe,1,1,true,0,0,false,0.9295363964837904,0.9381013085387566,0.9338188525112735
BAP1_Arg59Pro,0,0,false,0,0,false,0.5309453839443148,0.7760629629165843,0.6535041734304495
F9_Thr194Ala,0,0,false,0,0,false,0.780442232559193,0.6835627637597309,0.732002498159462
BRIP1_Thr266Lys,0,0,false,0,0,false,0.7205994418325683,0.7507343851230628,0.7356669134778155
KRAS_Gly12Asp,0,1,false,0,0,false,0.7891330351514627,0.9535033127374848,0.8713181739444738
CCM2_Asp442Asn,0,0,false,0,0,false,0.8341156705408429,0.8118017515871973,0.8229587110640201
CCM2_Thr267Asn,1,0,false,0,0,false,0.8812393569386083,0.7031087459184417,0.792174051428525
LMNA_Ala43Thr,1,1,true,0,0,false,0.9215057423653835,0.951718694174347,0.9366122182698653
F9_Pro414Thr,0,0,false,0,0,false,0.7411643768406764,0.6182419183696461,0.6797031476051613
CTCF_Arg567Leu,0,0,false,0,0,false,0.5725732678815956,0.5955774829893721,0.5840753754354838
KRAS_Tyr71His,0,,false,0,,false,0.5929192664186796,,
CCM2_Ala179Ser,0,0,false,0,0,false,0.7743634688186157,0.8318676734892849,0.8031155711539504
RAF1_Leu613Val,0,,false,0,,false,0.7624597863846476,,
RHO_Cys110Tyr,0,1,false,0,0,false,0.8727911260092511,0.8790816179354187,0.875936371972335
CCM2_Arg423Cys,0,0,false,0,0,false,0.766667504626434,0.6708428342937189,0.7187551694600764
CCM2_Ser408Arg,1,1,true,1,0,false,0.9611432179853491,0.8927165837803729,0.926929900882861
CCM2_Gly214Cys,0,0,false,0,0,false,0.8375494283992175,0.766927199854673,0.8022383141269452
SHOC2_Ser2Gly,1,,,0,,false,0.8812307260582743,,
CCM2_Asp440Asn,0,1,false,0,0,false,0.7694847133703172,0.9206350761689622,0.8450598947696397
BRIP1_His587Arg,0,0,false,0,0,false,0.7961700191551923,0.6292249630555719,0.712697491105382
CCM2_Ser183Leu,0,0,false,0,0,false,0.8389335158636836,0.7072684516134076,0.7731009837385456
CCM2_Gly188Arg,0,0,false,0,0,false,0.8654114254282169,0.6899057356199406,0.7776585805240788
RET_Val292Met,0,0,false,0,0,false,0.5597747988299053,0.6522687131589785,0.6060217559944419
FARS2_Asp325Tyr,0,0,false,0,0,false,0.7875315940839283,0.6455699269581424,0.7165507605210353
BRCA1_Cys44Tyr,0,1,false,0,0,false,0.831148627985987,0.9441987717219411,0.887673699853964
CCM2_Gly379Ser,0,1,false,0,0,false,0.8624543701798596,0.8757578730431157,0.8691061216114877
LMNA_Arg377Leu,0,0,false,0,0,false,0.732651144476482,0.6803825019777638,0.706516823227123
CCM2_Ile92Thr,0,0,false,0,0,false,0.8654767464076855,0.8076070427269314,0.8365418945673084
CCM2_Thr395Ile,0,0,false,0,0,false,0.8402805792646698,0.7074631606004569,0.7738718699325633
F9_Ser406Leu,1,1,true,0,0,false,0.8868635815796786,0.9457045820372267,0.9162840818084527
F9_Ile7Phe,0,0,false,0,0,false,0.6658774891976692,0.5481832914031204,0.6070303903003949
CCM2_Glu264Asp,1,0,false,0,0,false,0.9048954021041328,0.8629082381555303,0.8839018201298315
FH_Asn340Lys,0,,false,0,,false,0.7936091313455258,,
CCM2_Asp301Gly,0,0,false,0,0,false,0.8151995756822146,0.7551056153413952,0.7851525955118048
KRAS_Gly13Asp,0,1,false,0,0,false,0.6073739488369176,0.8983153587583257,0.7528446537976217
CCM2_Asp110Asn,0,0,false,0,0,false,0.8673501503371424,0.8271564542066092,0.8472533022718758
