allele_0,Altered_AGP_95_batch13,Altered_AGP_95_batch14,Altered_AGP_95_both_batches,Altered_AGP_99_batch13,Altered_AGP_99_batch14,Altered_AGP_99_both_batches,AUROC_batch13,AUROC_batch14,AUROC_Mean
CCM2_Ser60Arg,0,1,false,0,0,false,0.9353055234657718,0.9021193769311032,0.9187124501984375
CCM2_Glu54Lys,0,1,false,0,0,false,0.864799724226625,0.8915444613855789,0.8781720928061019
SOS2_Val869Ile,1,1,true,1,1,true,0.9818388517981322,0.9874451617829887,0.9846420067905605
FH_His318Tyr,0,0,false,0,0,false,0.9010962748991456,0.8743944008886777,0.8877453378939116
CCM2_Arg389Trp,0,0,false,0,0,false,0.89107260141191,0.8485384680077395,0.8698055347098248
BRIP1_Leu195Pro,0,0,false,0,0,false,0.6595460545978806,0.7121556631762217,0.6858508588870511
F9_Ile7Phe,0,0,false,0,0,false,0.6045212236661197,0.5815975833010563,0.593059403483588
SDHD_Gly138Val,0,0,false,0,0,false,0.842939506578824,0.8643440041773732,0.8536417553780986
SDHD_His50Asp,0,0,false,0,0,false,0.9341050188181299,0.8809122384551284,0.9075086286366292
CCM2_Gly407Asp,0,0,false,0,0,false,0.9268910945045151,0.8375793390689283,0.8822352167867218
BRAF_Gln257Arg,0,0,false,0,0,false,0.7482928419550411,0.7208613333729822,0.7345770876640116
RAD51D_Arg55Trp,0,0,false,0,0,false,0.7310209948174875,0.7123554891322557,0.7216882419748716
CCM2_Gly24Asp,0,0,false,0,0,false,0.9124878891697304,0.8543849259885008,0.8834364075791157
CCM2_Thr106Ile,1,1,true,0,0,false,0.949282097822255,0.9100074926498527,0.9296447952360538
ZC4H2_Arg213Trp,0,0,false,0,0,false,0.734236566256333,0.8631221770602862,0.7986793716583096
BRCA1_Cys61Gly,1,0,false,0,0,false,0.9382680897369753,0.83386982555295,0.8860689576449626
CCM2_Ile197Leu,0,0,false,0,0,false,0.7971432889018938,0.7738420935914895,0.7854926912466916
SOS2_Pro1318Ser,0,0,false,0,0,false,0.6887243058977645,0.8100490546522804,0.7493866802750224
SDHD_Val111Ile,0,0,false,0,0,false,0.7903913226120411,0.8743478894614917,0.8323696060367665
CCM2_Leu212Val,0,0,false,0,0,false,0.804289138926686,0.8740153386044276,0.8391522387655568
CCM2_Ala123Val,0,0,false,0,0,false,0.8671395493219555,0.7670917273416421,0.8171156383317988
CCM2_Ala205Asp,0,1,false,0,0,false,0.8954220517118685,0.9289947716397678,0.9122084116758182
F9_Arg384Leu,0,0,false,0,0,false,0.5747914264922237,0.6069151492582734,0.5908532878752486
BRCA1_Thr587Arg,0,1,false,0,0,false,0.914388731015901,0.8900549220076304,0.9022218265117656
RAF1_Asn71Ser,0,0,false,0,0,false,0.6137224913396894,0.7134220825236429,0.6635722869316661
RAD51D_Gly289Ser,0,1,false,0,0,false,0.8848897946836229,0.9409617617917445,0.9129257782376837
RET_Arg313Gln,0,0,false,0,0,false,0.8072101041676472,0.8362920594514416,0.8217510818095444
RAF1_Thr491Ile,0,0,false,0,0,false,0.7158286617781157,0.6183580755393122,0.6670933686587139
BRIP1_Val76Ile,0,0,false,0,0,false,0.6844133981290228,0.6745958346966116,0.6795046164128171
CCM2_Glu201Asp,0,0,false,0,0,false,0.8112375050167787,0.7959502117141173,0.803593858365448
CCM2_Pro240Leu,0,0,false,0,0,false,0.9180498462386559,0.7710571660398083,0.8445535061392322
LMNA_Arg377Leu,1,1,true,1,1,true,0.9809019974562119,0.9825461087800901,0.981724053118151
CCM2_Thr86Ile,0,1,false,0,0,false,0.9319910856546324,0.9122097298305354,0.9221004077425838
CCM2_Met439Ile,0,1,false,0,0,false,0.9139383777618382,0.9046180467835087,0.9092782122726735
ZC4H2_Val63Leu,0,1,false,0,0,false,0.837648116185566,0.9321174949448261,0.884882805565196
BRCA1_His299Tyr,1,1,true,0,0,false,0.9407185611386177,0.9528075263033645,0.9467630437209911
FH_Arg233Leu,0,0,false,0,0,false,0.623315681074625,0.6565749262015617,0.6399453036380933
CCM2_Ala295Thr,0,1,false,0,0,false,0.8713832839753212,0.8994232809010416,0.8854032824381814
RHO_Pro267Thr,0,1,false,0,0,false,0.9025171263040506,0.9715736384186505,0.9370453823613505
BRCA1_Pro510Ser,0,1,false,0,0,false,0.9118111337128814,0.9279514829560971,0.9198813083344892
F9_Cys170Tyr,0,1,false,0,0,false,0.7561848273421976,0.8865534239551376,0.8213691256486676
RAD51D_Ile251Val,1,1,true,0,0,false,0.9534029604719589,0.9634776583088173,0.9584403093903882
F9_Val227Ile,0,0,false,0,0,false,0.6025004035799757,0.5783218019352754,0.5904111027576255
ABCD1_Arg518Gln,0,0,false,0,0,false,0.7087000096964757,0.7733477088703725,0.7410238592834242
CCM2_Glu66Lys,0,0,false,0,0,false,0.8786457795547754,0.8615112124471521,0.8700784960009638
F9_Ser220Thr,0,0,false,0,0,false,0.7722172073904454,0.6420214737947247,0.7071193405925851
CCM2_Arg412Gln,0,0,false,0,0,false,0.7632405416634107,0.7445339075604445,0.7538872246119276
RET_Pro64Leu,1,0,false,0,0,false,0.9530161642274781,0.8366351888408243,0.8948256765341512
RET_Leu56Met,0,0,false,0,0,false,0.8922386929915563,0.7139921804489365,0.8031154367202464
BRIP1_Gln255His,0,0,false,0,0,false,0.7841145318724635,0.8116297048057426,0.7978721183391031
BAP1_Cys91Gly,0,0,false,0,0,false,0.7187541665516547,0.8150315617787417,0.7668928641651982
F9_Lys39Arg,0,0,false,0,0,false,0.46416947893294586,0.4760455283692873,0.4701075036511166
CCM2_Ala293Thr,0,0,false,0,0,false,0.8819598074742071,0.8667297878773154,0.8743447976757612
LMNA_Arg335Trp,0,0,false,0,0,false,0.8279131353541587,0.6694165414177452,0.748664838385952
CCM2_Leu182Pro,0,1,false,0,0,false,0.8409723787423813,0.8987672261389532,0.8698698024406673
F9_Glu73Lys,0,0,false,0,0,false,0.728972055903696,0.7098352375489585,0.7194036467263272
F9_Cys134Ser,0,0,false,0,0,false,0.770374504469749,0.6907037057543322,0.7305391051120406
CCM2_Ser398Tyr,0,1,false,0,0,false,0.9341162339635604,0.8999109040922189,0.9170135690278896
F9_Ala397Pro,0,0,false,0,0,false,0.7444868444254592,0.8454753262793433,0.7949810853524013
F9_Pro333Leu,,1,,,0,false,,0.8876100772023314,
BRCA1_Met1Thr,1,0,false,0,0,false,0.9527153734968281,0.8623721456022353,0.9075437595495317
SDHD_Tyr114Cys,0,0,false,0,0,false,0.8812581055560494,0.8303098099806919,0.8557839577683707
RAF1_Cys95Trp,0,0,false,0,0,false,0.805767475717292,0.8463627931994039,0.826065134458348
SDHD_Gly106Val,0,0,false,0,0,false,0.8343392162525063,0.8070916842991093,0.8207154502758078
CCM2_Pro165Ala,0,0,false,0,0,false,0.9155895305703673,0.8617276628790556,0.8886585967247114
F9_Asp410His,0,0,false,0,0,false,0.6151733421401693,0.7327200045453127,0.673946673342741
CCM2_Thr74Met,0,1,false,0,0,false,0.8411674093476661,0.9242204776685732,0.8826939435081196
F9_Arg191Cys,0,0,false,0,0,false,0.8216646242841691,0.7554353355654199,0.7885499799247945
FH_Pro174Arg,0,,false,0,,false,0.7848065989828991,,
BRAF_Glu501Lys,0,0,false,0,0,false,0.7519196371322805,0.8224787036917817,0.7871991704120311
CCM2_Lys30Glu,0,0,false,0,0,false,0.8706468893805076,0.775510595025548,0.8230787422030278
CCM2_Val255Leu,0,0,false,0,0,false,0.7368137324632159,0.7404185947396771,0.7386161636014466
BAP1_Asn290Ser,0,0,false,0,0,false,0.4980858979057414,0.652278002395132,0.5751819501504367
CCM2_Leu392Val,1,1,true,0,0,false,0.9551178430154627,0.9288720918713982,0.9419949674434305
LMNA_Ala43Thr,1,1,true,0,0,false,0.9396516603326881,0.9133695378053251,0.9265105990690066
RAD51D_Ala231Ser,0,1,false,0,0,false,0.7948659978902257,0.9009835130033984,0.8479247554468121
CCM2_Ser143Phe,0,0,false,0,0,false,0.7625928640047084,0.6716745806129125,0.7171337223088105
RAD51D_Cys9Ser,0,0,false,0,0,false,0.8021323314471392,0.8716861670864113,0.8369092492667753
CCM2_Gly188Arg,0,0,false,0,0,false,0.73588474026501,0.6427282559636247,0.6893064981143173
RAD51D_Asn138His,0,1,false,0,0,false,0.8948077182600973,0.9490494215219716,0.9219285698910344
CCM2_Gly436Ser,0,0,false,0,0,false,0.7688439787628583,0.811742335390312,0.7902931570765852
CCM2_Ser245Cys,0,0,false,0,0,false,0.7517473800508396,0.7846839748706458,0.7682156774607427
LMNA_Arg41His,1,1,true,0,0,false,0.9546879748106982,0.9459083085923632,0.9502981417015307
FARS2_Ile329Thr,0,0,false,0,0,false,0.8479652830539113,0.7411114826400237,0.7945383828469674
LMNA_Arg349Leu,0,0,false,0,0,false,0.8102874186572842,0.7547977913410235,0.7825426049991538
CTCF_Arg567Trp,0,1,false,0,0,false,0.9353934882605206,0.925778215348259,0.9305858518043898
CCM2_Gly418Glu,0,0,false,0,0,false,0.8614160067689695,0.8596479532307305,0.86053197999985
CCM2_His332Arg,1,1,true,0,0,false,0.9604484461790194,0.9315430892684884,0.9459957677237538
RET_Gly321Arg,0,0,false,0,0,false,0.9133247694306528,0.7575514441441777,0.8354381067874153
SDHD_Ile31Val,0,0,false,0,0,false,0.9092146244980089,0.8060784152900309,0.85764651989402
SDHD_His102Arg,0,0,false,0,0,false,0.8300745460760569,0.7733546771280568,0.8017146116020568
SHOC2_Glu25Gly,0,0,false,0,0,false,0.7750878643601726,0.7418334256889555,0.7584606450245641
CCM2_Ile432Phe,0,0,false,0,0,false,0.8744644422208675,0.8577356300274177,0.8661000361241427
BAP1_Arg718Gln,0,0,false,0,0,false,0.6324678911973177,0.5770429480093268,0.6047554196033222
CCM2_Ala179Ser,0,0,false,0,0,false,0.8438776052793217,0.8660982754947909,0.8549879403870563
BRAF_Gly596Val,1,1,true,1,1,true,0.9650002822404748,0.9827263301360674,0.9738633061882711
CCM2_Ser164Phe,0,0,false,0,0,false,0.890684087621429,0.8570462185117425,0.8738651530665857
SHOC2_Glu13Ala,1,0,false,1,0,false,0.9675799270557529,0.6330256924172691,0.800302809736511
RET_Arg67His,0,0,false,0,0,false,0.8188458712910882,0.6718183364343475,0.7453321038627179
RHO_Arg135Trp,1,1,true,1,1,true,0.9769099185317103,0.9837335836904696,0.98032175111109
ZC4H2_Ala162Thr,0,0,false,0,0,false,0.7885922907571303,0.8683484509498671,0.8284703708534987
CCM2_His109Arg,0,0,false,0,0,false,0.8732270592473507,0.7984251194938521,0.8358260893706013
CCM2_His137Arg,0,0,false,0,0,false,0.7048480446066733,0.6916778580795143,0.6982629513430938
CCM2_Ile136Val,0,0,false,0,0,false,0.8615815163844572,0.8490385479549226,0.8553100321696899
SDHD_His102Leu,1,1,true,0,0,false,0.947252744964598,0.9267390341730586,0.9369958895688283
BRAF_Leu485Phe,0,0,false,0,0,false,0.5661450889840837,0.5775729635304778,0.5718590262572807
CCM2_Ile432Thr,1,1,true,0,0,false,0.9645305094073611,0.9554142014836097,0.9599723554454853
CCM2_Ala179Thr,0,0,false,0,0,false,0.8293096945201711,0.7858229696802597,0.8075663321002153
SHOC2_Leu174Phe,1,1,true,0,0,false,0.9520932679612392,0.8911017667912078,0.9215975173762234
RET_Val262Ala,0,0,false,0,0,false,0.7781827768721448,0.7363850843844051,0.7572839306282749
BAP1_Cys91Ser,0,0,false,0,0,false,0.7779180969243228,0.6325873153894371,0.70525270615688
RAF1_Leu613Val,0,,false,0,,false,0.7364161258611203,,
BRCA1_Thr581Ile,0,1,false,0,0,false,0.9092375600621425,0.9271412523148135,0.918189406188478
CCM2_Ser166Ile,0,0,false,0,0,false,0.7824235517977263,0.7269948964272968,0.7547092241125115
ZC4H2_Ala200Thr,0,1,false,0,0,false,0.8069410503271048,0.9338751932930486,0.8704081218100768
FH_Arg101Pro,0,1,false,0,0,false,0.8801537331098237,0.8936658580417775,0.8869097955758005
CCM2_Ile425Thr,1,1,true,0,0,false,0.9645432291218254,0.9465642924794032,0.9555537608006144
BRCA1_Ser186Tyr,1,1,true,1,0,false,0.9737788841307277,0.9621113636599743,0.9679451238953509
CCM2_Pro102Ser,0,1,false,0,0,false,0.748271894623218,0.9164125535379942,0.8323422240806061
CCM2_Asn81Lys,0,0,false,0,0,false,0.7733403702252746,0.7559123199971922,0.7646263451112334
CCM2_Glu264Asp,0,1,false,0,0,false,0.9001896060023356,0.901495495424136,0.9008425507132358
RAF1_Ser427Gly,0,0,false,0,0,false,0.8314193235226529,0.8421119023640624,0.8367656129433576
RAD51D_Val66Met,0,0,false,0,0,false,0.8179277119701884,0.7154595109435239,0.7666936114568561
RAF1_Pro225Ser,0,0,false,0,0,false,0.7999178543484294,0.7949831825516199,0.7974505184500247
G6PD_Glu398Lys,0,0,false,0,0,false,0.6857507416320532,0.6565875508067958,0.6711691462194245
CCM2_Ser84Asn,0,1,false,0,0,false,0.7889791105666181,0.90558407641889,0.847281593492754
BRCA1_Glu143Lys,0,0,false,0,0,false,0.8955713661160429,0.8491444594512151,0.872357912783629
BRCA1_Cys39Arg,0,1,false,0,0,false,0.9137217340058423,0.9170687102373754,0.9153952221216088
LMNA_Arg386Thr,0,1,false,0,0,false,0.9260771229356421,0.895717817000669,0.9108974699681556
CCM2_Pro55Ala,0,1,false,0,0,false,0.9110882839046249,0.9082087924438325,0.9096485381742287
BRAF_Gly464Val,0,0,false,0,0,false,0.8220743875740791,0.819553662058156,0.8208140248161175
CCM2_Arg412Trp,0,0,false,0,0,false,0.8279165404849363,0.8754608927518494,0.8516887166183928
CTCF_Arg342Cys,0,0,false,0,0,false,0.7980792108414768,0.6789145506292014,0.7384968807353391
CCM2_Gly8Ser,0,0,false,0,0,false,0.7871604342645121,0.7982233805594415,0.7926919074119768
F9_Cys335Trp,0,0,false,0,0,false,0.7741940432245226,0.8728177194328309,0.8235058813286767
BAP1_Glu31Lys,0,0,false,0,0,false,0.5190594261515206,0.6011434644920295,0.560101445321775
CCM2_Lys23Arg,0,0,false,0,0,false,0.829962249657329,0.8758914269590776,0.8529268383082034
FANCC_Leu554Pro,0,1,false,0,0,false,0.9185174287367518,0.956978245322388,0.9377478370295699
CCM2_Thr296Ala,0,0,false,0,0,false,0.9111369074881778,0.876352833788022,0.8937448706380999
CCM2_Asp129His,0,0,false,0,0,false,0.8485131248679513,0.8249814460458627,0.8367472854569069
FLCN_Arg239Cys,0,0,false,0,0,false,0.8484363666697667,0.858095563825877,0.8532659652478218
FANCC_Leu496Arg,0,1,false,0,0,false,0.8060808157714119,0.9524697932812349,0.8792753045263234
F9_Glu79Asp,0,0,false,0,0,false,0.624655314780562,0.6449935782296168,0.6348244465050894
RAF1_Phe22Leu,0,0,false,0,0,false,0.6959964161221559,0.7217617961169218,0.7088791061195389
CCM2_Thr267Ile,0,1,false,0,0,false,0.8497218685391096,0.9148945710464393,0.8823082197927745
CCM2_Arg423Pro,1,1,true,0,0,false,0.9577271981884263,0.9411642968383783,0.9494457475134024
CCM2_Pro77Ser,0,0,false,0,0,false,0.8953139295214269,0.8606794898448754,0.8779967096831511
RPS19_Gly127Glu,0,0,false,0,0,false,0.8742458682336376,0.8404173017407848,0.8573315849872112
BRCA1_Val275Ile,0,1,false,0,0,false,0.9154008456443704,0.9575499119286874,0.936475378786529
CCM2_Asp442Asn,0,1,false,0,0,false,0.880764506356703,0.9376722083581207,0.9092183573574119
CCM2_Thr395Ile,0,1,false,0,0,false,0.9228877397045362,0.9094175415561687,0.9161526406303524
RAD51D_Glu307Lys,1,1,true,0,0,false,0.9590398418311258,0.9693014477509644,0.9641706447910451
CCM2_Ser202Arg,0,0,false,0,0,false,0.7887481705988423,0.6830134825388986,0.7358808265688704
SHOC2_Ser4Arg,0,0,false,0,0,false,0.9180943736465743,0.8080985350876836,0.8630964543671289
CCM2_Ser83Phe,0,0,false,0,0,false,0.8268946074435352,0.8127105844375797,0.8198025959405575
F9_Cys407Arg,0,0,false,0,0,false,0.8054950025083605,0.7819791443911247,0.7937370734497426
F9_Asp110Gly,0,0,false,0,0,false,0.8682703369041973,0.78482849321605,0.8265494150601236
FARS2_His135Asp,0,0,false,0,0,false,0.6754433308184951,0.6260270377742088,0.6507351842963519
SDHD_Leu139Arg,0,0,false,0,0,false,0.8461560115031072,0.8359888050434786,0.8410724082732929
FARS2_Gly3Val,0,0,false,0,0,false,0.7579250535477255,0.7254778234244152,0.7417014384860704
BRIP1_His587Arg,0,0,false,0,0,false,0.699855795832681,0.7365979805628727,0.7182268881977769
CCM2_Glu290Lys,0,0,false,0,0,false,0.7457979967033296,0.7554367426529175,0.7506173696781235
F9_Arg226Gln,0,0,false,0,0,false,0.7706772275201149,0.7238585015220481,0.7472678645210815
CCM2_Glu2Lys,0,0,false,0,0,false,0.8799930039258874,0.877817733236237,0.8789053685810622
F9_Gly357Arg,0,0,false,0,0,false,0.582100584468294,0.6290356888204685,0.6055681366443812
FH_Ala308Thr,0,1,false,0,0,false,0.9337486622872755,0.9278030839343621,0.9307758731108188
ABCD1_Arg389Gly,0,0,false,0,0,false,0.6887665001171852,0.7529031388632945,0.7208348194902399
F9_Thr194Ala,0,0,false,0,0,false,0.6633273479065258,0.6451334380833607,0.6542303929949432
CCM2_Glu128Lys,0,0,false,0,0,false,0.8984970031975678,0.8540135781309961,0.876255290664282
F9_Val257Ile,0,0,false,0,0,false,0.6587303270483099,0.612348215915929,0.6355392714821195
CCM2_Ala149Thr,0,0,false,0,0,false,0.8111706124818702,0.5640249676825297,0.6875977900821999
RAD51D_Ser46Cys,0,0,false,0,0,false,0.646948468082983,0.6555887017994018,0.6512685849411923
CCM2_Glu366Lys,1,1,true,0,0,false,0.953628796776974,0.961726221565331,0.9576775091711525
CCM2_Val216Ala,0,0,false,0,0,false,0.788819346167688,0.6204854800472033,0.7046524131074456
CCM2_Asp126Glu,0,0,false,0,0,false,0.8480602048437876,0.8533523864028982,0.8507062956233429
FARS2_Ala166Thr,0,0,false,0,0,false,0.6370303960480233,0.6479839477667335,0.6425071719073784
BRCA1_Phe591Leu,0,1,false,0,0,false,0.9212174631292718,0.8859929476156592,0.9036052053724655
CCM2_Ile372Leu,1,1,true,1,0,false,0.9701572787060849,0.9668975119896513,0.9685273953478681
BAP1_Leu49Pro,0,0,false,0,0,false,0.7249915388752513,0.6573221090769205,0.6911568239760859
CCM2_His137Gln,0,0,false,0,0,false,0.866587415735303,0.8257400705705619,0.8461637431529324
BRCA1_Asp67Tyr,1,1,true,0,0,false,0.9587707827180625,0.8907745672989336,0.924772675008498
CCM2_Ser408Arg,0,1,false,0,0,false,0.9200821054082274,0.9173614056814228,0.918721755544825
ZC4H2_Leu66His,1,1,true,0,0,false,0.9633536275335962,0.9690505195896728,0.9662020735616346
SDHD_Asp92Gly,0,0,false,0,0,false,0.9018121459491316,0.8158381311538452,0.8588251385514885
CCM2_His247Asp,0,0,false,0,0,false,0.7830767726255633,0.8803463551423013,0.8317115638839323
CCM2_Thr86Ser,0,1,false,0,0,false,0.8789708501552077,0.9221820024891599,0.9005764263221838
RHO_Asp190Gly,1,1,true,1,1,true,0.973871326723488,0.9795315278480028,0.9767014272857454
F9_Arg75Gln,0,0,false,0,0,false,0.5729967658920669,0.464970228843791,0.518983497367929
CCM2_Gly176Val,0,0,false,0,0,false,0.762396266453456,0.7985385958195854,0.7804674311365207
CCM2_Asp227Asn,0,0,false,0,0,false,0.7681309538203438,0.8211327314244588,0.7946318426224013
CTCF_Tyr407Cys,0,0,false,0,0,false,0.8062520727072294,0.6614940913889276,0.7338730820480786
CCM2_Tyr261Asp,0,0,false,0,0,false,0.9286911345531074,0.8793998921086766,0.904045513330892
RAD51D_Val28Leu,0,1,false,0,0,false,0.8839725446363323,0.9229132976854257,0.903442921160879
RAD51D_Phe305Leu,,1,,,0,false,,0.9326561923583545,
BRCA1_Thr581Ala,0,0,false,0,0,false,0.9030116271717452,0.8520433324779236,0.8775274798248345
CCM2_Arg423His,0,0,false,0,0,false,0.7908622390987037,0.7205467555692906,0.7557044973339971
CCM2_Pro271Thr,0,0,false,0,0,false,0.7392506989699229,0.6414059681611775,0.6903283335655501
BRCA1_Thr37Lys,0,0,false,0,0,false,0.9099221991247153,0.87455061964549,0.8922364093851026
CCM2_Pro281Ser,0,0,false,0,0,false,0.7007361401975314,0.7618955356192689,0.7313158379084002
BRCA1_Phe558Ser,0,1,false,0,0,false,0.9308024365566823,0.9300413434020081,0.9304218899793452
CCM2_Ala98Pro,0,0,false,0,0,false,0.812323493800029,0.8120134127964382,0.8121684532982336
RAD51D_His23Arg,0,1,false,0,0,false,0.8807734751440904,0.9262859447299913,0.9035297099370408
F9_Asp110Asn,0,0,false,0,0,false,0.7436241295810764,0.6972658323460702,0.7204449809635733
CCM2_Ser183Leu,0,1,false,0,0,false,0.889818080737533,0.9128151430058101,0.9013166118716716
ZC4H2_Arg211Trp,0,1,false,0,0,false,0.8753523082842992,0.9208244182493037,0.8980883632668015
SDHD_Leu107Pro,0,0,false,0,0,false,0.8569743213124418,0.821351088417951,0.8391627048651964
CCM2_Arg390Gln,0,0,false,0,0,false,0.8491557386704458,0.7326950156411711,0.7909253771558085
BRCA1_Gly666Val,0,0,false,0,0,false,0.905374571810571,0.8248239232178372,0.8650992475142041
SHOC2_Ser403Gly,0,1,false,0,0,false,0.9190794412170451,0.8973053296396158,0.9081923854283305
F9_His303Tyr,0,0,false,0,0,false,0.586632030944468,0.7151662846419982,0.650899157793233
CCM2_Ala205Thr,0,0,false,0,0,false,0.7654515030641801,0.6889755330713704,0.7272135180677752
CCM2_Ala140Thr,0,0,false,0,0,false,0.8046170013013483,0.7591813961469747,0.7818991987241615
CCM2_Ser330Phe,0,1,false,0,0,false,0.8888641487829053,0.9143907403141621,0.9016274445485337
BRCA1_Asn132Lys,1,1,true,0,0,false,0.9544798674417163,0.9064612890411237,0.93047057824142
CCM2_Val190Met,0,1,false,0,0,false,0.923468925746669,0.9396320522394827,0.9315504889930758
BAP1_Thr423Lys,0,0,false,0,0,false,0.6153002905177806,0.4970009991935067,0.5561506448556437
CCM2_Ala205Ser,0,0,false,0,0,false,0.8654371083982267,0.8130385166085071,0.8392378125033669
BRCA1_Ala102Gly,0,0,false,0,0,false,0.9080614217344603,0.8008915564922798,0.85447648911337
CCM2_Gly379Ser,1,1,true,0,0,false,0.9430792316631056,0.94410778277032,0.9435935072167128
CCM2_Tyr118Phe,0,0,false,0,0,false,0.887332693569212,0.6659411622971032,0.7766369279331575
CCM2_Ile130Val,0,0,false,0,0,false,0.8131092098617104,0.7773897643941474,0.795249487127929
RAF1_Asn140His,0,0,false,0,0,false,0.8008637628205076,0.7908219336296483,0.7958428482250779
CCM2_Pro77Gln,0,0,false,0,0,false,0.8324352074939475,0.6591404380164556,0.7457878227552015
CCM2_Glu51Ala,0,0,false,0,0,false,0.7913418283355199,0.8818769223813939,0.8366093753584569
F9_Arg191His,0,0,false,0,0,false,0.7518339615445655,0.7863865595924778,0.7691102605685216
BRAF_Val487Gly,0,0,false,0,0,false,0.6765742692118035,0.7968696578257537,0.7367219635187786
CCM2_Ser202Asn,0,0,false,0,0,false,0.7696293047433178,0.7706631776185998,0.7701462411809588
CCM2_Gly103Arg,1,1,true,0,0,false,0.9501630886442195,0.9307969544411826,0.940480021542701
CCM2_Gln313Arg,0,1,false,0,0,false,0.8211585340644613,0.8843221659637116,0.8527403500140864
CCM2_Phe91Ile,0,0,false,0,0,false,0.8873846432860389,0.8558736722065605,0.8716291577462998
CCM2_Leu195Pro,0,0,false,0,0,false,0.8232527101893289,0.8344321542990475,0.8288424322441882
FARS2_Ser57Cys,0,0,false,0,0,false,0.6479026046562409,0.6189456711032676,0.6334241378797543
CCM2_Asp61Asn,0,0,false,0,0,false,0.854072570793857,0.7990431035052253,0.8265578371495412
FARS2_Ile388Ser,0,0,false,0,0,false,0.7512853222117405,0.7229202849838836,0.737102803597812
FH_Asn340Lys,0,,false,0,,false,0.9166164475515988,,
SHOC2_Gln269Arg,0,0,false,0,0,false,0.7034325372287237,0.5925631045270634,0.6479978208778936
CCM2_Pro165Thr,0,0,false,0,0,false,0.7981126452451881,0.8135256216283786,0.8058191334367834
SHOC2_Thr321Ala,1,0,false,1,0,false,0.9769409488992881,0.6990133106060262,0.8379771297526571
F9_Ala233Thr,0,1,false,0,0,false,0.775574737902366,0.8912212975616018,0.833398017731984
BRAF_Phe468Ser,0,0,false,0,0,false,0.6842041802629649,0.695054024771055,0.68962910251701
F9_Cys28Arg,1,1,true,0,0,false,0.9458264867789534,0.9509372630088639,0.9483818748939087
BRCA1_His239Arg,0,1,false,0,0,false,0.9312856180684361,0.915422187205631,0.9233539026370335
CCM2_Met424Ile,0,0,false,0,0,false,0.7817295479717677,0.8188121976376993,0.8002708728047335
CCM2_Ile76Met,0,0,false,0,0,false,0.8664313255042909,0.7766729985378699,0.8215521620210804
F9_Glu27Lys,0,0,false,0,0,false,0.6077626066331344,0.5934040893585728,0.6005833479958536
FARS2_Tyr144Cys,0,0,false,0,0,false,0.7236909392375388,0.6496685603276995,0.6866797497826191
CCM2_Thr44Ile,0,1,false,0,0,false,0.8036315325396365,0.9002641777465802,0.8519478551431083
RAD51D_Ile17Val,0,1,false,0,0,false,0.9107998287096768,0.896111988582963,0.9034559086463199
FH_Ser419Pro,0,1,false,0,0,false,0.8773370007239154,0.9018804115409382,0.8896087061324268
CTCF_Arg342Gly,0,0,false,0,0,false,0.8386015774173865,0.7681794064875938,0.8033904919524901
CCM2_Arg40His,0,0,false,0,0,false,0.8442433926906708,0.8386039106830473,0.8414236516868591
SHOC2_Gly53Arg,0,0,false,0,0,false,0.8816101159079917,0.8491425140558854,0.8653763149819385
RAD51D_Thr328Ile,0,1,false,0,0,false,0.9031293954033862,0.9488310980965327,0.9259802467499594
BRCA1_Cys64Ser,0,0,false,0,0,false,0.665192591066776,0.5904017028232041,0.6277971469449901
BCL10_Ala5Ser,0,0,false,0,0,false,0.707528895168196,0.8285068625475089,0.7680178788578524
F9_Ser411Ile,0,0,false,0,0,false,0.568101870798119,0.6783313658562298,0.6232166183271743
FH_Leu303Ser,0,0,false,0,0,false,0.859268928404852,0.8204002263080932,0.8398345773564726
BRCA1_Met671Lys,0,0,false,0,0,false,0.9116781681071608,0.8635539212999332,0.887616044703547
CCM2_Asp440Asn,0,1,false,0,0,false,0.8894226467953913,0.9181722839373495,0.9037974653663704
BRAF_Gly469Glu,0,1,false,0,0,false,0.8194662027841655,0.9455754807623543,0.88252084177326
BRIP1_Arg848His,0,0,false,0,0,false,0.7491731842366169,0.8487688359703991,0.798971010103508
CCM2_Asp411Glu,0,0,false,0,0,false,0.869836877706617,0.7411175791060574,0.8054772284063372
CCM2_Asp431Asn,0,0,false,0,0,false,0.8625515565372214,0.8758832688864596,0.8692174127118405
CCM2_Tyr144Cys,0,0,false,0,0,false,0.8517736011112564,0.752189126554685,0.8019813638329707
CCM2_Asp410Val,0,0,false,0,0,false,0.8237460974756935,0.806292836471413,0.8150194669735533
BRCA1_Cys44Tyr,0,0,false,0,0,false,0.9066524143661844,0.8729902762931168,0.8898213453296506
F9_Ile316Thr,,1,,,0,false,,0.9175078848884123,
CCM2_Asp301Gly,0,1,false,0,0,false,0.8952153368229174,0.9362647805095579,0.9157400586662376
LMNA_Leu162Pro,0,0,false,0,0,false,0.8836403304174143,0.8733994403773238,0.878519885397369
RET_Arg330Gln,1,1,true,1,0,false,0.9707838684532181,0.9131511378755663,0.9419675031643922
CCM2_Ile92Thr,0,0,false,0,0,false,0.8426562642092751,0.8214671679810304,0.8320617160951527
CCM2_Gln218Arg,0,1,false,0,0,false,0.923215974033953,0.9274500697381369,0.9253330218860449
CCM2_Cys211Ser,0,1,false,0,0,false,0.8635285048844469,0.8902174359428093,0.8768729704136281
BRCA1_Arg71Lys,1,1,true,0,0,false,0.9452772116535713,0.9318387526566191,0.9385579821550951
CCM2_Glu108Gly,0,1,false,0,0,false,0.9112533041377294,0.8857604214817404,0.8985068628097349
BRCA1_Pro533Leu,0,1,false,0,0,false,0.9046777827911453,0.9120658558726263,0.9083718193318858
SHOC2_Ile112Thr,0,0,false,0,0,false,0.8124825875291124,0.7668552704562939,0.7896689289927031
BRAF_Val600Gly,0,1,false,0,0,false,0.8261058599222147,0.9460347609785704,0.8860703104503926
FH_Arg160Gly,1,,,1,,,0.9837924347182717,,
F9_Arg294Gln,0,0,false,0,0,false,0.8617514493114371,0.8641169537147129,0.862934201513075
CCM2_Leu298Met,0,0,false,0,0,false,0.870411328187648,0.8727946067517117,0.8716029674696799
RHO_Cys110Tyr,1,1,true,1,1,true,0.9709315205985769,0.9874507908671495,0.9791911557328632
BAP1_Arg59Pro,0,0,false,0,0,false,0.7984598136944672,0.8643465275670094,0.8314031706307383
CCM2_Lys65Glu,0,0,false,0,0,false,0.7561416134773054,0.7548360359372562,0.7554888247072808
CCM2_Arg346Cys,0,0,false,0,0,false,0.8799810006093308,0.8289427314681227,0.8544618660387268
CCM2_Glu433Lys,0,0,false,0,0,false,0.7519832663415652,0.7609296187124927,0.7564564425270289
CCM2_Gln72Arg,0,0,false,0,0,false,0.7754964205830374,0.8050645864342636,0.7902805035086504
F9_Ile136Thr,0,0,false,0,0,false,0.7400107309035774,0.7648545841502495,0.7524326575269135
CCM2_Ala237Val,0,0,false,0,0,false,0.6933062141927505,0.7257644074656598,0.7095353108292052
BAP1_Ser596Gly,0,0,false,0,0,false,0.6796596792339478,0.5160948709558142,0.597877275094881
CCM2_Glu223Val,0,0,false,0,0,false,0.8560499240032793,0.8694243338718853,0.8627371289375823
ZC4H2_Ile7Val,0,1,false,0,0,false,0.8936149046548247,0.9369051568891026,0.9152600307719636
BRCA1_Arg595Gln,0,1,false,0,0,false,0.9159245401802051,0.9017882958614198,0.9088564180208125
CTCF_Ala697Thr,0,0,false,0,0,false,0.5241640544122318,0.6931457300702335,0.6086548922412327
CCM2_Ala405Ser,0,0,false,0,0,false,0.9352903375504438,0.8687205527695214,0.9020054451599826
BRAF_Lys499Asn,0,0,false,0,0,false,0.6996246581318293,0.7097992368420202,0.7047119474869248
CCM2_Glu417Gly,0,0,false,0,0,false,0.8379398378615028,0.804177421602298,0.8210586297319005
CCM2_Asp376His,1,1,true,0,0,false,0.9477103544959412,0.9242286873543161,0.9359695209251286
CCM2_Val45Gly,0,0,false,0,0,false,0.7720923237813951,0.8254750022704905,0.7987836630259428
CCM2_Cys170Tyr,0,0,false,0,0,false,0.766425945786586,0.7320290271214153,0.7492274864540006
SDHD_Ala90Glu,0,0,false,0,0,false,0.8309871723130089,0.7970724451402329,0.8140298087266209
ZC4H2_Arg18Lys,0,1,false,0,0,false,0.9185601696203177,0.9393200513331863,0.9289401104767521
FARS2_Thr246Met,0,0,false,0,0,false,0.7023703706038089,0.7112466396093987,0.7068085051066038
FARS2_Leu371Phe,0,0,false,0,0,false,0.7424490977972589,0.7924054930913393,0.7674272954442991
SHOC2_Asn527Ser,0,0,false,0,0,false,0.8460453251256255,0.8177718096284736,0.8319085673770495
RET_Thr338Ile,0,1,false,0,0,false,0.7105123566417155,0.9027881067629824,0.806650231702349
BRCA1_Glu455Lys,0,0,false,0,0,false,0.9153739121502169,0.8656269708209633,0.8905004414855902
BRAF_Thr241Arg,0,,false,0,,false,0.7721124795906301,,
SHOC2_Ser57Phe,0,0,false,0,0,false,0.6792801073072422,0.8257663079559578,0.7525232076316
RAD51D_Val132Ile,0,1,false,0,0,false,0.8857411452603304,0.9182389071091395,0.9019900261847349
F9_Cys396Ser,0,0,false,0,0,false,0.711744430069609,0.834241491330143,0.772992960699876
GSS_Arg125Cys,0,0,false,0,0,false,0.6530716599756321,0.6194553452155342,0.6362635025955832
BRCA1_Met1Ile,1,1,true,1,0,false,0.9708351231137582,0.9128446786942379,0.941839900903998
CCM2_Arg40Cys,0,1,false,0,0,false,0.8145020473108954,0.8978392973530259,0.8561706723319606
CCM2_Gln441Arg,0,0,false,0,0,false,0.7634871801639825,0.7451633483056205,0.7543252642348015
CCM2_Thr267Asn,0,0,false,0,0,false,0.8393196943509319,0.6617465125855033,0.7505331034682177
SDHD_Phe34Cys,0,0,false,0,0,false,0.9110751086339479,0.8535434769328026,0.8823092927833753
CCM2_Gly162Glu,0,0,false,0,0,false,0.7617421773582059,0.7356631654030076,0.7487026713806068
CTCF_Asp46Asn,0,0,false,0,0,false,0.772836679383644,0.7602714305498538,0.7665540549667489
CCM2_Val374Met,0,0,false,0,0,false,0.8750755506248921,0.8680389122253304,0.8715572314251112
BRIP1_Thr266Lys,0,1,false,0,0,false,0.9278881751694511,0.90745197332534,0.9176700742473956
F9_His282Tyr,0,0,false,0,0,false,0.650771112292108,0.7551715266446457,0.7029713194683769
CCM2_Ser426Leu,0,1,false,0,0,false,0.8449009024997549,0.9030201410314077,0.8739605217655813
BCL10_Leu8Leu,0,0,false,0,0,false,0.6352976459867357,0.7592329523787694,0.6972652991827526
CCM2_Thr394Ser,0,0,false,0,0,false,0.9264438959766365,0.8639711382094571,0.8952075170930468
CCM2_Ile331Phe,1,1,true,1,0,false,0.9754595944210599,0.9509539984309182,0.963206796425989
F9_Ser406Leu,0,0,false,0,0,false,0.8405685454044737,0.8780270969461299,0.8592978211753017
BRCA1_Val632Ala,0,1,false,0,0,false,0.8772968783547237,0.9247600758234454,0.9010284770890846
CCM2_Gly5Ser,0,1,false,0,0,false,0.8550074834345051,0.9408029972988242,0.8979052403666646
F9_Cys335Tyr,0,0,false,0,0,false,0.8819927674073826,0.8804889522580996,0.8812408598327411
CCM2_Gly188Glu,0,0,false,0,0,false,0.7414781365685089,0.8445473713616461,0.7930127539650775
FH_Arg233Cys,0,0,false,0,0,false,0.591142855004605,0.687703462456375,0.6394231587304899
BRAF_Val471Phe,1,1,true,1,0,false,0.9661325211342289,0.9649148712016956,0.9655236961679623
F9_Val195Gly,0,0,false,0,0,false,0.6639941960024667,0.622762978974506,0.6433785874884863
SDHD_Ala90Val,0,0,false,0,0,false,0.7787970486630793,0.7325650632500709,0.7556810559565751
BRAF_Asp565Glu,0,0,false,0,0,false,0.6687514949660767,0.5939184049658881,0.6313349499659824
FH_Gln376Pro,0,1,false,0,0,false,0.8970850884189809,0.8891893934119484,0.8931372409154646
ZC4H2_Arg198Gln,0,0,false,0,0,false,0.8397023423212076,0.8529203727580343,0.846311357539621
CCM2_Asp419Tyr,0,0,false,0,0,false,0.8252838472359086,0.857659204836287,0.8414715260360979
CCM2_Leu310Val,0,0,false,0,0,false,0.7537551192060757,0.8500498165644705,0.8019024678852731
RET_Val292Met,0,0,false,0,0,false,0.7418593421567587,0.7182645813064765,0.7300619617316176
F9_Pro414Thr,0,0,false,0,0,false,0.5713085317690365,0.5398481381545175,0.555578334961777
BRCA1_Cys64Tyr,1,1,true,1,0,false,0.9730828220329724,0.9493837665828397,0.961233294307906
CCM2_Arg346His,0,0,false,0,0,false,0.8456588966634091,0.8081088813144248,0.826883888988917
CCM2_Pro102Leu,0,1,false,0,0,false,0.7994483010607292,0.9139565167248028,0.8567024088927659
CCM2_His364Tyr,0,0,false,0,0,false,0.8342500160070722,0.8557165843055491,0.8449833001563106
BRCA1_Leu460Pro,0,1,false,0,0,false,0.8746551314367813,0.9238268256954807,0.899240978566131
F9_Gly442Arg,0,0,false,0,0,false,0.7492680935785165,0.47854928950637193,0.6139086915424442
F9_Pro175Ser,0,0,false,0,0,false,0.7250776902536834,0.6747744992220248,0.699926094737854
F9_Phe395Ile,0,0,false,0,0,false,0.7122875845034075,0.8062380577818159,0.7592628211426117
RAD51D_Arg165Gln,0,1,false,0,0,false,0.8087444747462854,0.9206384594597057,0.8646914671029955
CCM2_Asp410His,0,0,false,0,0,false,0.777879511085493,0.6598046162987334,0.7188420636921132
RAF1_Thr145Pro,0,0,false,0,0,false,0.7812129413187235,0.6949013084563911,0.7380571248875574
FARS2_Asp142Tyr,0,0,false,0,0,false,0.6769868661927881,0.6936178877958527,0.6853023769943204
SDHD_Arg70Thr,0,0,false,0,0,false,0.8712931700523606,0.8071245964094022,0.8392088832308814
BRCA1_Leu660Pro,0,0,false,0,0,false,0.7869883368284541,0.5390418791814273,0.6630151080049407
BRCA1_Met548Ile,1,1,true,0,0,false,0.9429073217627154,0.9493701734682697,0.9461387476154925
BRCA1_Ser408Ile,0,0,false,0,0,false,0.9086261201690247,0.7291219676646428,0.8188740439168337
RAD51D_Glu233Gly,0,1,false,0,0,false,0.8737579764020821,0.8967476179637639,0.8852527971829229
F9_Val374Phe,0,0,false,0,0,false,0.7320721929340855,0.7913960425636573,0.7617341177488715
F9_Asn166Tyr,0,0,false,0,0,false,0.7972960987930156,0.8692814635057032,0.8332887811493594
F9_Arg3His,0,0,false,0,0,false,0.6324728600124633,0.6656168471071865,0.6490448535598249
CCM2_Glu333Val,0,0,false,0,0,false,0.856993632835979,0.8328617901054775,0.8449277114707282
BRCA1_Gly602Ala,0,1,false,0,0,false,0.9204675782920699,0.9357264373572229,0.9280970078246464
RAF1_Thr491Arg,0,0,false,0,0,false,0.7758778365355458,0.6928103537942536,0.7343440951648996
FARS2_His84Pro,0,0,false,0,0,false,0.8085540786477744,0.7207950114303019,0.7646745450390382
CCM2_Ser248Gly,0,0,false,0,0,false,0.8182802577383493,0.7638038468663794,0.7910420523023644
BRCA1_Glu116Lys,0,0,false,0,0,false,0.8997581228520514,0.8685349197079164,0.8841465212799839
BRCA1_Lys502Glu,0,0,false,0,0,false,0.8853565853297606,0.834676051235093,0.8600163182824268
BRAF_Leu245Phe,0,0,false,0,0,false,0.8246017482336747,0.749189433932763,0.7868955910832189
F9_Pro197Ser,0,0,false,0,0,false,0.6119787070567009,0.6182544835470235,0.6151165953018622
CTCF_Tyr226Cys,0,0,false,0,0,false,0.7696342836386185,0.706860760395464,0.7382475220170412
RAD51D_Val66Leu,0,0,false,0,0,false,0.8389360038622496,0.6069124412868073,0.7229242225745285
BRAF_Gln262Lys,0,0,false,0,0,false,0.7418021366726815,0.5478799800519032,0.6448410583622923
F9_Arg384Pro,0,0,false,0,0,false,0.5822627811327424,0.5154848989713752,0.5488738400520587
F9_Arg379Gln,0,0,false,0,0,false,0.6095803779193913,0.8248786779480388,0.7172295279337151
F9_Ile210Thr,0,0,false,0,0,false,0.7772071254523895,0.7969390629561975,0.7870730942042935
BRAF_Glu501Val,0,0,false,0,0,false,0.5162034704749344,0.5487894135502444,0.5324964420125894
CCM2_Arg423Cys,0,0,false,0,0,false,0.7418462178119639,0.6930264897054216,0.7174363537586927
FANCC_Asp195Val,0,0,false,0,0,false,0.8836968194865118,0.8679383114423312,0.8758175654644216
BRCA1_Arg391Met,1,1,true,0,0,false,0.9497984108090004,0.9019704211817761,0.9258844159953883
G6PD_Ile48Thr,0,1,false,0,0,false,0.6773726472083663,0.9095239752944728,0.7934483112514196
ZC4H2_Ala157Thr,0,1,false,0,0,false,0.8795583823130079,0.920207730610582,0.899883056461795
FARS2_Asp325Tyr,0,0,false,0,0,false,0.7224129475293346,0.7109054393595837,0.7166591934444592
SHOC2_Thr205Ala,0,0,false,0,0,false,0.8430397534984986,0.7906335064419769,0.8168366299702378
CTCF_Arg567Leu,0,0,false,0,0,false,0.4704783921339683,0.605650616489998,0.5380645043119832
BRCA1_His41Arg,0,1,false,0,0,false,0.9180190411090324,0.9407984783796364,0.9294087597443343
FARS2_Gly309Ser,0,0,false,0,0,false,0.8998650905263066,0.7744023055282723,0.8371336980272894
BAP1_Thr93Ala,0,0,false,0,0,false,0.6362000012952241,0.5627802399760888,0.5994901206356564
CCM2_Gly214Cys,0,0,false,0,0,false,0.8053362973045033,0.8473575128225727,0.8263469050635379
FARS2_Asn280Ser,0,0,false,0,0,false,0.8364156324435186,0.769635431082419,0.8030255317629689
F9_Glu73Val,0,0,false,0,0,false,0.6270908471789142,0.574556031562335,0.6008234393706247
CCM2_Ser416Ala,0,0,false,0,0,false,0.7244320836145838,0.8572258208526399,0.7908289522336118
CCM2_Ile131Asn,0,0,false,0,0,false,0.7808867169828521,0.7465032899577911,0.7636950034703216
CTCF_His455Gln,1,0,false,1,0,false,0.9697413493209072,0.8606907982883133,0.9152160738046102
RPS19_Arg101His,0,0,false,0,0,false,0.7028646139639885,0.6200651778597204,0.6614648959118544
CCM2_Arg52Cys,0,0,false,0,0,false,0.8320754842408546,0.7681952686663347,0.8001353764535947
CCM2_Asp110Asn,0,0,false,0,0,false,0.8923169569226429,0.839428551238626,0.8658727540806345
SDHD_His102Pro,0,1,false,0,0,false,0.911754221775473,0.8844697790259992,0.8981120004007361
CCM2_Thr241Ile,0,1,false,0,0,false,0.9217400395486214,0.9619086835023911,0.9418243615255062
RAF1_Gly361Ala,0,1,false,0,0,false,0.9272565960609439,0.9215944194386212,0.9244255077497825
RAF1_Leu603Pro,1,1,true,0,0,false,0.9398959418348838,0.9145242728294307,0.9272101073321573
CCM2_Thr44Ser,0,1,false,0,0,false,0.9305572000643352,0.9338850836523059,0.9322211418583206
F9_Trp453Arg,0,1,false,0,0,false,0.7698384278762065,0.9403539146154916,0.855096171245849
CCM2_Gly188Trp,0,0,false,0,0,false,0.8380017832806993,0.8490020211120746,0.843501902196387
F9_Ile443Thr,0,0,false,0,0,false,0.6349475052381794,0.6254171119251482,0.6301823085816638
CCM2_His364Arg,0,0,false,0,0,false,0.8223149472595622,0.8444672477957159,0.8333910975276391
CCM2_Asp411Asn,0,0,false,0,0,false,0.7159365421976167,0.7049512457413726,0.7104438939694946
CCM2_Ala232Val,0,0,false,0,0,false,0.7957349160809177,0.7746451789856525,0.7851900475332851
CCM2_Ser15Leu,0,,false,0,,false,0.907602819332685,,
SDHD_Glu69Lys,0,0,false,0,0,false,0.8894584643146449,0.8680985288630207,0.8787784965888328
RAD51D_Val56Gly,0,0,false,0,0,false,0.7903470561584305,0.6049024150896948,0.6976247356240626
BAP1_Pro12Thr,0,0,false,0,0,false,0.6416290286580817,0.5555168145010463,0.598572921579564
SDHD_His50Arg,0,0,false,0,0,false,0.8719928321814725,0.8378481675212374,0.8549204998513549
ZC4H2_Pro201Ser,0,0,false,0,0,false,0.7175626828034266,0.8348792037272437,0.7762209432653351
CCM2_Asn94Ser,0,0,false,0,0,false,0.8703831554763307,0.828928019650431,0.8496555875633809
CCM2_Ser251Tyr,0,1,false,0,0,false,0.8502940072845977,0.9013088046606961,0.8758014059726469
CCM2_Arg19Gln,0,1,false,0,0,false,0.8947455593072773,0.9338297629269102,0.9142876611170938
G6PD_Arg365His,0,0,false,0,0,false,0.740656644322949,0.504684733769262,0.6226706890461056
G6PD_Gly378Ser,0,0,false,0,0,false,0.5162071505102306,0.604818612219922,0.5605128813650763
RPS19_Arg62Trp,0,,false,0,,false,0.5877760909668668,,
RAF1_Asp486Asn,0,0,false,0,0,false,0.9053125702290953,0.8715175779120291,0.8884150740705622
BRCA1_Glu631Lys,0,1,false,0,0,false,0.8609513783183007,0.9213786545766204,0.8911650164474605
CCM2_Ser393Gly,1,0,false,0,0,false,0.9454022111974787,0.8570632367241967,0.9012327239608378
F9_His282Arg,0,0,false,0,0,false,0.7482211894547589,0.7913699564039575,0.7697955729293582
RAD51D_Met308Val,1,1,true,0,1,false,0.9519753630441335,0.9782166968374082,0.9650960299407709
F9_Tyr161Cys,0,1,false,0,0,false,0.8054023729403156,0.8884079349073506,0.846905153923833
SHOC2_Met173Val,1,0,false,0,0,false,0.9443311232849014,0.842184246675346,0.8932576849801237
BRIP1_Ser520Thr,0,0,false,0,0,false,0.6929974826337902,0.7430743432933519,0.718035912963571
SDHD_Ser68Gly,0,0,false,0,0,false,0.8837958005716589,0.8149245968509216,0.8493601987112902
BRCA1_Arg71Gly,1,1,true,0,0,false,0.940321856870626,0.9404281751104907,0.9403750159905584
FARS2_Arg419Cys,0,0,false,0,0,false,0.67991349779559,0.7353374141674315,0.7076254559815107
CCM2_His151Tyr,0,0,false,0,0,false,0.928357558805902,0.805427558847359,0.8668925588266305
CTCF_Pro643Ser,0,0,false,0,0,false,0.6598887700312495,0.7041990439999969,0.6820439070156232
CCM2_Tyr221Asp,0,1,false,0,0,false,0.8576828644876174,0.9151713295516068,0.8864270970196122
FH_Leu507Pro,1,,,0,,false,0.941708509775386,,
ZC4H2_Lys217Arg,0,0,false,0,0,false,0.8915689837768885,0.8677867382073803,0.8796778609921344
SHOC2_Ser2Gly,1,,,0,,false,0.9445404273697964,,
RET_Thr278Asn,0,0,false,0,0,false,0.8256731724420541,0.6689644492275445,0.7473188108347992
BRCA1_Ser611Arg,1,1,true,0,0,false,0.9507932560196941,0.9396248586533601,0.945209057336527
CCM2_Thr222Met,0,0,false,0,0,false,0.8882467254318983,0.8594445670168106,0.8738456462243545
FH_Ser334Arg,0,0,false,0,0,false,0.8589931606726063,0.838310274110057,0.8486517173913317
CCM2_Glu366Gln,1,0,false,0,0,false,0.9445227431272113,0.8485404296942335,0.8965315864107224
RAF1_Asp381Asn,0,0,false,0,0,false,0.554141112266058,0.6776240956846027,0.6158826039753303
RPS19_Val15Phe,0,0,false,0,0,false,0.8354004220502114,0.8311746588573784,0.8332875404537949
