allele_0,Altered_DNA_95_batch14,Altered_DNA_95_batch13,Altered_DNA_95_both_batches,Altered_DNA_99_batch14,Altered_DNA_99_batch13,Altered_DNA_99_both_batches,AUROC_batch14,AUROC_batch13,AUROC_Mean
SDHD_His50Asp,0,1,false,0,0,false,0.7856244238428094,0.8488139186065639,0.8172191712246866
CCM2_Gly379Ser,0,0,false,0,0,false,0.7533384627319554,0.7717446636278967,0.762541563179926
CCM2_Pro271Thr,0,0,false,0,0,false,0.7233946879008228,0.7286945291040546,0.7260446085024388
CCM2_Ser202Asn,0,0,false,0,0,false,0.6662454808694813,0.7619145465093914,0.7140800136894363
FH_Gln376Pro,1,0,false,0,0,false,0.8556528408751934,0.7859056690255877,0.8207792549503905
RET_Thr278Asn,0,0,false,0,0,false,0.5392557432710541,0.7689220201987548,0.6540888817349044
FARS2_Gly3Val,0,0,false,0,0,false,0.48258131790836933,0.613947755326278,0.5482645366173237
BRCA1_Arg595Gln,1,0,false,1,0,false,0.9042748552747004,0.7604411608793911,0.8323580080770457
RAD51D_Ile17Val,0,1,false,0,0,false,0.7865085636764857,0.8558146293961573,0.8211615965363215
CCM2_Gly8Ser,0,0,false,0,0,false,0.7796016066822608,0.7454997999237096,0.7625507033029852
RAD51D_Met308Val,1,1,true,1,0,false,0.9316261742150724,0.8196698329128753,0.8756480035639739
BRIP1_Gln255His,0,0,false,0,0,false,0.7232732673439862,0.6969966491731286,0.7101349582585574
RAF1_Asp486Asn,0,0,false,0,0,false,0.6808674936830288,0.7916608191821694,0.7362641564325991
RAF1_Pro225Ser,0,0,false,0,0,false,0.5492221396366254,0.6431031842912733,0.5961626619639493
F9_Glu79Asp,0,0,false,0,0,false,0.7409098527923751,0.6377602432753857,0.6893350480338805
RAD51D_Ser46Cys,0,0,false,0,0,false,0.5392594278649514,0.4417403194913215,0.4904998736781364
SHOC2_Ile112Thr,0,0,false,0,0,false,0.5810832363777728,0.7232494537137047,0.6521663450457388
CCM2_Glu223Val,0,0,false,0,0,false,0.7597577262132714,0.658751942669772,0.7092548344415217
CTCF_Arg567Trp,1,1,true,1,1,true,0.9789552684935916,0.958814571357891,0.9688849199257413
RAD51D_Val56Gly,0,0,false,0,0,false,0.427543295429101,0.6506081281818463,0.5390757118054736
BRIP1_Leu195Pro,0,0,false,0,0,false,0.6409849852160716,0.6857644396183068,0.6633747124171891
RET_Arg67His,0,0,false,0,0,false,0.6356580884512563,0.7370609418645981,0.6863595151579271
CCM2_Ile331Phe,0,0,false,0,0,false,0.7693831755081613,0.7935848559352578,0.7814840157217096
BAP1_Glu31Lys,0,0,false,0,0,false,0.6450377460662851,0.5517911511141563,0.5984144485902207
BRCA1_Met671Lys,0,1,false,0,1,false,0.7977029247017272,0.9102883342188165,0.8539956294602719
RET_Gly321Arg,0,1,false,0,1,false,0.6210943775883868,0.8969964654655831,0.759045421526985
ZC4H2_Lys217Arg,1,1,true,0,0,false,0.8374510801141866,0.863185593859517,0.8503183369868518
CCM2_Ile76Met,0,0,false,0,0,false,0.7393300465184262,0.681724372179019,0.7105272093487226
F9_Glu27Lys,0,0,false,0,0,false,0.6045048961910338,0.7978611430742861,0.7011830196326599
CCM2_Asp411Asn,0,0,false,0,0,false,0.7165932211861227,0.7168452607983284,0.7167192409922256
F9_Ser411Ile,0,0,false,0,0,false,0.6679422758627646,0.5720512359304173,0.6199967558965909
RAF1_Leu603Pro,0,1,false,0,0,false,0.7247164039514323,0.8371185622746348,0.7809174831130336
CCM2_Gly24Asp,,1,,,0,false,,0.8404840189960122,
CCM2_Arg346Cys,0,0,false,0,0,false,0.6595261581130546,0.8111947148746553,0.735360436493855
CCM2_Asn81Lys,0,0,false,0,0,false,0.7240174919541144,0.7438541781201936,0.733935835037154
BAP1_Ser596Gly,0,0,false,0,0,false,0.5044037424813426,0.5423182660052609,0.5233610042433017
F9_Arg384Leu,0,0,false,0,0,false,0.5983137089869622,0.6540329307427528,0.6261733198648576
BRAF_Val487Gly,0,0,false,0,0,false,0.6554421850724196,0.507385551881682,0.5814138684770508
SHOC2_Leu174Phe,1,1,true,1,0,false,0.9398888078018313,0.8310827847603361,0.8854857962810837
CCM2_Tyr118Phe,0,0,false,0,0,false,0.635125933757022,0.7650926919936882,0.700109312875355
CTCF_His455Gln,0,1,false,0,0,false,0.8122234796292092,0.8175221726722572,0.8148728261507332
SDHD_Ala90Glu,0,1,false,0,0,false,0.7379069604992105,0.8256987354575871,0.7818028479783987
CCM2_Gly176Val,0,0,false,0,0,false,0.7201782750906864,0.7295731175947423,0.7248756963427143
CCM2_Asp431Asn,0,0,false,0,0,false,0.7334050311792725,0.6966232011037081,0.7150141161414902
SDHD_Ala90Val,0,0,false,0,0,false,0.6106354907409622,0.7396530881799547,0.6751442894604585
CCM2_Gln313Arg,0,0,false,0,0,false,0.7563960766239224,0.7680768407420008,0.7622364586829615
RAF1_Thr145Pro,0,0,false,0,0,false,0.6637667112505362,0.6776063686022727,0.6706865399264045
CCM2_Gly103Arg,0,0,false,0,0,false,0.6911035267409511,0.7919328513132172,0.7415181890270841
FANCC_Asp195Val,0,1,false,0,0,false,0.7647837148139124,0.8450017977379654,0.8048927562759389
CCM2_Thr44Ser,1,0,false,0,0,false,0.8294570903372719,0.7890734202391507,0.8092652552882114
CCM2_Ala179Ser,0,0,false,0,0,false,0.7663160694456923,0.6647232588323214,0.7155196641390069
CCM2_Glu366Lys,1,0,false,0,0,false,0.8306555178770776,0.8100842261618991,0.8203698720194883
SHOC2_Ser2Gly,,0,false,,0,false,,0.777721700702442,
SHOC2_Glu25Gly,0,0,false,0,0,false,0.53295432120808,0.5403685906557271,0.5366614559319035
ABCD1_Arg389Gly,0,0,false,0,0,false,0.7400267442465908,0.543234493297224,0.6416306187719074
BRCA1_Glu455Lys,1,1,true,1,1,true,0.9317151446696804,0.9493802375316499,0.9405476911006652
F9_Cys335Trp,0,0,false,0,0,false,0.6438643479818795,0.59657621055612,0.6202202792689997
CCM2_Cys211Ser,0,0,false,0,0,false,0.7699954298287028,0.7496584141372565,0.7598269219829796
F9_Val374Phe,0,0,false,0,0,false,0.703312346421058,0.758954517487859,0.7311334319544585
F9_Cys170Tyr,1,1,true,0,0,false,0.8601555021733753,0.8233886404938451,0.8417720713336102
CCM2_Thr86Ile,0,1,false,0,0,false,0.7827896800887694,0.8280369328558583,0.8054133064723139
CCM2_Ile425Thr,1,1,true,1,1,true,0.9765937056371431,0.9851018922542364,0.9808477989456897
F9_Cys407Arg,0,0,false,0,0,false,0.5171235394497027,0.7906061765477359,0.6538648579987193
ZC4H2_Arg18Lys,0,0,false,0,0,false,0.6341990021331609,0.7522493313481461,0.6932241667406536
CCM2_Ser83Phe,0,0,false,0,0,false,0.6589489487349476,0.7022231096150713,0.6805860291750094
RET_Val292Met,0,0,false,0,0,false,0.6873326960557387,0.6489271164433885,0.6681299062495636
CTCF_Tyr226Cys,0,0,false,0,0,false,0.7348871972295691,0.6719436870404148,0.703415442134992
CCM2_Pro240Leu,1,1,true,1,0,false,0.8981198004709623,0.843229915376757,0.8706748579238597
CCM2_Lys30Glu,0,1,false,0,0,false,0.7335653244904744,0.817051856476593,0.7753085904835337
LMNA_Arg349Leu,0,0,false,0,0,false,0.583577916705548,0.6142904451750753,0.5989341809403117
CCM2_Pro165Thr,0,0,false,0,0,false,0.6858313429592846,0.6916817111106012,0.688756527034943
F9_Ile136Thr,0,0,false,0,0,false,0.6886297254222683,0.6138560801947897,0.6512429028085289
CCM2_Ser60Arg,0,1,false,0,0,false,0.7922252318543875,0.8359729520555702,0.8140990919549789
RAD51D_Arg55Trp,0,0,false,0,0,false,0.5275149052822954,0.566970418461294,0.5472426618717947
BRAF_Gly464Val,0,0,false,0,0,false,0.6091677969392397,0.6191896953787797,0.6141787461590097
FARS2_Asn280Ser,0,0,false,0,0,false,0.6838882114343465,0.7212074588575044,0.7025478351459254
CCM2_Ser164Phe,0,1,false,0,1,false,0.7183497571779979,0.974059093749872,0.8462044254639349
CCM2_Arg423His,0,0,false,0,0,false,0.5613091847134358,0.6665536035614784,0.6139313941374571
F9_Cys335Tyr,1,0,false,0,0,false,0.8683469650847679,0.7973320287624389,0.8328394969236035
CCM2_Ser251Tyr,0,0,false,0,0,false,0.6737323849543451,0.7705788614507042,0.7221556232025246
CCM2_Arg423Pro,1,1,true,0,1,false,0.8673406199828504,0.9134099624561621,0.8903752912195062
RAF1_Thr491Arg,0,0,false,0,0,false,0.7004827463123123,0.7773362432954989,0.7389094948039057
CCM2_Arg412Gln,0,0,false,0,0,false,0.6764603944611056,0.7154367073273407,0.6959485508942231
BRAF_Glu501Val,0,0,false,0,0,false,0.4399151595971117,0.6591434827390193,0.5495293211680655
RHO_Cys110Tyr,1,1,true,1,1,true,0.985504947476264,0.9790524850900243,0.9822787162831441
BRCA1_Cys64Tyr,1,0,false,1,0,false,0.960958284831255,0.6491123281602564,0.8050353064957557
BRAF_Val471Phe,1,1,true,1,0,false,0.9367247114276722,0.8605722800791198,0.898648495753396
CCM2_Gly436Ser,0,0,false,0,0,false,0.6739811600977276,0.7232748473565117,0.6986280037271196
F9_Arg191Cys,0,0,false,0,0,false,0.6573453711983824,0.7980510018430784,0.7276981865207304
CCM2_Lys65Glu,0,0,false,0,0,false,0.7703538762936247,0.7866469429152625,0.7785004096044437
CCM2_Ala237Val,0,0,false,0,0,false,0.7827972416226441,0.7963261341225514,0.7895616878725977
RAD51D_Glu233Gly,0,0,false,0,0,false,0.6991962903503816,0.7123528900241779,0.7057745901872797
CCM2_Val190Met,0,1,false,0,1,false,0.7438738159692164,0.889637972964112,0.8167558944666642
CCM2_Glu54Lys,0,0,false,0,0,false,0.796434287433822,0.8101609946383111,0.8032976410360666
CCM2_Gln72Arg,0,0,false,0,0,false,0.7971694820587821,0.8047790859084806,0.8009742839836314
CCM2_Thr296Ala,0,0,false,0,0,false,0.7173071909109597,0.7482091569092971,0.7327581739101284
CCM2_His137Gln,0,0,false,0,0,false,0.7454856583552155,0.7590876274084394,0.7522866428818274
CCM2_Phe91Ile,0,0,false,0,0,false,0.6498333647052776,0.7698303509911392,0.7098318578482083
CCM2_Gly5Ser,1,1,true,0,0,false,0.8697910667280692,0.8318422546948819,0.8508166607114755
RAD51D_Thr328Ile,1,0,false,1,0,false,0.9120513828608797,0.7639484780788016,0.8379999304698407
SDHD_Val111Ile,0,0,false,0,0,false,0.6754168939249733,0.6622642931221312,0.6688405935235522
BAP1_Thr93Ala,0,0,false,0,0,false,0.63413813268941,0.6153877231073421,0.6247629278983761
CCM2_Gly188Trp,0,0,false,0,0,false,0.7081429335840672,0.699830260365007,0.7039865969745371
CCM2_Ile432Thr,1,1,true,1,1,true,0.9789010606822018,0.988424617250739,0.9836628389664704
BRAF_Val600Gly,0,0,false,0,0,false,0.7887870651356114,0.6857756328655163,0.7372813490005639
SDHD_His50Arg,0,1,false,0,0,false,0.7279689661472681,0.8441392336339028,0.7860540998905854
BRCA1_Thr37Lys,1,0,false,1,0,false,0.9395910456374548,0.6670508282803029,0.8033209369588789
CCM2_Arg52Cys,0,1,false,0,0,false,0.7734648034456805,0.8243700212132691,0.7989174123294748
RET_Arg330Gln,0,1,false,0,1,false,0.7493257015759742,0.9759573065456218,0.862641504060798
F9_Glu73Lys,0,0,false,0,0,false,0.6071118246219231,0.7479509351289371,0.6775313798754301
LMNA_Arg41His,1,1,true,1,1,true,0.9082688556380418,0.9546152002699522,0.931442027953997
BAP1_Pro12Thr,0,0,false,0,0,false,0.685230249882894,0.5746693073816628,0.6299497786322784
FH_Arg233Leu,0,0,false,0,0,false,0.6449922739380513,0.5721998696228244,0.6085960717804378
CCM2_Leu310Val,0,0,false,0,0,false,0.7391662577503721,0.757444416944354,0.7483053373473632
CCM2_Pro165Ala,0,0,false,0,0,false,0.7228822061467445,0.7059840702306358,0.7144331381886901
CCM2_Ala295Thr,0,0,false,0,0,false,0.7376505502834333,0.7320789487550495,0.7348647495192414
RAD51D_Val66Leu,0,0,false,0,0,false,0.49921612075738153,0.6571225292527669,0.5781693250050742
F9_Pro414Thr,0,0,false,0,0,false,0.569220487089082,0.6121885811580178,0.59070453412355
BRCA1_Thr587Arg,1,1,true,0,0,false,0.8313383016906821,0.8179770783922686,0.8246576900414754
CCM2_Ala232Val,0,0,false,0,0,false,0.7203054155667327,0.7723694481415823,0.7463374318541575
CCM2_Tyr221Asp,1,0,false,0,0,false,0.8388755474651162,0.6979784478719256,0.768426997668521
BRAF_Asp565Glu,0,0,false,0,0,false,0.5102262104531048,0.5217539669056006,0.5159900886793527
CCM2_Val374Met,0,0,false,0,0,false,0.7806679497482036,0.7785918931572171,0.7796299214527104
SHOC2_Ser57Phe,0,0,false,0,0,false,0.6777269059748217,0.49563981606248964,0.5866833610186557
CCM2_Glu333Val,0,0,false,0,0,false,0.7127614277108978,0.7034505022038425,0.7081059649573702
RET_Leu56Met,0,1,false,0,0,false,0.6685173300236056,0.8460785661873986,0.7572979481055021
SDHD_Phe34Cys,0,1,false,0,0,false,0.7965256524057183,0.8243090951965234,0.8104173738011209
BAP1_Cys91Gly,0,0,false,0,0,false,0.5548470031652829,0.6109290087208261,0.5828880059430546
BCL10_Leu8Leu,0,0,false,0,0,false,0.579185520361991,0.4938630142328672,0.5365242672974291
F9_Ala233Thr,0,0,false,0,0,false,0.6167847669633241,0.6291410557136246,0.6229629113384743
CCM2_Asp440Asn,1,0,false,0,0,false,0.869888719826974,0.6355865726251425,0.7527376462260582
F9_Val227Ile,0,0,false,0,0,false,0.3981671099046378,0.5756913680537931,0.4869292389792154
CCM2_Arg423Cys,0,0,false,0,0,false,0.6182844498415188,0.669379406763801,0.6438319283026599
SHOC2_Met173Val,0,1,false,0,0,false,0.6343408282006262,0.8315313073499484,0.7329360677752873
ZC4H2_Arg198Gln,0,0,false,0,0,false,0.632008755500258,0.5328589394680393,0.5824338474841486
BRCA1_Asn132Lys,1,1,true,1,1,true,0.920053761064975,0.9685390552154329,0.944296408140204
CCM2_Ala98Pro,0,0,false,0,0,false,0.6473945479787631,0.7268602764791542,0.6871274122289586
ZC4H2_Ile7Val,0,0,false,0,0,false,0.7038972819567935,0.6777458244127534,0.6908215531847735
LMNA_Leu162Pro,0,0,false,0,0,false,0.7839253089672528,0.8122503904346556,0.7980878497009543
FH_Leu303Ser,0,0,false,0,0,false,0.60468249164271,0.7094237006526922,0.6570530961477011
BRCA1_Cys44Tyr,1,0,false,0,0,false,0.860136022816206,0.7124769240548263,0.7863064734355162
BRAF_Gly469Glu,0,0,false,0,0,false,0.6535973522883113,0.6660433758168792,0.6598203640525953
BAP1_Arg718Gln,0,0,false,0,0,false,0.5716707982217748,0.5552474311534583,0.5634591146876166
BRAF_Glu501Lys,0,0,false,0,0,false,0.5109504785266199,0.4759953809032452,0.49347292971493256
CTCF_Arg342Cys,0,0,false,0,0,false,0.5442509671616682,0.7051673427152019,0.624709154938435
RAD51D_Asn138His,1,0,false,0,0,false,0.8647562969491779,0.7468842806042563,0.8058202887767171
F9_Tyr161Cys,1,1,true,1,0,false,0.8792616597666947,0.8156113504953498,0.8474365051310222
CCM2_Tyr144Cys,0,0,false,0,0,false,0.6923924721748065,0.7598006269895752,0.7260965495821908
CCM2_Glu201Asp,0,0,false,0,0,false,0.7160157201302337,0.6509953525356845,0.6835055363329592
CCM2_Lys23Arg,0,0,false,0,0,false,0.7858068154325656,0.7615496937765553,0.7736782546045604
F9_His303Tyr,0,0,false,0,0,false,0.6669666875581233,0.5965526914812336,0.6317596895196784
SOS2_Val869Ile,0,0,false,0,0,false,0.7139928785959548,0.6985221185630515,0.7062574985795032
FH_His318Tyr,1,1,true,1,1,true,0.9184497594941273,0.8993966433284734,0.9089232014113003
LMNA_Arg386Thr,1,0,false,0,0,false,0.8607817846899265,0.7592879376153259,0.8100348611526262
RAD51D_Gly289Ser,0,1,false,0,1,false,0.8214073716130127,0.9324648798930826,0.8769361257530477
CCM2_Glu433Lys,0,0,false,0,0,false,0.6995529511023179,0.7721764130402354,0.7358646820712766
CCM2_Tyr261Asp,0,1,false,0,1,false,0.800675459141263,0.9169145487491908,0.8587950039452269
FH_Leu507Pro,,1,,,0,false,,0.8190445976873685,
BRCA1_His299Tyr,1,1,true,1,0,false,0.9324547560605925,0.8284316359193244,0.8804431959899585
F9_Ile443Thr,0,0,false,0,0,false,0.5770519565396172,0.5895147161593801,0.5832833363494987
CCM2_Thr267Asn,0,0,false,0,0,false,0.6503212550478608,0.7691656202853752,0.709743437666618
CCM2_Leu195Pro,0,0,false,0,0,false,0.7390684380135412,0.6689998224134572,0.7040341302134991
SDHD_Leu139Arg,0,0,false,0,0,false,0.7997680457440315,0.7453884050906837,0.7725782254173577
CCM2_Arg389Trp,0,0,false,0,0,false,0.5959796832945653,0.7938347021501816,0.6949071927223734
CCM2_Met439Ile,0,1,false,0,1,false,0.7565603115686406,0.9040069321648939,0.8302836218667673
BRCA1_Cys64Ser,0,0,false,0,0,false,0.700675173216614,0.4156154156519475,0.5581452944342807
FARS2_His84Pro,0,0,false,0,0,false,0.6109844495301832,0.7564985110978174,0.6837414803140003
RAD51D_Val66Met,0,0,false,0,0,false,0.5175576559932441,0.6855978670709192,0.6015777615320816
F9_Thr194Ala,0,0,false,0,0,false,0.636145661500763,0.628972195681177,0.6325589285909701
CCM2_Ser408Arg,1,1,true,0,1,false,0.8596134825092427,0.8748333906982952,0.867223436603769
CCM2_Ala205Thr,0,1,false,0,0,false,0.6786267942090906,0.8249516864183651,0.7517892403137278
F9_Cys134Ser,0,0,false,0,0,false,0.618876714479806,0.688838888445426,0.653857801462616
BRCA1_Pro533Leu,1,1,true,0,0,false,0.8643488539991834,0.846603016213943,0.8554759351065632
F9_Arg3His,0,0,false,0,0,false,0.47985358105168185,0.5644077790297184,0.5221306800407002
BRCA1_Ser186Tyr,1,1,true,1,1,true,0.9603178873145011,0.9755578642730985,0.9679378757937998
RET_Pro64Leu,0,1,false,0,1,false,0.6324477076733983,0.9326239165240031,0.7825358120987007
F9_Pro175Ser,0,0,false,0,0,false,0.47988743439077497,0.5947157080506009,0.5373015712206879
CCM2_Ala123Val,0,1,false,0,0,false,0.8153595716049051,0.8188734867000954,0.8171165291525002
CCM2_Ile130Val,0,0,false,0,0,false,0.7337537830061193,0.800696793712366,0.7672252883592426
RAD51D_Glu307Lys,1,1,true,1,1,true,0.8783337045721995,0.9819097374301679,0.9301217210011836
RAF1_Ser427Gly,0,0,false,0,0,false,0.7298495481880614,0.7318016857301761,0.7308256169591187
CCM2_Cys170Tyr,0,0,false,0,0,false,0.573846519880442,0.6853906173933352,0.6296185686368886
F9_Arg384Pro,0,0,false,0,0,false,0.45680744584274763,0.4497192100803939,0.45326332796157076
SDHD_Gly138Val,0,0,false,0,0,false,0.696406868316711,0.6466604887656755,0.6715336785411932
BRAF_Lys499Asn,0,0,false,0,0,false,0.5794403314132704,0.5442598720342052,0.5618501017237378
BRCA1_His41Arg,1,0,false,1,0,false,0.9444769747268804,0.5758214868863146,0.7601492308065976
CCM2_Arg390Gln,0,0,false,0,0,false,0.7796663950356023,0.7923340950463622,0.7860002450409822
SDHD_His102Arg,0,0,false,0,0,false,0.6874179832524896,0.731416119505325,0.7094170513789073
CCM2_Gly214Cys,0,0,false,0,0,false,0.7431401391194903,0.8051299043039736,0.774135021711732
CTCF_Ala697Thr,0,0,false,0,0,false,0.4648068175958196,0.45735774894400333,0.46108228326991146
CCM2_Gln218Arg,1,1,true,0,1,false,0.8312578016279365,0.8854929180268192,0.8583753598273778
F9_Ile210Thr,0,1,false,0,0,false,0.7333836392544959,0.8591761497090777,0.7962798944817868
RHO_Pro267Thr,1,1,true,1,1,true,0.9456879602265387,0.9175107261259643,0.9315993431762515
CCM2_His364Arg,0,1,false,0,0,false,0.7209042457412065,0.8174849282677368,0.7691945870044716
BRCA1_Ser408Ile,0,0,false,0,0,false,0.6720566719455782,0.7015349709065566,0.6867958214260674
F9_Gly442Arg,0,0,false,0,0,false,0.5825358385411202,0.6574226292404438,0.619979233890782
CCM2_Ala205Asp,0,0,false,0,0,false,0.7925128158659639,0.6610998978159758,0.7268063568409698
CCM2_Gly188Glu,0,0,false,0,0,false,0.6962981818750179,0.7498820888309895,0.7230901353530037
SHOC2_Glu13Ala,0,1,false,0,1,false,0.7257046416676216,0.8998938874806812,0.8127992645741514
BCL10_Ala5Ser,0,0,false,0,0,false,0.541453049244701,0.7541221803752104,0.6477876148099557
F9_Arg75Gln,0,0,false,0,0,false,0.6155139690296906,0.6567913956539897,0.6361526823418402
CCM2_Asp410Val,0,0,false,0,0,false,0.6795309317143116,0.6725276108468762,0.6760292712805939
RAF1_Asp381Asn,0,0,false,0,0,false,0.5944293789710839,0.5882689811653663,0.5913491800682251
CCM2_Glu128Lys,0,1,false,0,0,false,0.7592940873123305,0.8306411482913152,0.7949676178018228
FH_Ser334Arg,0,0,false,0,0,false,0.7993948760244484,0.7111055567943652,0.7552502164094068
CCM2_Pro55Ala,0,0,false,0,0,false,0.7880365883840277,0.770119909508125,0.7790782489460764
F9_Arg191His,0,0,false,0,0,false,0.5950374435545536,0.5698504015309318,0.5824439225427427
CCM2_His247Asp,0,0,false,0,0,false,0.7886928979770894,0.756793386642374,0.7727431423097317
F9_Ser220Thr,0,0,false,0,0,false,0.45417516709558364,0.5683757034214649,0.5112754352585243
CCM2_Leu182Pro,0,1,false,0,1,false,0.6846993855408954,0.8960327831378686,0.790366084339382
CCM2_Ser330Phe,0,1,false,0,0,false,0.7993935156447245,0.858974441069228,0.8291839783569763
BRAF_Leu485Phe,0,0,false,0,0,false,0.5200454290084522,0.5124263589993301,0.5162358940038911
RAD51D_Val28Leu,1,0,false,1,0,false,0.8853726734734867,0.7668278317963809,0.8261002526349338
BRCA1_Phe591Leu,1,1,true,0,1,false,0.8529090893143416,0.920129200991745,0.8865191451530433
BRCA1_Asp67Tyr,0,1,false,0,1,false,0.7599903085066182,0.9642158549481505,0.8621030817273844
RPS19_Val15Phe,0,0,false,0,0,false,0.6438750406079519,0.6773948020766469,0.6606349213422994
FANCC_Leu554Pro,1,1,true,1,0,false,0.9544129144970065,0.8591763545189698,0.9067946345079881
RET_Thr338Ile,1,1,true,0,1,false,0.8299564944318886,0.8981003866469992,0.8640284405394438
BRIP1_Arg848His,0,0,false,0,0,false,0.7490619451894294,0.7116923345130145,0.730377139851222
CTCF_Tyr407Cys,0,0,false,0,0,false,0.6003427425011371,0.5755667279191388,0.587954735210138
SHOC2_Ser4Arg,0,1,false,0,0,false,0.6404521495380249,0.866539458520815,0.75349580402942
ZC4H2_Ala200Thr,0,0,false,0,0,false,0.7794601415888701,0.6814470523169307,0.7304535969529005
SHOC2_Gln269Arg,0,0,false,0,0,false,0.6788020234629276,0.5973191878592183,0.6380606056610729
CCM2_Met424Ile,0,0,false,0,0,false,0.7082330651032557,0.6179011446974038,0.6630671049003297
CCM2_Ser245Cys,0,0,false,0,0,false,0.7969907722681085,0.7738516572346142,0.7854212147513614
BRIP1_His587Arg,0,0,false,0,0,false,0.6244217867226861,0.7478837190377782,0.6861527528802321
BRCA1_Met1Ile,1,1,true,1,1,true,0.876088559150052,0.9369278802773922,0.9065082197137221
F9_Asn166Tyr,0,0,false,0,0,false,0.7564733274500351,0.7640671439537013,0.7602702357018682
BRCA1_Arg391Met,0,0,false,0,0,false,0.7791421211298803,0.7585291153116679,0.7688356182207741
CCM2_Glu51Ala,0,1,false,0,0,false,0.7593910946234778,0.818436439054949,0.7889137668392134
CCM2_Leu298Met,0,0,false,0,0,false,0.7946129939873013,0.7562480484950127,0.775430521241157
CCM2_Asp411Glu,0,0,false,0,0,false,0.6074474960651998,0.7491861470494271,0.6783168215573134
CCM2_Ser393Gly,0,1,false,0,1,false,0.7132886641448078,0.8786090491513642,0.795948856648086
CTCF_Arg342Gly,0,0,false,0,0,false,0.7252917962726947,0.7704360005544952,0.747863898413595
RET_Val262Ala,0,0,false,0,0,false,0.5632976111910845,0.7887272756339547,0.6760124434125196
CCM2_Pro102Ser,0,0,false,0,0,false,0.7410809875453079,0.757512951999754,0.7492969697725309
FARS2_Tyr144Cys,0,0,false,0,0,false,0.6363712275656164,0.4927485261018876,0.564559876833752
LMNA_Arg377Leu,1,1,true,1,1,true,0.989151297345318,0.9821100560733841,0.985630676709351
BRCA1_Lys502Glu,0,0,false,0,0,false,0.762667311487012,0.7309200947844363,0.7467937031357241
CCM2_Glu366Gln,0,0,false,0,0,false,0.7627935236524989,0.7705122504319296,0.7666528870422142
CCM2_Asp61Asn,0,0,false,0,0,false,0.791490256943875,0.7824573268068287,0.7869737918753519
CCM2_Gln441Arg,0,0,false,0,0,false,0.6749461148510347,0.7448546167257436,0.7099003657883891
ZC4H2_Val63Leu,0,0,false,0,0,false,0.673811281093341,0.7024057124056164,0.6881084967494787
RAD51D_Ile251Val,0,1,false,0,1,false,0.6815422778313502,0.9995249189219388,0.8405335983766445
CCM2_His137Arg,0,0,false,0,0,false,0.7059108509108323,0.7687771682881315,0.7373440095994819
BAP1_Arg59Pro,0,0,false,0,0,false,0.6600366828700539,0.5029391190634009,0.5814879009667274
BRIP1_Ser520Thr,0,0,false,0,0,false,0.6802472179360314,0.688999708379693,0.6846234631578623
F9_Ile7Phe,0,0,false,0,0,false,0.4544356929945508,0.47011848476019796,0.4622770888773744
CCM2_Ala405Ser,0,1,false,0,0,false,0.6547958003781928,0.8273008676018744,0.7410483339900336
RAD51D_His23Arg,1,0,false,1,0,false,0.8925726472694465,0.7157911571535472,0.8041819022114969
GSS_Arg125Cys,0,0,false,0,0,false,0.49930948990852253,0.5664566229065157,0.5328830564075191
CCM2_Leu392Val,0,0,false,0,0,false,0.7562944201055661,0.8048826495590421,0.7805885348323041
CCM2_Thr395Ile,0,0,false,0,0,false,0.6527588526829795,0.7492058861524057,0.7009823694176927
F9_Val257Ile,0,0,false,0,0,false,0.43369749675915864,0.5374405565953059,0.48556902667723223
BRCA1_Arg71Gly,1,1,true,1,0,false,0.9391781050206498,0.8374062887316356,0.8882921968761427
FARS2_Asp142Tyr,0,0,false,0,0,false,0.5390523075029727,0.532339517574178,0.5356959125385754
BRCA1_Phe558Ser,1,1,true,1,0,false,0.9586068154103601,0.8165718573701302,0.8875893363902452
BRCA1_Arg71Lys,1,0,false,1,0,false,0.9081625358729246,0.7431486177108632,0.8256555767918938
CCM2_Val216Ala,0,0,false,0,0,false,0.7821166850761001,0.7505843086273178,0.766350496851709
SHOC2_Asn527Ser,0,0,false,0,0,false,0.7309035102432322,0.8104367508868358,0.770670130565034
BRCA1_Val632Ala,1,0,false,1,0,false,0.9522056147366262,0.7797971771542498,0.866001395945438
RHO_Asp190Gly,1,1,true,1,1,true,0.98020196728197,0.9739839064032518,0.9770929368426109
CCM2_Ser202Arg,0,0,false,0,0,false,0.6121379344019616,0.7046331571494321,0.6583855457756969
ZC4H2_Pro201Ser,0,0,false,0,0,false,0.7005473768703887,0.6348000809610653,0.6676737289157271
ZC4H2_Arg213Trp,0,0,false,0,0,false,0.7049967142868286,0.6164665656785188,0.6607316399826737
ZC4H2_Leu66His,1,1,true,1,1,true,0.9641545542687115,0.9748941121269308,0.9695243331978212
CCM2_Glu66Lys,0,0,false,0,0,false,0.7698077524021739,0.7486729702129642,0.7592403613075691
CCM2_Pro102Leu,0,0,false,0,0,false,0.8182801896953941,0.6933133765582186,0.7557967831268063
SDHD_Ile31Val,0,0,false,0,0,false,0.7252208725648839,0.759573299204002,0.7423970858844429
F9_Pro333Leu,1,,,0,,false,0.8480305496058552,,
CCM2_Leu212Val,0,0,false,0,0,false,0.7648534982654213,0.7699489795326765,0.7674012388990489
CCM2_Ala149Thr,0,0,false,0,0,false,0.6027440288735594,0.7352297929347912,0.6689869109041753
CCM2_Arg40Cys,1,1,true,1,0,false,0.9045038658061232,0.8291248057519199,0.8668143357790216
CCM2_Asp376His,0,1,false,0,0,false,0.7241986650583966,0.817955296698209,0.7710769808783028
BRCA1_Cys39Arg,1,0,false,1,0,false,0.9409877921854897,0.7799000081227152,0.8604439001541024
F9_Lys39Arg,0,0,false,0,0,false,0.5509513100904082,0.5252284119334957,0.538089861011952
RET_Arg313Gln,0,1,false,0,1,false,0.6446830720386535,0.9027683134943302,0.7737256927664918
CCM2_Ala293Thr,0,1,false,0,0,false,0.8019960695884931,0.8312800849462892,0.8166380772673911
CCM2_Ser426Leu,0,0,false,0,0,false,0.6668607082473295,0.6460903884358461,0.6564755483415878
SHOC2_Thr321Ala,0,1,false,0,1,false,0.7449061871908219,0.9610009395064388,0.8529535633486304
CCM2_Asp301Gly,0,0,false,0,0,false,0.7345413939659213,0.698389375375725,0.7164653846708231
F9_Phe395Ile,0,0,false,0,0,false,0.7062120218580621,0.6111011003177287,0.6586565610878954
SDHD_Asp92Gly,0,0,false,0,0,false,0.7578092573793094,0.7545022585795033,0.7561557579794063
G6PD_Arg365His,0,0,false,0,0,false,0.5171809644275656,0.49923219256387213,0.5082065784957188
CCM2_Thr241Ile,1,0,false,1,0,false,0.9282108923115105,0.7149164864262093,0.8215636893688599
BAP1_Cys91Ser,0,1,false,0,1,false,0.6497839077167271,0.8911419451288887,0.7704629264228079
CCM2_Arg19Gln,0,0,false,0,0,false,0.795231275190222,0.7970737717496698,0.7961525234699458
RPS19_Arg101His,0,0,false,0,0,false,0.5832903672878459,0.6304028995520288,0.6068466334199374
CCM2_Ile92Thr,0,0,false,0,0,false,0.7185836018757698,0.7375058491715504,0.7280447255236601
CCM2_Thr394Ser,0,0,false,0,0,false,0.6815125513986171,0.8147817109392924,0.7481471311689547
CCM2_Asp410His,0,0,false,0,0,false,0.6295008565646074,0.7274299028250805,0.6784653796948439
CCM2_Ser84Asn,0,0,false,0,0,false,0.7115120323293965,0.7686441524466513,0.7400780923880239
SHOC2_Ser403Gly,0,0,false,0,0,false,0.7536872859503306,0.660643654159381,0.7071654700548557
RAF1_Gly361Ala,1,0,false,1,0,false,0.8778551909175832,0.7507258763780502,0.8142905336478168
RPS19_Gly127Glu,0,0,false,0,0,false,0.7354839190609905,0.719791289438861,0.7276376042499257
CCM2_Gly162Glu,0,0,false,0,0,false,0.652541081022123,0.6405231053064787,0.6465320931643008
RPS19_Arg62Trp,,0,false,,0,false,,0.74341438863389,
BRCA1_Glu631Lys,1,1,true,1,0,false,0.9233140844072092,0.8390927652271518,0.8812034248171805
F9_Gly357Arg,0,0,false,0,0,false,0.6407200859576836,0.5778750828460288,0.6092975844018562
FARS2_Ala166Thr,0,0,false,0,0,false,0.5198577825811788,0.41871075186739654,0.4692842672242876
CCM2_Arg40His,0,0,false,0,0,false,0.7651998641214792,0.7530532937042311,0.7591265789128552
LMNA_Ala43Thr,1,1,true,0,1,false,0.8637866395999324,0.9010626710007219,0.8824246553003272
SDHD_Arg70Thr,0,1,false,0,0,false,0.6776231988824442,0.8490884350443753,0.7633558169634097
CCM2_Pro77Gln,0,0,false,0,0,false,0.6824018552393657,0.7263204975933214,0.7043611764163435
CCM2_Glu417Gly,0,0,false,0,0,false,0.7481822222865125,0.6622072942813907,0.7051947582839516
G6PD_Ile48Thr,1,0,false,0,0,false,0.8291248390927711,0.4686694704507386,0.6488971547717548
RAD51D_Val132Ile,0,0,false,0,0,false,0.7214189944707794,0.8044850193577774,0.7629520069142783
SHOC2_Thr205Ala,0,0,false,0,0,false,0.582966710619111,0.7875180084414044,0.6852423595302577
RAD51D_Cys9Ser,1,0,false,0,0,false,0.8615728726581611,0.6706305219371522,0.7661016972976566
CCM2_Arg412Trp,0,0,false,0,0,false,0.7545837999616679,0.7043560502342637,0.7294699250979658
FANCC_Leu496Arg,1,0,false,0,0,false,0.8719891413627952,0.8065596656809763,0.8392744035218858
CCM2_His109Arg,0,1,false,0,0,false,0.7758053181571496,0.8377275009492865,0.8067664095532181
RAF1_Asn71Ser,0,0,false,0,0,false,0.6168838101823942,0.5349339648391073,0.5759088875107508
CCM2_Val45Gly,0,0,false,0,0,false,0.7917969409187992,0.7744433989741218,0.7831201699464605
FH_Ala308Thr,0,0,false,0,0,false,0.6860769792243886,0.7970626847446404,0.7415698319845145
CCM2_Ser15Leu,,0,false,,0,false,,0.775223829079267,
FARS2_Asp325Tyr,0,0,false,0,0,false,0.604386213000429,0.7622528725017358,0.6833195427510824
BRCA1_Ser611Arg,1,1,true,1,1,true,0.889371169243643,0.883887929907112,0.8866295495753775
SHOC2_Gly53Arg,0,0,false,0,0,false,0.6992104773769182,0.6632181990751883,0.6812143382260533
CCM2_Ala140Thr,0,0,false,0,0,false,0.714088403570882,0.7557145094242261,0.734901456497554
FARS2_Ile329Thr,1,1,true,0,1,false,0.8377677968078636,0.9429145177669562,0.8903411572874099
BRCA1_Met548Ile,1,1,true,1,1,true,0.9632357125212221,0.8910223522970666,0.9271290324091443
CCM2_Ile131Asn,0,0,false,0,0,false,0.7243270287068483,0.7881014359532656,0.7562142323300569
FH_Arg160Gly,,1,,,1,,,0.993994406740671,
F9_His282Tyr,0,0,false,0,0,false,0.6403010837499816,0.7013014941919294,0.6708012889709556
BRCA1_Thr581Ile,1,0,false,1,0,false,0.9052711664396076,0.8089472055930808,0.8571091860163442
CCM2_Thr106Ile,0,1,false,0,0,false,0.7784070681982186,0.8330717878790534,0.8057394280386361
CCM2_Ile432Phe,0,0,false,0,0,false,0.6868727915825219,0.7679848212610288,0.7274288064217753
BRCA1_Pro510Ser,1,1,true,1,1,true,0.94228323593355,0.9422400489874985,0.9422616424605242
CCM2_Ile372Leu,0,1,false,0,0,false,0.796789036725583,0.8559786952773459,0.8263838660014644
RAF1_Cys95Trp,0,0,false,0,0,false,0.8097659020203224,0.6139034617369616,0.7118346818786421
FH_Arg101Pro,1,1,true,1,0,false,0.8970774612096026,0.8487166714701131,0.8728970663398579
FH_Arg233Cys,0,0,false,0,0,false,0.5762077703311804,0.4790616233228787,0.5276346968270296
ZC4H2_Arg211Trp,1,0,false,0,0,false,0.8333377750320684,0.7336457636726176,0.783491769352343
SDHD_Gly106Val,0,0,false,0,0,false,0.6723056539635265,0.6972959118318091,0.6848007828976678
CCM2_Val255Leu,0,0,false,0,0,false,0.800047629298724,0.7872185759833883,0.7936331026410561
CTCF_Pro643Ser,0,0,false,0,0,false,0.6621843567519261,0.47991567103928157,0.5710500138956038
CCM2_Ser398Tyr,0,0,false,0,0,false,0.669870200270265,0.777861671976646,0.7238659361234555
CCM2_Ile136Val,0,0,false,0,0,false,0.7915650857631206,0.8024901509159368,0.7970276183395286
SDHD_Glu69Lys,0,1,false,0,0,false,0.8231562566782767,0.8409505617727295,0.8320534092255032
SOS2_Pro1318Ser,0,0,false,0,0,false,0.6730856149034364,0.5811270840807448,0.6271063494920905
FARS2_Thr246Met,0,0,false,0,0,false,0.4743863958826155,0.6146380679875117,0.5445122319350636
CCM2_Thr222Met,0,0,false,0,0,false,0.821312393409362,0.7671886101334318,0.7942505017713969
CCM2_Ser248Gly,0,0,false,0,0,false,0.7138507114362718,0.7765376984369737,0.7451942049366227
SDHD_Tyr114Cys,0,0,false,0,0,false,0.7314659348476833,0.788748895242953,0.7601074150453182
FARS2_His135Asp,0,0,false,0,0,false,0.5496618618560352,0.569307399872398,0.5594846308642165
F9_Trp453Arg,1,0,false,0,0,false,0.8659477124183007,0.7273285479599236,0.7966381301891121
LMNA_Arg335Trp,0,0,false,0,0,false,0.5982227051075442,0.6181679353333233,0.6081953202204338
BAP1_Leu49Pro,0,0,false,0,0,false,0.5611411472899007,0.6612148620052707,0.6111780046475856
CCM2_Pro281Ser,0,0,false,0,0,false,0.7706703079621199,0.7520401786081942,0.761355243285157
CCM2_Glu264Asp,0,0,false,0,0,false,0.7969237687625087,0.7353199988445699,0.7661218838035393
BRIP1_Thr266Lys,1,1,true,1,1,true,0.9607925001991933,0.9552154710492178,0.9580039856242055
BRCA1_Gly602Ala,1,0,false,1,0,false,0.9186595541595897,0.784515980472033,0.8515877673158113
CCM2_Asp129His,0,1,false,0,0,false,0.6851766815976271,0.8364708793605272,0.7608237804790772
CCM2_Asp442Asn,0,0,false,0,0,false,0.7748080401278877,0.72898473673462,0.751896388431254
F9_Ala397Pro,0,0,false,0,0,false,0.6901486534189172,0.5250681058540909,0.607608379636504
CCM2_Gly407Asp,0,0,false,0,0,false,0.6885289081326423,0.7838290005633345,0.7361789543479884
BRCA1_Leu460Pro,1,1,true,0,1,false,0.8550806083866495,0.8901004495246302,0.8725905289556398
SDHD_His102Leu,1,1,true,0,0,false,0.863479764578817,0.8279097867431578,0.8456947756609874
CCM2_Glu290Lys,0,0,false,0,0,false,0.7665935355845406,0.7535259876636325,0.7600597616240865
F9_Cys396Ser,0,0,false,0,0,false,0.5892729766405828,0.539562470786803,0.5644177237136929
RAF1_Thr491Ile,0,0,false,0,0,false,0.7185682600862653,0.793730906544224,0.7561495833152446
F9_Arg294Gln,0,1,false,0,0,false,0.7653805039488925,0.8213537820014284,0.7933671429751604
CCM2_Thr267Ile,1,0,false,1,0,false,0.875699539137718,0.76126232918272,0.818480934160219
F9_Val195Gly,0,0,false,0,0,false,0.6772224047801471,0.44746059654442905,0.562341500662288
FLCN_Arg239Cys,0,0,false,0,0,false,0.5856402538884513,0.5304129016913728,0.558026577789912
FARS2_Gly309Ser,0,0,false,0,0,false,0.5584482783869892,0.7143682582373676,0.6364082683121783
RAF1_Phe22Leu,0,0,false,0,0,false,0.6015017258743621,0.6234668786162717,0.6124843022453169
RAD51D_Arg165Gln,1,0,false,0,0,false,0.8724392445842243,0.8059725835278194,0.8392059140560219
F9_Asp110Asn,0,0,false,0,0,false,0.5742916237205904,0.7278939020798749,0.6510927629002327
ABCD1_Arg518Gln,0,0,false,0,0,false,0.6804770706761727,0.6905931159218803,0.6855350932990265
BRAF_Gln262Lys,0,0,false,0,0,false,0.4351602513534001,0.656309645689469,0.5457349485214346
CCM2_Ser183Leu,0,0,false,0,0,false,0.6614889313035235,0.7436239509702345,0.702556441136879
F9_Asp410His,0,0,false,0,0,false,0.5272039373620467,0.6333698623598298,0.5802868998609383
CCM2_Glu108Gly,0,1,false,0,1,false,0.7196013678688795,0.8771216251262791,0.7983614964975794
BRCA1_Thr581Ala,0,0,false,0,0,false,0.7574468749360753,0.8009118765693297,0.7791793757527026
CCM2_Asp227Asn,0,0,false,0,0,false,0.7832404986451107,0.7523720735860912,0.767806286115601
SDHD_His102Pro,0,1,false,0,0,false,0.7880721490532581,0.8233505215836364,0.8057113353184473
G6PD_Glu398Lys,0,0,false,0,0,false,0.6344998491776213,0.5817260749943405,0.6081129620859809
CCM2_His364Tyr,0,0,false,0,0,false,0.7526941002310633,0.6639257317021353,0.7083099159665993
RAF1_Asn140His,0,0,false,0,0,false,0.6702817161096603,0.7498309272648557,0.710056321687258
G6PD_Gly378Ser,0,0,false,0,0,false,0.5446064429274138,0.4342564757227669,0.48943145932509036
CCM2_Gly418Glu,0,1,false,0,1,false,0.762973341404375,0.9728033406133133,0.8678883410088442
CCM2_Ser416Ala,0,0,false,0,0,false,0.7938285593834816,0.7284781794473857,0.7611533694154337
F9_His282Arg,0,0,false,0,0,false,0.7947090250643046,0.6359506216068829,0.7153298233355938
CCM2_Ile197Leu,0,0,false,0,0,false,0.7682479023717641,0.7142661477401088,0.7412570250559365
CCM2_Ala205Ser,0,1,false,0,0,false,0.705658606615753,0.8571745201782174,0.7814165633969852
ZC4H2_Ala162Thr,0,0,false,0,0,false,0.7059248170414719,0.6491819734900327,0.6775533952657523
BRAF_Phe468Ser,0,0,false,0,0,false,0.5572598106102404,0.54522477106327,0.5512422908367552
CCM2_Gly188Arg,0,0,false,0,0,false,0.6326837494637713,0.7223897258255451,0.6775367376446582
BRAF_Thr241Arg,,0,false,,0,false,,0.7485082955646319,
BRCA1_Glu143Lys,0,1,false,0,1,false,0.748151341601417,0.8952628504353902,0.8217070960184036
F9_Arg379Gln,0,0,false,0,0,false,0.8125891344984355,0.5958214472974044,0.7042052908979199
BRCA1_Ala102Gly,0,1,false,0,0,false,0.7462918151419493,0.8255454760853147,0.785918645613632
FARS2_Arg419Cys,0,0,false,0,0,false,0.45969014996277247,0.6525787544082512,0.5561344521855118
RAD51D_Ala231Ser,1,0,false,0,0,false,0.8438134656424551,0.6826065995404491,0.7632100325914521
CCM2_Ala179Thr,1,0,false,0,0,false,0.8308346546758741,0.7531287342559607,0.7919816944659175
ZC4H2_Ala157Thr,0,0,false,0,0,false,0.7105962662307128,0.7383830096110535,0.7244896379208832
SDHD_Leu107Pro,0,0,false,0,0,false,0.7879415508181176,0.7837756991153474,0.7858586249667325
BRCA1_Glu116Lys,0,0,false,0,0,false,0.5636348664071934,0.53067015370023,0.5471525100537117
FH_Pro174Arg,,0,false,,0,false,,0.5720850641276243,
F9_Arg226Gln,0,0,false,0,0,false,0.7327212881923362,0.5015753048406917,0.6171482965165139
CCM2_Ser143Phe,0,0,false,0,0,false,0.741247343988533,0.7831426787783425,0.7621950113834377
CCM2_Thr86Ser,0,0,false,0,0,false,0.8114198422374339,0.7736362242226708,0.7925280332300524
BRAF_Leu245Phe,0,0,false,0,0,false,0.6076022999835786,0.7756869324123206,0.6916446161979496
CCM2_Asp126Glu,0,0,false,0,0,false,0.7861941572720587,0.7279537797833512,0.7570739685277049
CCM2_Asp110Asn,0,0,false,0,0,false,0.786553668124283,0.7812047303655839,0.7838791992449334
BRCA1_Gly666Val,0,0,false,0,0,false,0.7681921894318554,0.6980768194668904,0.7331345044493729
CCM2_His332Arg,0,0,false,0,0,false,0.6938160270736902,0.761535961558474,0.7276759943160821
CCM2_Arg346His,0,0,false,0,0,false,0.7156282895269171,0.7754326157659519,0.7455304526464346
RAF1_Leu613Val,,0,false,,0,false,,0.6848428071283864,
CCM2_Glu2Lys,1,0,false,0,0,false,0.8671347197405672,0.7837195783394934,0.8254271490400302
BRCA1_Leu660Pro,0,0,false,0,0,false,0.49704311042399857,0.49776189252515146,0.497402501474575
BAP1_Thr423Lys,0,0,false,0,0,false,0.4367129258942913,0.5530089525647295,0.49486093922951035
FARS2_Ser57Cys,0,0,false,0,0,false,0.436106404793524,0.5069699651989267,0.47153818499622535
F9_Ser406Leu,1,0,false,1,0,false,0.916670473237063,0.6794363061150756,0.7980533896760693
F9_Glu73Val,0,0,false,0,0,false,0.6713220829686419,0.7358415374727499,0.7035818102206959
FARS2_Ile388Ser,0,0,false,0,0,false,0.43800721167840495,0.6186307284129027,0.5283189700456539
BRCA1_Val275Ile,1,0,false,1,0,false,0.9210876525622533,0.6222736911823423,0.7716806718722978
BRCA1_Cys61Gly,1,1,true,1,1,true,0.9062998562885225,0.8882441185541432,0.8972719874213329
RAD51D_Phe305Leu,0,,false,0,,false,0.7934838271957201,,
SDHD_Ser68Gly,0,0,false,0,0,false,0.6861559920661408,0.7668257119115635,0.7264908519888521
CCM2_His151Tyr,0,1,false,0,1,false,0.7529843497713511,0.9346564822157637,0.8438204159935574
CTCF_Arg567Leu,0,0,false,0,0,false,0.5993680619022184,0.5643612753700188,0.5818646686361186
F9_Pro197Ser,0,0,false,0,0,false,0.6483762804067048,0.6132634122586127,0.6308198463326588
FH_Ser419Pro,0,1,false,0,1,false,0.7942962155237551,0.9097442483214611,0.852020231922608
BAP1_Asn290Ser,0,0,false,0,0,false,0.5767050617784881,0.5234867851259092,0.5500959234521987
FARS2_Leu371Phe,0,0,false,0,0,false,0.5634828091724872,0.5574119026468386,0.5604473559096629
F9_Asp110Gly,0,0,false,0,0,false,0.7183294601493571,0.5143195256126359,0.6163244928809966
CCM2_Thr74Met,0,0,false,0,0,false,0.8093725738842193,0.8136035663268667,0.811488070105543
CCM2_Ser166Ile,0,0,false,0,0,false,0.7233582736873996,0.7687849829148243,0.746071628301112
CCM2_Asp419Tyr,0,0,false,0,0,false,0.6237248458287414,0.6449021117167926,0.634313478772767
CTCF_Asp46Asn,0,1,false,0,0,false,0.6714216910221661,0.8403217673680176,0.7558717291950918
RHO_Arg135Trp,1,1,true,1,1,true,0.9894353161315496,0.9830374641219721,0.9862363901267608
BRCA1_Met1Thr,0,0,false,0,0,false,0.8121469904325598,0.793637090171406,0.8028920403019829
BRAF_Gln257Arg,0,0,false,0,0,false,0.6871363480348,0.614278519703086,0.6507074338689429
BRCA1_His239Arg,1,1,true,1,1,true,0.9119806747411504,0.9457601553816197,0.9288704150613851
BRAF_Gly596Val,1,1,true,1,0,false,0.8773427495051593,0.8710569467787093,0.8741998481419343
CCM2_Thr44Ile,0,0,false,0,0,false,0.7895466716000743,0.8112230512776734,0.8003848614388738
F9_Ile316Thr,1,,,1,,,0.8754010822333609,,
BRIP1_Val76Ile,0,0,false,0,0,false,0.644690981329773,0.7665337621531135,0.7056123717414433
CCM2_Pro77Ser,0,0,false,0,0,false,0.7099210216462059,0.7490518443080005,0.7294864329771031
F9_Cys28Arg,0,0,false,0,0,false,0.7301018054185299,0.6407207648505859,0.685411285134558
CCM2_Asn94Ser,0,0,false,0,0,false,0.6912128506999813,0.772874066621402,0.7320434586606916
FH_Asn340Lys,,0,false,,0,false,,0.790202418655738,
