allele_0,Altered_Morph_95_batch14,Altered_Morph_95_batch13,Altered_Morph_95_both_batches,Altered_Morph_99_batch14,Altered_Morph_99_batch13,Altered_Morph_99_both_batches,AUROC_batch14,AUROC_batch13,AUROC_Mean
CCM2_Val190Met,0,1,false,0,1,false,0.8024003346811095,0.9514897337877022,0.8769450342344058
RET_Leu56Met,0,1,false,0,1,false,0.6442601120187283,0.9547018505169517,0.7994809812678401
CCM2_Ile131Asn,0,1,false,0,0,false,0.7680672978847153,0.9275563631269276,0.8478118305058214
SHOC2_Glu25Gly,0,0,false,0,0,false,0.6224070740030938,0.6433044032860071,0.6328557386445505
FLCN_Arg239Cys,0,0,false,0,0,false,0.6063071551797774,0.6408863296451378,0.6235967424124575
KRAS_Met72Leu,1,0,false,0,0,false,0.9548916440252072,0.4657425354048401,0.7103170897150237
BRCA1_Met1Thr,0,1,false,0,0,false,0.8536066331104628,0.9188140326650334,0.8862103328877481
BRCA1_Ala102Gly,0,1,false,0,0,false,0.7179899562352263,0.87910947777377,0.7985497170044982
CCM2_Ala237Val,0,0,false,0,0,false,0.7949294240303343,0.8282324530237556,0.8115809385270449
F9_Val257Ile,0,0,false,0,0,false,0.5353478894172454,0.6355069577937184,0.585427423605482
SDHD_Ala90Val,0,0,false,0,0,false,0.641359679219435,0.7664720793721203,0.7039158792957776
CCM2_Asn81Lys,0,0,false,0,0,false,0.7492481775458592,0.8493736454037727,0.7993109114748159
BRCA1_Cys44Tyr,1,0,false,0,0,false,0.9441987717219412,0.831148627985987,0.887673699853964
F9_Glu73Val,0,0,false,0,0,false,0.7060483272444638,0.8364748256595527,0.7712615764520082
BRAF_Gln262Lys,0,0,false,0,0,false,0.4425712538927683,0.7673606758750543,0.6049659648839113
F9_Tyr161Cys,0,0,false,0,0,false,0.7554776103131811,0.8696055339288283,0.8125415721210048
CCM2_Gly379Ser,1,0,false,0,0,false,0.8757578730431157,0.8624543701798597,0.8691061216114877
ZC4H2_Arg211Trp,0,0,false,0,0,false,0.8338733312953966,0.7362756564933739,0.7850744938943852
CCM2_Ala295Thr,0,0,false,0,0,false,0.8247364736070648,0.8478532729817002,0.8362948732943825
CCM2_Ser251Tyr,0,0,false,0,0,false,0.6890787144949897,0.8277939061407557,0.7584363103178726
CCM2_Thr222Met,0,0,false,0,0,false,0.8617591997739302,0.8309607874358645,0.8463599936048973
RAD51D_Ile17Val,0,0,false,0,0,false,0.8723700191028847,0.8462395722954138,0.8593047956991493
BRCA1_Leu460Pro,1,1,true,1,0,false,0.9777652492427892,0.9059796392194737,0.9418724442311315
CCM2_Gly24Asp,,0,false,,0,false,,0.8632252535963265,
FH_Leu507Pro,,1,,,0,false,,0.9233232839906323,
F9_Arg226Gln,0,0,false,0,0,false,0.8376591675240308,0.6602951949209586,0.7489771812224947
CCM2_Ala205Ser,0,1,false,0,0,false,0.7410793407328834,0.8954899640419308,0.8182846523874071
BRCA1_Glu143Lys,1,1,true,0,1,false,0.8999099591246774,0.9480245505139957,0.9239672548193365
CCM2_Gly407Asp,0,1,false,0,0,false,0.7732066439379878,0.8856745280475827,0.8294405859927853
CCM2_Pro271Thr,0,0,false,0,0,false,0.7162592552071048,0.8351948729456811,0.7757270640763929
CCM2_Tyr118Phe,0,0,false,0,0,false,0.7031112068809808,0.8698492889983992,0.78648024793969
RAF1_Leu603Pro,0,0,false,0,0,false,0.7472667962186552,0.8072334686400157,0.7772501324293355
F9_Trp453Arg,0,0,false,0,0,false,0.6864270152505447,0.6795327325368467,0.6829798738936956
CCM2_Asn94Ser,0,0,false,0,0,false,0.7638374818384225,0.8620333821941785,0.8129354320163005
F9_Arg379Gln,1,0,false,0,0,false,0.8948334662655197,0.6237540869814104,0.7592937766234651
F9_Asn166Tyr,0,0,false,0,0,false,0.49681884586859676,0.8558893364869741,0.6763540911777854
RHO_Arg135Trp,0,0,false,0,0,false,0.8289561051564006,0.848450778736868,0.8387034419466344
FARS2_Thr246Met,0,0,false,0,0,false,0.6770292548089514,0.6804102176056458,0.6787197362072985
RAF1_Thr491Ile,0,0,false,0,0,false,0.7370624431233321,0.8142078548463356,0.7756351489848339
SDHD_Ser68Gly,0,0,false,0,0,false,0.7747656332563093,0.8190385166900501,0.7969020749731797
CCM2_Ser408Arg,1,1,true,0,1,false,0.8927165837803729,0.9611432179853487,0.9269299008828609
FARS2_His135Asp,0,0,false,0,0,false,0.6404895598553312,0.785308606661879,0.7128990832586051
F9_Pro197Ser,0,0,false,0,0,false,0.6546947555220599,0.6170391164027158,0.6358669359623879
CCM2_Val216Ala,0,0,false,0,0,false,0.7903288409811284,0.7928879345427876,0.791608387761958
F9_Arg384Leu,0,0,false,0,0,false,0.5629610377556141,0.6391945424146871,0.6010777900851506
CCM2_Gly188Arg,0,0,false,0,0,false,0.6899057356199405,0.8654114254282169,0.7776585805240788
RET_Pro64Leu,0,1,false,0,1,false,0.658728523687184,0.9804880815822493,0.8196083026347167
CCM2_Tyr144Cys,0,0,false,0,0,false,0.7439451978045868,0.874802306346691,0.8093737520756389
CCM2_Arg423Pro,0,0,false,0,0,false,0.7404755181720857,0.8209575943447599,0.7807165562584228
RAF1_Ser427Gly,0,0,false,0,0,false,0.8342764973325787,0.7927766062981189,0.8135265518153487
CCM2_His364Tyr,0,0,false,0,0,false,0.7922806118419462,0.8637768897856382,0.8280287508137922
CCM2_Pro102Ser,0,0,false,0,0,false,0.8502476993468552,0.8226637344705292,0.8364557169086921
CCM2_Cys211Ser,0,0,false,0,0,false,0.8149492624052095,0.8406451435026977,0.8277972029539535
CCM2_Gly103Arg,0,1,false,0,0,false,0.76637247856711,0.8858190061895638,0.8260957423783368
SHOC2_Thr205Ala,0,0,false,0,0,false,0.6792168005819562,0.8085083031253772,0.7438625518536668
SDHD_Glu69Lys,1,1,true,0,0,false,0.8785284667882031,0.8821027870189919,0.8803156269035974
SDHD_Arg70Thr,0,0,false,0,0,false,0.8022562630952143,0.876907970433545,0.8395821167643795
BRCA1_Met671Lys,1,1,true,0,1,false,0.9505938449333811,0.9704484609385355,0.9605211529359583
BRAF_Leu245Phe,0,0,false,0,0,false,0.638821106881982,0.854239827692258,0.74653046728712
CTCF_Arg567Leu,0,0,false,0,0,false,0.5955774829893721,0.5725732678815956,0.5840753754354838
F9_Ile7Phe,0,0,false,0,0,false,0.5481832914031204,0.6658774891976692,0.6070303903003949
SHOC2_Ser4Arg,0,1,false,0,0,false,0.6755180544798177,0.9179761181055074,0.7967470862926626
ZC4H2_Ala162Thr,0,0,false,0,0,false,0.8502638266287432,0.6325524172812277,0.7414081219549855
CCM2_Gly176Val,0,0,false,0,0,false,0.7643552642596582,0.8726886643296262,0.8185219642946422
CCM2_Arg412Trp,0,0,false,0,0,false,0.790500199078529,0.8144263599042438,0.8024632794913864
BAP1_Ser596Gly,0,0,false,0,0,false,0.48790658287507727,0.5532073414376034,0.5205569621563404
CCM2_Ile136Val,0,1,false,0,1,false,0.8376246379918405,0.943614090100534,0.8906193640461872
BRCA1_Thr581Ile,1,1,true,1,1,true,0.9794941865604404,0.9316618456321135,0.955578016096277
SOS2_Pro1318Ser,0,0,false,0,0,false,0.6722103852923177,0.554340213938575,0.6132752996154464
F9_Ser411Ile,0,0,false,0,0,false,0.6908944882159987,0.5792174404184528,0.6350559643172258
KRAS_Gly12Asp,1,0,false,0,0,false,0.9535033127374848,0.7891330351514627,0.8713181739444738
BCL10_Leu8Leu,1,0,false,0,0,false,0.8823529411764706,0.5357539018783427,0.7090534215274067
BAP1_Asn290Ser,0,0,false,0,0,false,0.6559667095793311,0.5102749202430318,0.5831208149111815
ZC4H2_Arg198Gln,0,0,false,0,0,false,0.7964344290160212,0.6162865094081145,0.7063604692120679
CCM2_Ala405Ser,0,1,false,0,0,false,0.7091493441900337,0.8995997094616511,0.8043745268258424
CCM2_Ile432Thr,0,0,false,0,0,false,0.7364537662324585,0.8788018778302455,0.807627822031352
CCM2_Ser398Tyr,0,0,false,0,0,false,0.778291176879444,0.854876577575595,0.8165838772275196
CCM2_Ser84Asn,0,0,false,0,0,false,0.7953320186282062,0.8338278796694617,0.8145799491488339
BRAF_Glu501Lys,0,0,false,0,0,false,0.5613240661661344,0.5795877855320548,0.5704559258490947
CCM2_Thr241Ile,1,1,true,0,0,false,0.9617230669853505,0.8912645209035395,0.926493793944445
RAD51D_Val66Leu,0,0,false,0,0,false,0.4735135380022462,0.7368980398348188,0.6052057889185325
FH_Arg101Pro,0,0,false,0,0,false,0.8144788384306456,0.7591463818735216,0.7868126101520836
CCM2_Ile331Phe,0,1,false,0,0,false,0.8410970799092449,0.9193463934463845,0.8802217366778147
KRAS_Phe156Leu,1,1,true,0,0,false,0.9312549665502065,0.8904038053154149,0.9108293859328107
F9_Ala397Pro,0,0,false,0,0,false,0.5231752874300287,0.5545451181694817,0.5388602027997552
SDHD_Leu139Arg,0,0,false,0,0,false,0.8709498956187062,0.8235345660865708,0.8472422308526385
F9_Ile316Thr,0,,false,0,,false,0.8380546549952954,,
RAF1_Asn71Ser,0,0,false,0,0,false,0.7201265609384727,0.5478643627268203,0.6339954618326464
FARS2_Asp142Tyr,0,0,false,0,0,false,0.5679488323067039,0.5906016339396649,0.5792752331231844
KRAS_Pro34Arg,0,0,false,0,0,false,0.7408775389714906,0.676061446084069,0.7084694925277798
CCM2_Asp301Gly,0,0,false,0,0,false,0.7551056153413951,0.8151995756822142,0.7851525955118046
LMNA_Arg386Thr,0,0,false,0,0,false,0.8178282772037097,0.7326336048613691,0.7752309410325393
CCM2_Glu128Lys,0,1,false,0,0,false,0.7994207598283962,0.9159925660882983,0.8577066629583472
BRCA1_Pro533Leu,1,1,true,1,0,false,0.9912462879532155,0.8966973181666507,0.9439718030599331
BRCA1_Glu631Lys,1,0,false,1,0,false,0.9766476325556213,0.8653114532543542,0.9209795429049877
RAD51D_Phe305Leu,1,,,0,,false,0.899373938602152,,
RAF1_Cys95Trp,1,0,false,0,0,false,0.9055479247847438,0.6617335274570856,0.7836407261209146
CCM2_Ser183Leu,0,0,false,0,0,false,0.7072684516134076,0.8389335158636837,0.7731009837385456
F9_Arg294Gln,0,0,false,0,0,false,0.694923602720794,0.7565656990470252,0.7257446508839096
CCM2_Glu290Lys,0,0,false,0,0,false,0.7726084738958675,0.7939800438092178,0.7832942588525427
FANCC_Leu496Arg,0,0,false,0,0,false,0.7440958622022515,0.6463386509857354,0.6952172565939935
BRCA1_Thr587Arg,1,1,true,0,0,false,0.9243496868775378,0.9122962314024993,0.9183229591400186
FH_Ala308Thr,0,0,false,0,0,false,0.6025578030294673,0.752578540982823,0.677568172006145
RAF1_Asp381Asn,0,0,false,0,0,false,0.6443114881687294,0.5916507293648501,0.6179811087667897
KRAS_Gly60Arg,0,0,false,0,0,false,0.6027650545330492,0.45365823166693264,0.5282116430999909
RET_Thr278Asn,0,0,false,0,0,false,0.5357371563328672,0.8320212540974146,0.6838792052151409
FARS2_Tyr144Cys,0,0,false,0,0,false,0.751530142942959,0.6419072422105627,0.6967186925767608
CCM2_Ala232Val,0,0,false,0,0,false,0.8053927832533851,0.8263925578026446,0.815892670528015
SDHD_Tyr114Cys,0,0,false,0,0,false,0.7852056285483986,0.8682120279262553,0.8267088282373269
BRAF_Gln257Arg,0,0,false,0,0,false,0.6803782168890007,0.7356388350237879,0.7080085259563943
RET_Gly321Arg,0,1,false,0,1,false,0.6741510909770319,0.977325363031224,0.8257382270041279
CCM2_Glu108Gly,0,1,false,0,0,false,0.8334389734455339,0.9174569597555883,0.875447966600561
BRCA1_Asn132Lys,1,1,true,1,1,true,0.979691614058316,0.989883589297884,0.9847876016781
CCM2_Glu2Lys,0,0,false,0,0,false,0.8555370787652622,0.8049118010894519,0.8302244399273571
CCM2_Leu212Val,0,0,false,0,0,false,0.7841843355938374,0.8427635012071999,0.8134739184005186
KRAS_Thr58Ile,1,0,false,0,0,false,0.8874702078262242,0.7960650923919101,0.8417676501090672
KRAS_Gly60Ser,0,1,false,0,0,false,0.4571340525190196,0.922883940850429,0.6900089966847243
CTCF_Pro643Ser,0,0,false,0,0,false,0.6683800679644131,0.5445619721105004,0.6064710200374568
RET_Val262Ala,0,0,false,0,0,false,0.5811504652840943,0.8362120849218995,0.7086812751029969
SHOC2_Ser57Phe,1,0,false,0,0,false,0.9046983987114122,0.529813433537089,0.7172559161242507
BRAF_Asp565Glu,0,0,false,0,0,false,0.5001272833154411,0.552685161673155,0.526406222494298
F9_Cys335Tyr,0,0,false,0,0,false,0.6825216822184693,0.7144251743292489,0.6984734282738592
CCM2_Gly8Ser,1,0,false,0,0,false,0.8907233424650597,0.8450903689210616,0.8679068556930607
BRCA1_Val632Ala,1,1,true,1,0,false,0.9800312051341327,0.8813107186301908,0.9306709618821618
CCM2_Thr267Asn,0,1,false,0,0,false,0.7031087459184419,0.8812393569386082,0.792174051428525
CCM2_Pro240Leu,1,1,true,0,0,false,0.9008788265868901,0.9011078106010406,0.9009933185939654
CCM2_Glu433Lys,0,0,false,0,0,false,0.7315532281524928,0.8532915569097074,0.7924223925311
BRCA1_Cys64Tyr,1,0,false,1,0,false,0.984165069167112,0.8767777326467615,0.9304714009069368
G6PD_Ile48Thr,1,0,false,0,0,false,0.9620209210586805,0.498102051673434,0.7300614863660573
F9_Glu73Lys,0,0,false,0,0,false,0.6327735864448181,0.7973980911773066,0.7150858388110624
SDHD_Gly106Val,0,0,false,0,0,false,0.7551675962343357,0.7781633021684375,0.7666654492013867
CCM2_Ser143Phe,0,0,false,0,0,false,0.8083789685814917,0.8481033326306163,0.8282411506060541
SDHD_Leu107Pro,0,0,false,0,0,false,0.8327255249968093,0.8333986418202682,0.8330620834085387
CCM2_Glu223Val,0,0,false,0,0,false,0.8074323846930243,0.7855545162898214,0.7964934504914228
BAP1_Thr423Lys,0,0,false,0,0,false,0.4178216284443667,0.5366318780047523,0.47722675322455954
CCM2_Ala205Thr,0,0,false,0,0,false,0.7320037670867687,0.8753296467449578,0.8036667069158633
FARS2_His84Pro,0,0,false,0,0,false,0.6083734781712353,0.6909273743374503,0.6496504262543428
FARS2_Leu371Phe,0,0,false,0,0,false,0.7225344402022017,0.6725393516295189,0.6975368959158603
BRCA1_Arg595Gln,1,0,false,0,0,false,0.9617129546881413,0.8646854932415327,0.913199223964837
ZC4H2_Pro201Ser,0,0,false,0,0,false,0.7814396132952472,0.6317258544338403,0.7065827338645438
RAF1_Asp486Asn,0,0,false,0,0,false,0.7864937187645036,0.8739391265851165,0.8302164226748101
BRCA1_Met548Ile,1,1,true,1,1,true,0.9890623605680183,0.9785719900798429,0.9838171753239306
ZC4H2_Ile7Val,0,0,false,0,0,false,0.7312884995637602,0.7632383538736797,0.7472634267187199
CCM2_Phe91Ile,0,0,false,0,0,false,0.7153949037678613,0.8546500363974193,0.7850224700826403
CCM2_Glu51Ala,0,0,false,0,0,false,0.7678403899174903,0.8347297801595407,0.8012850850385155
CCM2_Val255Leu,0,0,false,0,0,false,0.8003595454084994,0.8119463257529808,0.8061529355807401
FH_His318Tyr,0,0,false,0,0,false,0.718969205371559,0.7185095770613064,0.7187393912164326
G6PD_Glu398Lys,0,0,false,0,0,false,0.6490455450952126,0.6375150811257665,0.6432803131104896
ZC4H2_Ala157Thr,0,0,false,0,0,false,0.7120837534108332,0.8225176987191085,0.7673007260649709
BRAF_Leu485Phe,0,0,false,0,0,false,0.598299584251907,0.5105169863396426,0.5544082852957748
BRAF_Val471Phe,1,1,true,1,1,true,0.9842419434621872,0.9613681814926571,0.9728050624774222
RET_Arg67His,0,1,false,0,1,false,0.6316120613680205,0.9388740507962934,0.7852430560821569
FH_Pro174Arg,,0,false,,0,false,,0.6762706853155396,
CCM2_Ala98Pro,0,0,false,0,0,false,0.7327309963792749,0.8708161446170863,0.8017735704981805
FANCC_Leu554Pro,1,0,false,0,0,false,0.9600094866432588,0.6828875378307329,0.8214485122369959
CCM2_Ala179Ser,0,0,false,0,0,false,0.8318676734892849,0.774363468818616,0.8031155711539504
F9_Cys407Arg,0,0,false,0,0,false,0.593532433474832,0.8238798819066758,0.7087061576907538
BRCA1_Glu116Lys,0,0,false,0,0,false,0.47863625149603095,0.5045541015624009,0.4915951765292159
BRCA1_Phe558Ser,1,1,true,1,1,true,0.9856023871263442,0.9498482441279533,0.9677253156271488
CCM2_Pro165Thr,0,0,false,0,0,false,0.7274774890534288,0.7685940206785459,0.7480357548659873
CCM2_Thr86Ile,0,1,false,0,0,false,0.8275619244906388,0.8818295837452457,0.8546957541179423
CCM2_Ser83Phe,0,0,false,0,0,false,0.7133356664120991,0.8051775986871093,0.7592566325496042
CCM2_Arg390Gln,0,0,false,0,0,false,0.8503840872196116,0.8664256867715786,0.8584048869955951
CCM2_Arg389Trp,0,1,false,0,0,false,0.6808669525100773,0.8798879295631523,0.7803774410366149
SDHD_His102Pro,1,1,true,0,0,false,0.9006813090782809,0.9100589801042144,0.9053701445912476
CCM2_Met439Ile,0,1,false,0,0,false,0.809586604455384,0.9291423796907915,0.8693644920730877
KRAS_Lys5Asn,1,0,false,0,0,false,0.9116284136781583,0.7643973846320817,0.83801289915512
CCM2_Gln72Arg,0,0,false,0,0,false,0.8332409798147503,0.8404551441656821,0.8368480619902162
RPS19_Arg101His,0,0,false,0,0,false,0.5129238414684217,0.6359937086482906,0.5744587750583562
FH_Arg233Leu,0,0,false,0,0,false,0.6740664054693245,0.6513057530980928,0.6626860792837086
F9_Lys39Arg,0,0,false,0,0,false,0.5562734352083778,0.5280128373869296,0.5421431362976536
BRCA1_His239Arg,1,1,true,1,1,true,0.9743999370205588,0.9834822561252834,0.978941096572921
FH_Arg233Cys,0,0,false,0,0,false,0.5987548645396555,0.5681956161990315,0.5834752403693435
BRCA1_Lys502Glu,1,1,true,0,0,false,0.8760282906814945,0.8872472228434506,0.8816377567624725
CCM2_Arg40His,0,1,false,0,0,false,0.8098023731791208,0.8802314511665292,0.845016912172825
F9_Gly442Arg,0,0,false,0,0,false,0.5702105708587752,0.7460344492262554,0.6581225100425153
CCM2_His137Gln,0,0,false,0,0,false,0.7674720642414908,0.8123200040798393,0.7898960341606651
SHOC2_Ile112Thr,0,0,false,0,0,false,0.6900349759264535,0.7843858644027072,0.7372104201645804
CCM2_Ile92Thr,0,0,false,0,0,false,0.8076070427269314,0.8654767464076855,0.8365418945673084
RET_Val292Met,0,0,false,0,0,false,0.6522687131589785,0.5597747988299054,0.606021755994442
CCM2_Lys23Arg,0,0,false,0,0,false,0.8167218330981107,0.7882377081850236,0.8024797706415672
BRAF_Gly469Glu,0,0,false,0,0,false,0.7701152582755086,0.7584429920405253,0.764279125158017
RPS19_Gly127Glu,0,0,false,0,0,false,0.729857031752785,0.7881639125929129,0.759010472172849
BRIP1_Thr266Lys,0,0,false,0,0,false,0.7507343851230628,0.7205994418325683,0.7356669134778155
CCM2_Leu310Val,0,0,false,0,0,false,0.7674396034692129,0.8453988480555713,0.8064192257623921
F9_Cys396Ser,0,0,false,0,0,false,0.4252529456443782,0.4626556784325542,0.4439543120384662
BRAF_Phe468Ser,0,0,false,0,0,false,0.5839173406709097,0.5879989123605611,0.5859581265157354
CCM2_Arg412Gln,0,0,false,0,0,false,0.7330157049809807,0.7596497452291165,0.7463327251050487
CCM2_Thr44Ile,0,0,false,0,0,false,0.7958519826993652,0.8610503803716636,0.8284511815355144
CTCF_Asp46Asn,0,0,false,0,0,false,0.7477452984927581,0.8442630357834994,0.7960041671381287
SDHD_Gly138Val,0,0,false,0,0,false,0.8424335559451768,0.779727937404184,0.8110807466746803
F9_Ala233Thr,0,0,false,0,0,false,0.8540042561209782,0.7023750789365777,0.7781896675287779
CCM2_His151Tyr,0,1,false,0,1,false,0.7965128466442958,0.9708182645290954,0.8836655555866956
FARS2_Asn280Ser,0,0,false,0,0,false,0.8389461083420067,0.7753062704216714,0.8071261893818391
BRCA1_His299Tyr,1,1,true,1,1,true,0.9839165423156767,0.9752599466533104,0.9795882444844936
BRAF_Gly596Val,1,1,true,1,1,true,0.968324621416676,0.9381108039505246,0.9532177126836003
F9_Ser406Leu,1,1,true,0,0,false,0.9457045820372267,0.8868635815796786,0.9162840818084527
BRAF_Val487Gly,0,0,false,0,0,false,0.7776936183988862,0.5407661447805905,0.6592298815897384
RET_Arg313Gln,0,1,false,0,0,false,0.7932106296157397,0.9161398862175612,0.8546752579166504
CCM2_Ala205Asp,1,0,false,0,0,false,0.8951846893946667,0.8765250630646725,0.8858548762296696
BRAF_Val600Gly,0,0,false,0,0,false,0.8034884350566569,0.7373529082522765,0.7704206716544667
FH_Ser334Arg,0,0,false,0,0,false,0.8033091007193875,0.8007347478615932,0.8020219242904904
SDHD_Asp92Gly,0,0,false,0,0,false,0.8028092439799366,0.8382648617100562,0.8205370528449965
RAD51D_Ser46Cys,0,0,false,0,0,false,0.5648243070034517,0.49040677581802167,0.5276155414107366
CCM2_Gln313Arg,0,0,false,0,0,false,0.8039748940482753,0.8390948251209861,0.8215348595846307
CCM2_Gly162Glu,0,0,false,0,0,false,0.6857361934126257,0.7760652662700998,0.7309007298413628
SHOC2_Thr321Ala,1,1,true,0,1,false,0.9226336864782333,0.9944865255095497,0.9585601059938915
BRIP1_Val76Ile,0,0,false,0,0,false,0.6712085747597284,0.8091988361109888,0.7402037054353585
CCM2_Ser416Ala,0,0,false,0,0,false,0.8104563581836617,0.7935438893520864,0.802000123767874
F9_Val374Phe,0,0,false,0,0,false,0.6166641471095112,0.6673805631651736,0.6420223551373424
SHOC2_Met173Val,0,1,false,0,1,false,0.7559028152029459,0.9420425639126733,0.8489726895578096
F9_Glu27Lys,0,0,false,0,0,false,0.7108360461406398,0.8211449773890915,0.7659905117648657
BRCA1_Thr581Ala,1,1,true,0,0,false,0.8837938926005537,0.9167490291041218,0.9002714608523378
CCM2_Ser248Gly,0,0,false,0,0,false,0.7451904343240012,0.8187817594883972,0.7819860969061991
F9_Asp410His,0,0,false,0,0,false,0.6582861406899879,0.6303119289172239,0.644299034803606
F9_Arg191His,0,0,false,0,0,false,0.633158773386885,0.6651388699955143,0.6491488216911996
LMNA_Arg335Trp,0,0,false,0,0,false,0.5907092384194192,0.711489638930998,0.6510994386752087
SHOC2_Leu174Phe,1,1,true,0,0,false,0.9381013085387566,0.9295363964837904,0.9338188525112735
BRIP1_His587Arg,0,0,false,0,0,false,0.6292249630555719,0.7961700191551923,0.712697491105382
RAD51D_Cys9Ser,1,0,false,0,0,false,0.9002881466248781,0.632463571016932,0.7663758588209051
CCM2_Gly188Glu,0,0,false,0,0,false,0.7447167181179968,0.8325259396225276,0.7886213288702622
FARS2_Ile388Ser,0,0,false,0,0,false,0.44602811759794925,0.6256694420392738,0.5358487798186116
BRCA1_Cys64Ser,0,0,false,0,0,false,0.7305620324311284,0.509193303597748,0.6198776680144382
RPS19_Val15Phe,0,0,false,0,0,false,0.6498024481967875,0.684109794739754,0.6669561214682707
BRAF_Thr241Arg,,0,false,,0,false,,0.8299258911292273,
F9_Val227Ile,0,0,false,0,0,false,0.42893701875699064,0.6558178130219405,0.5423774158894656
CCM2_Ala293Thr,0,1,false,0,0,false,0.8255618671860591,0.8902382525827509,0.857900059884405
SHOC2_Glu13Ala,0,1,false,0,1,false,0.7147733879096405,0.9758010558329374,0.845287221871289
KRAS_Gly13Asp,1,0,false,0,0,false,0.8983153587583257,0.6073739488369176,0.7528446537976217
RAF1_Phe22Leu,0,0,false,0,0,false,0.6575876991241759,0.6611114622240368,0.6593495806741063
CCM2_Tyr221Asp,1,0,false,0,0,false,0.9343624801948911,0.873188448370129,0.90377546428251
CCM2_Thr74Met,1,0,false,0,0,false,0.886088822357963,0.8595469299827904,0.8728178761703766
ZC4H2_Ala200Thr,0,0,false,0,0,false,0.7872116008291188,0.69241397251165,0.7398127866703844
FARS2_Ser57Cys,0,0,false,0,0,false,0.425384013948535,0.6962621920646235,0.5608231030065792
CCM2_Gln218Arg,0,1,false,0,0,false,0.8635015230907764,0.9095174194863827,0.8865094712885795
CCM2_Ser202Asn,0,0,false,0,0,false,0.704878042181118,0.8035795417731605,0.7542287919771393
CCM2_Gly5Ser,1,0,false,0,0,false,0.9483763596236284,0.8442754501160411,0.8963259048698348
BRAF_Glu501Val,0,0,false,0,0,false,0.42454478615755165,0.668419559676502,0.5464821729170268
CCM2_Asp431Asn,0,0,false,0,0,false,0.7928812340654353,0.7906154361392504,0.7917483351023429
ZC4H2_Lys217Arg,0,0,false,0,0,false,0.4234407038208272,0.5219040011392475,0.47267235248003736
CCM2_Thr44Ser,1,1,true,0,0,false,0.8774232829344158,0.8949033676369531,0.8861633252856844
CCM2_Leu182Pro,0,1,false,0,1,false,0.7792985742038095,0.9486209402473728,0.8639597572255912
RAD51D_Thr328Ile,1,0,false,0,0,false,0.929689903410934,0.7437025918455917,0.8366962476282629
BCL10_Ala5Ser,0,0,false,0,0,false,0.7683806146572103,0.8007408407158935,0.7845607276865518
CCM2_His247Asp,0,0,false,0,0,false,0.8277012434921747,0.8606884361786477,0.8441948398354111
GSS_Arg125Cys,0,0,false,0,0,false,0.539236634922278,0.6020717464597054,0.5706541906909917
CCM2_Thr296Ala,0,1,false,0,0,false,0.7465494713114046,0.8792537708735054,0.812901621092455
F9_His282Tyr,0,0,false,0,0,false,0.7672337164122793,0.7809611787373809,0.7740974475748301
F9_Ser220Thr,0,0,false,0,0,false,0.5381132628825487,0.7827194086302407,0.6604163357563947
BRCA1_Glu455Lys,0,0,false,0,0,false,0.665053456627972,0.8265669894377499,0.7458102230328609
RAD51D_Glu307Lys,1,1,true,0,1,false,0.9298728681393036,0.9947048700755531,0.9622888691074283
RET_Arg330Gln,0,1,false,0,1,false,0.8106779897676171,0.9939309951224155,0.9023044924450163
F9_Ile443Thr,0,0,false,0,0,false,0.5795383237608178,0.7006583857956397,0.6400983547782287
BAP1_Leu49Pro,0,0,false,0,0,false,0.5927178557285544,0.6714650514021713,0.6320914535653628
BRAF_Lys499Asn,0,0,false,0,0,false,0.6615102294809463,0.6633039561986507,0.6624070928397985
CCM2_Arg423His,0,0,false,0,0,false,0.6401658845271496,0.8060172202396569,0.7230915523834033
FARS2_Gly3Val,0,0,false,0,0,false,0.6207307304139533,0.6300724190845303,0.6254015747492419
CCM2_Arg40Cys,1,0,false,1,0,false,0.9663124910763194,0.863260770445315,0.9147866307608172
F9_Glu79Asp,0,0,false,0,0,false,0.7350557791127735,0.7668926021102467,0.7509741906115102
CCM2_Asp376His,0,1,false,0,0,false,0.8167050357276632,0.8835396704488877,0.8501223530882754
RHO_Asp190Gly,0,0,false,0,0,false,0.7636426303341604,0.7833410739468739,0.7734918521405172
CCM2_His137Arg,0,0,false,0,0,false,0.7422533820425694,0.8113837994579546,0.776818590750262
RAD51D_Arg55Trp,0,0,false,0,0,false,0.5398752335334412,0.5773047600598085,0.5585899967966248
CCM2_Glu366Lys,1,1,true,0,0,false,0.8867420519330925,0.8948058526936008,0.8907739523133467
F9_Gly357Arg,0,0,false,0,0,false,0.6598582596464473,0.5945518994223825,0.6272050795344148
RAD51D_Val56Gly,0,0,false,0,0,false,0.43725980088048955,0.6854161433565101,0.5613379721184999
BRCA1_Asp67Tyr,1,1,true,0,1,false,0.9162230980428752,0.9909520492431141,0.9535875736429946
SDHD_His102Arg,0,0,false,0,0,false,0.6939391861387717,0.7646330805473627,0.7292861333430671
F9_Arg3His,0,0,false,0,0,false,0.5542314805939508,0.6190484411596221,0.5866399608767865
CCM2_Arg346Cys,0,1,false,0,0,false,0.7395522302981256,0.9302880907088126,0.8349201605034691
CCM2_Pro165Ala,0,0,false,0,0,false,0.7365715492510394,0.7918468416465446,0.764209195448792
CCM2_Leu298Met,0,1,false,0,0,false,0.8479211640917832,0.8938907672175066,0.870905965654645
F9_Asp110Gly,0,0,false,0,0,false,0.8735341040387579,0.8686866330475287,0.8711103685431433
CCM2_Ile197Leu,0,0,false,0,0,false,0.8111150154442986,0.8308913427307281,0.8210031790875134
BAP1_Cys91Ser,0,1,false,0,1,false,0.6541532321800272,0.9333529871701809,0.793753109675104
CCM2_Ser202Arg,0,0,false,0,0,false,0.70779043344688,0.7634995525984989,0.7356449930226894
F9_Thr194Ala,0,0,false,0,0,false,0.683562763759731,0.780442232559193,0.732002498159462
CCM2_Met424Ile,0,0,false,0,0,false,0.7412140730699955,0.7502595738806015,0.7457368234752986
RAF1_Gly361Ala,0,0,false,0,0,false,0.873767237649067,0.7595018226539966,0.8166345301515319
CCM2_Gln441Arg,0,0,false,0,0,false,0.7443237119653979,0.8153407427025724,0.7798322273339852
BAP1_Glu31Lys,0,0,false,0,0,false,0.7117206420996531,0.5646853145735389,0.638202978336596
FARS2_Ala166Thr,0,0,false,0,0,false,0.6308373155030829,0.4713106607706262,0.5510739881368545
SDHD_Phe34Cys,0,1,false,0,0,false,0.8539948588305041,0.8930240841096873,0.8735094714700957
F9_Ile136Thr,0,0,false,0,0,false,0.745046260152305,0.6833168035932747,0.7141815318727899
CCM2_Ala140Thr,0,0,false,0,0,false,0.7782637445169669,0.8127744146892535,0.7955190796031102
CCM2_His332Arg,0,0,false,0,0,false,0.7467053978502889,0.8754586293535896,0.8110820136019392
BRIP1_Leu195Pro,0,0,false,0,0,false,0.6639999428315029,0.7376117184704061,0.7008058306509545
SDHD_His50Asp,1,1,true,0,0,false,0.9026523425916128,0.9296084092898396,0.9161303759407262
FARS2_Ile329Thr,0,1,false,0,1,false,0.8527071834718518,0.9497609191467175,0.9012340513092847
BRCA1_Leu660Pro,0,0,false,0,0,false,0.5429659929631443,0.6971719961665781,0.6200689945648612
RAD51D_Val66Met,0,0,false,0,0,false,0.5251440850520803,0.7562182404004095,0.640681162726245
BAP1_Thr93Ala,0,0,false,0,0,false,0.5360889193103129,0.6202397851478961,0.5781643522291045
RAF1_Thr491Arg,0,0,false,0,0,false,0.7092062608687455,0.8035216812448265,0.756363971056786
CCM2_Thr394Ser,0,1,false,0,0,false,0.7806547585039488,0.9112715825211285,0.8459631705125387
BAP1_Arg718Gln,0,0,false,0,0,false,0.5676986968568678,0.6172341215461941,0.5924664092015309
ABCD1_Arg518Gln,0,0,false,0,0,false,0.7870494806388876,0.7135505295908988,0.7503000051148931
CTCF_Tyr226Cys,0,0,false,0,0,false,0.7548044068723039,0.7492800853906024,0.7520422461314531
ZC4H2_Arg213Trp,0,0,false,0,0,false,0.7638881292976838,0.7307104948785454,0.7472993120881146
BAP1_Arg59Pro,0,0,false,0,0,false,0.7760629629165843,0.5309453839443147,0.6535041734304494
CCM2_Pro77Gln,0,0,false,0,0,false,0.6911764652695147,0.8274745435757648,0.7593255044226397
ZC4H2_Leu66His,1,0,false,0,0,false,0.9542813202282818,0.8522655514090403,0.903273435818661
BAP1_Cys91Gly,0,0,false,0,0,false,0.8059496747384488,0.5863642072617119,0.6961569410000803
F9_His282Arg,0,0,false,0,0,false,0.8460337062407786,0.8092956455580314,0.827664675899405
RET_Thr338Ile,1,1,true,0,0,false,0.9205314968803489,0.9174918166052234,0.9190116567427862
SOS2_Val869Ile,0,0,false,0,0,false,0.7995106102292323,0.660541002024487,0.7300258061268596
RAD51D_Gly289Ser,1,1,true,0,1,false,0.9297212965001249,0.9505417159707916,0.9401315062354583
CCM2_Asp411Glu,0,0,false,0,0,false,0.7214430545144549,0.8782864804221336,0.7998647674682943
SDHD_His50Arg,0,0,false,0,0,false,0.7954797741243843,0.8487679862963862,0.8221238802103852
F9_Asp110Asn,0,1,false,0,0,false,0.6345242978723558,0.8826315476452683,0.7585779227588121
FH_Gln376Pro,0,0,false,0,0,false,0.6954918151638652,0.4809332923956441,0.5882125537797547
CCM2_Ile372Leu,1,1,true,0,0,false,0.8799481152049031,0.9295370090462485,0.9047425621255758
BRCA1_Val275Ile,1,0,false,1,0,false,0.9934358013689744,0.7971938108459706,0.8953148061074725
RAF1_Asn140His,0,0,false,0,0,false,0.7498700589060515,0.8768500439669253,0.8133600514364885
SDHD_His102Leu,1,0,false,0,0,false,0.9522927559250102,0.831368025803328,0.8918303908641692
CCM2_Ser164Phe,0,1,false,0,1,false,0.7717946233515673,0.9846004049735231,0.8781975141625452
FARS2_Gly309Ser,0,1,false,0,0,false,0.5686633110620103,0.8870193180070034,0.7278413145345068
F9_Arg75Gln,0,0,false,0,0,false,0.6061063760837944,0.7806735852079177,0.6933899806458561
CCM2_Asp227Asn,0,0,false,0,0,false,0.8292112390818835,0.7964291400833029,0.8128201895825933
F9_Val195Gly,0,0,false,0,0,false,0.6593769088586301,0.7029388431329561,0.681157875995793
KRAS_Asp153Val,0,1,false,0,1,false,0.5368574535216379,0.9451762796566503,0.7410168665891441
CCM2_Arg346His,0,1,false,0,0,false,0.7329369795853004,0.9024756044280249,0.8177062920066627
SHOC2_Ser403Gly,0,0,false,0,0,false,0.8621220845756798,0.8598607476040003,0.8609914160898401
BRIP1_Arg848His,0,0,false,0,0,false,0.7877104845651395,0.7587827823803478,0.7732466334727437
CCM2_Ala149Thr,0,0,false,0,0,false,0.6560968653041609,0.8508243699552412,0.7534606176297011
RAD51D_Glu233Gly,0,0,false,0,0,false,0.696707601081368,0.6523177668682895,0.6745126839748288
SHOC2_Ser2Gly,,1,,,0,false,,0.8812307260582743,
RAD51D_Asn138His,1,0,false,0,0,false,0.9312611228377887,0.7661350354466941,0.8486980791422414
CCM2_Ser330Phe,0,0,false,0,0,false,0.8178508310560507,0.8764207602611823,0.8471357956586165
BRCA1_Arg391Met,1,1,true,0,0,false,0.9306585284304987,0.9299075772210594,0.930283052825779
CCM2_Glu201Asp,0,0,false,0,0,false,0.7730212633503472,0.8257430672344791,0.7993821652924131
CCM2_Tyr261Asp,1,1,true,0,1,false,0.9037559616642632,0.967843943392059,0.9357999525281611
CCM2_Ala123Val,0,1,false,0,0,false,0.8473120325455243,0.9030213875134377,0.8751667100294811
BAP1_Pro12Thr,0,0,false,0,0,false,0.6776572885689629,0.5225870430891271,0.600122165829045
CCM2_His364Arg,0,0,false,0,0,false,0.7758844579392619,0.8708392110244975,0.8233618344818796
CTCF_Arg342Cys,0,0,false,0,0,false,0.643556593854874,0.7323616410391203,0.6879591174469971
CCM2_Thr86Ser,1,0,false,0,0,false,0.89084127255986,0.8778350982789389,0.8843381854193995
CCM2_Leu392Val,0,1,false,0,0,false,0.8076491551475391,0.9020237289832195,0.8548364420653793
RAF1_Thr145Pro,0,0,false,0,0,false,0.7787636596227573,0.6948395624861297,0.7368016110544435
CCM2_Gly214Cys,0,0,false,0,0,false,0.7669271998546731,0.8375494283992175,0.8022383141269454
CCM2_Pro77Ser,0,1,false,0,0,false,0.7695670562221745,0.8943227379536758,0.8319448970879251
F9_Cys28Arg,0,0,false,0,0,false,0.7363730507593718,0.6277013178121026,0.6820371842857371
CCM2_Gly188Trp,0,0,false,0,0,false,0.745663477297661,0.8654049252398939,0.8055342012687774
F9_Pro175Ser,0,0,false,0,0,false,0.49431238623440454,0.7099087143455147,0.6021105502899596
CCM2_Arg52Cys,0,0,false,0,0,false,0.7857422793546178,0.8708112921759001,0.828276785765259
CCM2_Lys30Glu,0,0,false,0,0,false,0.7439318264448872,0.844550065719755,0.7942409460823211
BRCA1_Pro510Ser,1,1,true,1,1,true,0.9842508167638084,0.9640036687223583,0.9741272427430834
FH_Asn340Lys,,0,false,,0,false,,0.7936091313455258,
CCM2_Ala179Thr,0,0,false,0,0,false,0.8453857483902422,0.8660878168013966,0.8557367825958193
CCM2_Thr267Ile,1,0,false,0,0,false,0.9065906471388311,0.8708237793933261,0.8887072132660786
FANCC_Asp195Val,0,0,false,0,0,false,0.48485712487139987,0.6351832855990385,0.5600202052352192
RAD51D_Met308Val,1,0,false,0,0,false,0.960538673330112,0.8740166193615838,0.9172776463458479
CCM2_Asp410Val,0,0,false,0,0,false,0.7194132336013431,0.7341103056163335,0.7267617696088383
RAD51D_Ile251Val,0,1,false,0,1,false,0.8034463122456237,0.9995217075101795,0.9014840098779016
CCM2_Asp411Asn,0,0,false,0,0,false,0.7673839976458489,0.810227783274217,0.7888058904600329
CCM2_Pro281Ser,0,0,false,0,0,false,0.786503386940487,0.7993949739146383,0.7929491804275627
CCM2_Val374Met,0,0,false,0,0,false,0.848255413204102,0.8713335103106562,0.8597944617573792
CCM2_Asp126Glu,0,0,false,0,0,false,0.8186957923333568,0.8219070190351537,0.8203014056842552
CCM2_Asp440Asn,1,0,false,0,0,false,0.9206350761689625,0.7694847133703172,0.8450598947696398
CCM2_Pro55Ala,0,1,false,0,0,false,0.8520567584254688,0.9093936494659077,0.8807252039456883
CCM2_Gly436Ser,0,0,false,0,0,false,0.7095822613603954,0.7913719143981548,0.750477087879275
ABCD1_Arg389Gly,0,0,false,0,0,false,0.8741370157660132,0.557767958912841,0.7159524873394272
CCM2_Ser15Leu,,0,false,,0,false,,0.8662346108519653,
F9_Ile210Thr,0,0,false,0,0,false,0.8545018665708942,0.8642193932432928,0.8593606299070935
F9_Pro414Thr,0,0,false,0,0,false,0.6182419183696463,0.7411643768406763,0.6797031476051613
ZC4H2_Val63Leu,0,0,false,0,0,false,0.6080136834909066,0.6066181739777775,0.607315928734342
KRAS_Tyr71His,,0,false,,0,false,,0.5929192664186796,
CCM2_Asp442Asn,0,0,false,0,0,false,0.811801751587197,0.8341156705408429,0.82295871106402
CTCF_Arg342Gly,0,0,false,0,0,false,0.6082543794760712,0.6738743571694993,0.6410643683227852
RAD51D_Val132Ile,0,0,false,0,0,false,0.8188471165112827,0.852293666669155,0.8355703915902188
CCM2_Thr106Ile,0,1,false,0,0,false,0.86818687578603,0.9236145874689613,0.8959007316274956
CCM2_Ile425Thr,0,1,false,0,0,false,0.7840173951130099,0.8898238895183109,0.8369206423156604
F9_Arg191Cys,0,0,false,0,0,false,0.5868911879567651,0.8294935729820571,0.708192380469411
LMNA_Ala43Thr,1,1,true,0,0,false,0.951718694174347,0.9215057423653834,0.9366122182698652
CCM2_Pro102Leu,1,1,true,0,0,false,0.8898234672058276,0.8868209793695604,0.888322223287694
KRAS_Pro34Leu,1,0,false,0,0,false,0.950029664486399,0.4738729661856484,0.7119513153360237
BRCA1_Ser408Ile,0,1,false,0,0,false,0.7476501008970957,0.9181762445456895,0.8329131727213925
LMNA_Arg349Leu,0,0,false,0,0,false,0.5851680566044616,0.5475822828122247,0.5663751697083431
CCM2_Asp410His,0,0,false,0,0,false,0.6806886663199411,0.8276077339599168,0.7541482001399289
SHOC2_Gly53Arg,0,0,false,0,0,false,0.750939423096193,0.8216650233696959,0.7863022232329444
RHO_Cys110Tyr,1,0,false,0,0,false,0.8790816179354186,0.8727911260092511,0.8759363719723349
BRAF_Gly464Val,0,0,false,0,0,false,0.7144551952637169,0.748407048873009,0.7314311220683629
CCM2_Ser245Cys,0,0,false,0,0,false,0.8601224156084579,0.8328564638068309,0.8464894397076443
F9_Cys170Tyr,0,1,false,0,0,false,0.6928223052051115,0.8892735093039862,0.7910479072545489
CCM2_Arg19Gln,0,0,false,0,0,false,0.8204106466446573,0.82582264684747,0.8231166467460637
RPS19_Arg62Trp,,0,false,,0,false,,0.7290373796001558,
CCM2_Val45Gly,0,0,false,0,0,false,0.8169692149893689,0.7988265669012168,0.8078978909452929
CCM2_His109Arg,0,1,false,0,0,false,0.8429670270034343,0.9148785131407426,0.8789227700720885
BRCA1_Gly602Ala,1,1,true,1,0,false,0.9905934057415612,0.8899492981161312,0.9402713519288461
CCM2_Glu54Lys,0,1,false,0,0,false,0.858744214395443,0.8813954669615237,0.8700698406784834
ZC4H2_Arg18Lys,0,0,false,0,0,false,0.6601528287397939,0.7503559799668514,0.7052544043533227
F9_Phe395Ile,0,0,false,0,0,false,0.5172996797401919,0.78191504566733,0.649607362703761
CCM2_Leu195Pro,0,0,false,0,0,false,0.7987028386476526,0.8354003129683676,0.8170515758080101
G6PD_Gly378Ser,0,0,false,0,0,false,0.5350994019317835,0.40905820693214356,0.47207880443196354
BRCA1_Cys39Arg,1,1,true,1,0,false,0.9652418848774538,0.9113364851976637,0.9382891850375588
RAD51D_Val28Leu,1,0,false,0,0,false,0.9488692246219801,0.8519265761309345,0.9003979003764573
SDHD_Ile31Val,0,0,false,0,0,false,0.751312878625422,0.8632571331477497,0.8072850058865858
RAD51D_Arg165Gln,1,0,false,0,0,false,0.9315934600653435,0.8167428149144147,0.8741681374898791
RAD51D_His23Arg,1,0,false,0,0,false,0.9203527373439884,0.7620934902533477,0.8412231137986681
F9_Arg384Pro,0,0,false,0,0,false,0.46120986089648197,0.5373757644945938,0.4992928126955379
CCM2_Glu366Gln,0,1,false,0,0,false,0.8360062358425799,0.8833896366087068,0.8596979362256434
CTCF_Arg567Trp,0,0,false,0,0,false,0.8577022478605603,0.845062424909783,0.8513823363851716
BRCA1_His41Arg,1,0,false,1,0,false,0.9836352860827905,0.7635952103109365,0.8736152481968635
CCM2_Asp110Asn,0,0,false,0,0,false,0.8271564542066092,0.8673501503371425,0.8472533022718758
SHOC2_Gln269Arg,0,0,false,0,0,false,0.6764018619453296,0.6157670407013233,0.6460844513233264
CCM2_Glu66Lys,0,0,false,0,0,false,0.7943478513936437,0.8148113738047553,0.8045796125991995
CCM2_Glu417Gly,0,0,false,0,0,false,0.8172102455828051,0.7932078371221892,0.8052090413524972
KRAS_Ile36Met,1,0,false,1,0,false,0.9889391489111761,0.6809761632421119,0.834957656076644
SDHD_Ala90Glu,0,0,false,0,0,false,0.7882412994273117,0.8256721732844101,0.806956736355861
G6PD_Arg365His,0,0,false,0,0,false,0.5049687799684487,0.5453099664505856,0.5251393732095171
BRCA1_Arg71Lys,1,1,true,1,1,true,0.9796857254805389,0.933072995991214,0.9563793607358764
BRIP1_Ser520Thr,0,0,false,0,0,false,0.7470475012567772,0.7296687083203656,0.7383581047885714
FARS2_Asp325Tyr,0,0,false,0,0,false,0.6455699269581424,0.7875315940839283,0.7165507605210353
BRCA1_Arg71Gly,1,1,true,1,0,false,0.9855224726609189,0.9304760710892357,0.9579992718750773
KRAS_Gly12Val,1,1,true,1,0,false,0.9746819559282497,0.9194774110318478,0.9470796834800488
CCM2_Arg423Cys,0,0,false,0,0,false,0.6708428342937188,0.766667504626434,0.7187551694600764
CCM2_Ser393Gly,0,1,false,0,0,false,0.7652882835687025,0.9191817977664049,0.8422350406675536
KRAS_Phe156Ile,0,0,false,0,0,false,0.49694980554075857,0.5339240086725837,0.5154369071066711
CCM2_Gly418Glu,0,1,false,0,1,false,0.8131254418407999,0.9816498241302914,0.8973876329855457
LMNA_Arg377Leu,0,0,false,0,0,false,0.6803825019777638,0.732651144476482,0.706516823227123
CCM2_Glu264Asp,0,1,false,0,0,false,0.8629082381555304,0.9048954021041326,0.8839018201298314
FH_Ser419Pro,0,1,false,0,0,false,0.8723439684984999,0.9213201043130436,0.8968320364057718
BRCA1_Cys61Gly,1,1,true,0,1,false,0.94979174340731,0.9816626134163466,0.9657271784118283
CTCF_Tyr407Cys,0,0,false,0,0,false,0.7070470110384419,0.5832082165597294,0.6451276137990857
LMNA_Leu162Pro,0,0,false,0,0,false,0.8129075240942252,0.8736470722150931,0.8432772981546591
CTCF_His455Gln,1,1,true,0,0,false,0.8970715001416795,0.9144240132292991,0.9057477566854892
BRCA1_Ser611Arg,1,1,true,1,1,true,0.9809933121913667,0.9553935623214184,0.9681934372563925
F9_Cys335Trp,0,0,false,0,0,false,0.5034025204811217,0.5508116033443167,0.5271070619127192
BRCA1_Ser186Tyr,1,1,true,1,1,true,0.9891402010878071,0.9895433550447515,0.9893417780662793
CCM2_Ser166Ile,0,0,false,0,0,false,0.7829013595230784,0.8487583256880145,0.8158298426055464
FH_Arg160Gly,,1,,,1,,,0.9376294565533879,
CCM2_Ser60Arg,0,1,false,0,0,false,0.8569368160036205,0.9250434550730522,0.8909901355383363
CCM2_Asp419Tyr,0,0,false,0,0,false,0.691620068772179,0.749248260756011,0.720434164764095
CCM2_Cys170Tyr,0,0,false,0,0,false,0.6354878326083649,0.8322896785060547,0.7338887555572098
RHO_Pro267Thr,1,0,false,0,0,false,0.9556344726701156,0.8513456128397525,0.903490042754934
CCM2_Asp129His,0,1,false,0,0,false,0.751819684580783,0.9033301007435043,0.8275748926621436
CCM2_Thr395Ile,0,0,false,0,0,false,0.7074631606004568,0.8402805792646698,0.7738718699325633
BRCA1_Met1Ile,1,1,true,0,1,false,0.942537676845391,0.965432133065669,0.95398490495553
RAF1_Leu613Val,,0,false,,0,false,,0.7624597863846476,
CCM2_Ile130Val,0,0,false,0,0,false,0.7418462648382507,0.8423470573028012,0.792096661070526
BRCA1_Gly666Val,1,0,false,0,0,false,0.9221979106285213,0.8413339729777471,0.8817659418031343
CCM2_Ile76Met,0,0,false,0,0,false,0.7791296112548918,0.8780000327465243,0.828564822000708
BRCA1_Thr37Lys,1,0,false,0,0,false,0.9365262887156782,0.8174092776879838,0.876967783201831
SDHD_Val111Ile,0,0,false,0,0,false,0.8362832234515796,0.6806283428302172,0.7584557831408985
BRCA1_Phe591Leu,1,1,true,0,1,false,0.9166854857442854,0.937408693262149,0.9270470895032172
LMNA_Arg41His,1,1,true,0,1,false,0.9361856833297665,0.9685184608031403,0.9523520720664533
F9_Cys134Ser,0,0,false,0,0,false,0.730502955623894,0.8052223116539097,0.7678626336389018
CCM2_Asp61Asn,0,0,false,0,0,false,0.8037680268415629,0.8351320407238655,0.8194500337827142
F9_Pro333Leu,0,,false,0,,false,0.8173212006324524,,
BRIP1_Gln255His,0,0,false,0,0,false,0.8171288577429178,0.7502156437554367,0.7836722507491772
RAF1_Pro225Ser,0,0,false,0,0,false,0.5939375746955838,0.6512782784969562,0.6226079265962701
SHOC2_Asn527Ser,0,0,false,0,0,false,0.8093247097913885,0.7940691263031118,0.8016969180472502
CCM2_Ile432Phe,0,0,false,0,0,false,0.7371941795749466,0.8282878694173094,0.7827410244961279
CCM2_Lys65Glu,0,0,false,0,0,false,0.7947760703922739,0.8175349257866152,0.8061554980894445
RAD51D_Ala231Ser,1,0,false,0,0,false,0.8818606767782569,0.6124205899357344,0.7471406333569957
FH_Leu303Ser,0,0,false,0,0,false,0.6280580150688557,0.8505563411567993,0.7393071781128275
CCM2_Glu333Val,0,0,false,0,0,false,0.7423465870604722,0.8788704963554005,0.8106085417079363
CTCF_Ala697Thr,0,0,false,0,0,false,0.5498372877198431,0.427811937381813,0.48882461255082804
FARS2_Arg419Cys,0,0,false,0,0,false,0.6437794517662653,0.733208843842912,0.6884941478045886
F9_His303Tyr,0,0,false,0,0,false,0.7437183219804285,0.6756812609368682,0.7096997914586484
CCM2_Ser426Leu,0,0,false,0,0,false,0.7627049295726288,0.8105051030575013,0.7866050163150651
