Gene,Variant,U2OS_paired_t_stat,U2OS_paired_t_pval
CCM2,CCM2_Thr86Ser,-5.045972824371899,0.2455578236800816
SDHD,SDHD_Gly138Val,10.431320102129657,0.0009202589005377759
CCM2,CCM2_Val255Leu,-3.572481024244013,1.0
CCM2,CCM2_Asp411Asn,-2.6805901737399593,1.0
CCM2,CCM2_Ile432Phe,-17.501613267391917,0.000042965561492538316
CCM2,CCM2_Ser84Asn,-7.167998621769596,0.00043298874604543873
SDHD,SDHD_His50Asp,0.5278983851524384,1.0
RAF1,RAF1_Asp486Asn,4.952038637737814,0.02508130273189949
CCM2,CCM2_His364Arg,-8.552403679648341,0.159282682265288
CCM2,CCM2_Asp410Val,-4.971511535825637,0.31652377414276484
CCM2,CCM2_Asn94Ser,-8.185519233006309,0.00019926710363047198
CCM2,CCM2_Gly436Ser,-7.658435960121461,0.004075055014297808
CCM2,CCM2_Glu128Lys,-2.486424709902502,1.0
SDHD,SDHD_Arg70Thr,0.3796977806482231,1.0
CCM2,CCM2_Gly188Arg,-5.610693035073088,1.0
CCM2,CCM2_Ile136Val,-3.338080988973049,1.0
CCM2,CCM2_His332Arg,-15.31714468587561,7.965098835570244e-6
RAF1,RAF1_Asn71Ser,-0.8317408591390695,1.0
SDHD,SDHD_Gly106Val,-0.9865200194047619,1.0
CCM2,CCM2_Pro77Ser,-1.9453760517845422,1.0
RAF1,RAF1_Thr491Arg,-2.2142650562662,0.20819766860665642
SDHD,SDHD_Leu107Pro,-1.6003300038664925,1.0
SHOC2,SHOC2_Thr494Asn,-6.487518049491403,0.0005479509014274737
CCM2,CCM2_Ile131Asn,0.8501740469017571,1.0
CCM2,CCM2_Glu66Lys,-12.40183657729897,8.988859440781398e-6
CCM2,CCM2_Ser166Ile,-11.407063171318152,0.05867263587739751
CCM2,CCM2_Gly407Asp,-4.6421572279774965,0.0072011046900691475
CCM2,CCM2_Arg346His,-11.028523069154318,0.00039679766531914846
CCM2,CCM2_Pro281Ser,-5.1670030179250634,1.0
SDHD,SDHD_Ser68Gly,-3.271765987790615,1.0
CCM2,CCM2_Thr296Ala,-10.307004929758067,0.0001382816773786915
CCM2,CCM2_Ile197Leu,-8.154331288491633,1.0
CCM2,CCM2_His247Asp,-0.49638632538785404,1.0
SDHD,SDHD_His102Arg,1.4404529547031009,1.0
CCM2,CCM2_His109Arg,-2.6648535453033513,1.0
BRIP1,BRIP1_Leu195Pro,0.678345949718366,1.0
CCM2,CCM2_Ile372Leu,-21.376038559662444,1.4867151974880126e-6
CCM2,CCM2_Arg389Trp,-13.647145622979151,0.00009598205699002704
CCM2,CCM2_Ser330Phe,-13.226921515360695,0.00003708370054000123
CCM2,CCM2_Ile76Met,-2.2918086514743456,1.0
CCM2,CCM2_Glu223Val,4.858528474272403,1.0
CCM2,CCM2_Arg412Trp,-6.530919580581461,0.0007817710428751073
RAF1,RAF1_Phe22Leu,-1.462481766348925,1.0
CCM2,CCM2_Thr241Ile,-4.181482551817305,1.0
CCM2,CCM2_Glu108Gly,-4.769713090619189,0.04271157932455563
SDHD,SDHD_Ala90Glu,-4.21956897166154,1.0
SDHD,SDHD_Ala90Val,0.46375151006751336,1.0
CCM2,CCM2_Glu433Lys,-6.011055952111974,0.0629436917983983
CCM2,CCM2_Ala405Ser,-12.858603100647207,0.000016163758535771386
CCM2,CCM2_Gly379Ser,-31.91491713742565,1.0705941142197196e-7
CCM2,CCM2_Gln72Arg,-6.15741473987299,0.00478972879610215
CCM2,CCM2_Gln441Arg,-11.245439148441536,1.0
CCM2,CCM2_His364Tyr,-7.685645024652003,0.0334674513727072
CCM2,CCM2_Gln218Arg,-11.537459320867951,0.0025370822144157082
CCM2,CCM2_Glu54Lys,2.158399747615573,1.0
CCM2,CCM2_Ser83Phe,-7.7760464058088035,0.0005135436974410399
FARS2,FARS2_Ile388Ser,4.262653512272488,0.008708706837718317
CCM2,CCM2_His137Arg,-3.0028328126456003,1.0
RAF1,RAF1_Thr145Pro,-3.474069018052884,0.1387095016292574
CCM2,CCM2_Gly418Glu,-18.683903933291926,0.00005200936456103288
CCM2,CCM2_Pro55Ala,-6.988755992141326,0.0007079315197739215
RAF1,RAF1_Cys95Trp,0.7341478353766485,0.6086007600525194
CCM2,CCM2_Ser251Tyr,-17.011366985843807,5.598919569607281e-6
BRIP1,BRIP1_Gln255His,-1.2439471189610838,1.0
CCM2,CCM2_Arg423Pro,-8.06015226588109,0.00473783559125857
BRCA1,BRCA1_Ser611Arg,-4.562711114888771,0.012450121366398254
SDHD,SDHD_Glu69Lys,1.0918069182550203,1.0
CCM2,CCM2_Lys65Glu,0.9238617559426908,1.0
CCM2,CCM2_Asp61Asn,-14.198991721629291,0.00001365061745503322
CCM2,CCM2_Gly176Val,-3.8080197952401136,1.0
CCM2,CCM2_Tyr221Asp,-3.5078605672230228,1.0
SDHD,SDHD_His102Leu,-10.675261658839622,0.00033573179036110016
CCM2,CCM2_Thr222Met,-11.888897603556154,0.2927431200527064
FARS2,FARS2_Asn280Ser,0.31670226276173263,1.0
CCM2,CCM2_Ser393Gly,-5.790169617362569,1.0
CCM2,CCM2_Ala205Asp,-15.115571175014791,0.11675052271543003
ZC4H2,ZC4H2_Val63Leu,3.575493464130579,1.0
FARS2,FARS2_Asp142Tyr,0.12544325386242416,1.0
CCM2,CCM2_Thr267Ile,-2.772264807041911,1.0
CCM2,CCM2_Gly103Arg,-13.683512114688996,0.0000345906672044724
CCM2,CCM2_Met439Ile,-1.4506502159730432,1.0
RAF1,RAF1_Thr491Ile,-2.825481019724071,1.0
BRIP1,BRIP1_Arg848His,-0.3645848143152252,1.0
CCM2,CCM2_Tyr118Phe,-5.475097229985297,0.22949847845964566
CCM2,CCM2_Leu182Pro,-7.396212281176169,0.0058250393464694
CCM2,CCM2_Ala179Thr,-7.212848778877171,0.01469754743515999
SDHD,SDHD_His50Arg,-5.69672964070171,0.43847762370643184
CCM2,CCM2_Ser60Arg,-6.0446530902485165,1.0
FARS2,FARS2_Leu371Phe,2.39654084312888,0.07203020474370399
CCM2,CCM2_Ala149Thr,-3.6405588574856917,1.0
CCM2,CCM2_Ile92Thr,5.5632781248061205,1.0
CCM2,CCM2_Arg423Cys,-2.210225954629058,1.0
CCM2,CCM2_Leu310Val,-12.729801631463147,0.003602899539141322
CCM2,CCM2_Pro240Leu,-6.860702739016809,0.21877683389503055
CCM2,CCM2_Gly162Glu,0.7376404456761548,1.0
CCM2,CCM2_Glu366Lys,-16.445784172433708,0.000012811097354344338
SDHD,SDHD_Tyr114Cys,5.682189281819903,0.4870599876081264
RAF1,RAF1_Leu603Pro,6.473917735924258,0.020788784472461172
CCM2,CCM2_His151Tyr,5.479786963126526,1.0
CCM2,CCM2_Asp129His,-9.505763603075492,0.2672230756743431
CCM2,CCM2_Thr44Ser,-13.055330639588801,0.0016618845937639215
FARS2,FARS2_Thr246Met,2.2892724416038037,0.0572911553710658
CCM2,CCM2_Lys23Arg,-21.042671283887387,4.315122684999894e-6
CCM2,CCM2_Cys170Tyr,-9.165346219069358,0.1528834666881973
SDHD,SDHD_Phe34Cys,-3.0721181130182984,1.0
CCM2,CCM2_Gln313Arg,-15.061639761630618,0.000045316931015557134
CCM2,CCM2_Arg412Gln,-6.835074906112928,0.0018338705194441394
CCM2,CCM2_Glu366Gln,-3.279006473347564,0.12893563231995758
CCM2,CCM2_Ala237Val,-7.716017858744106,1.0
FARS2,FARS2_Tyr144Cys,1.0293494520089046,0.5030591106066327
CCM2,CCM2_Glu417Gly,-5.639367683542134,0.11630199141725338
SDHD,SDHD_Asp92Gly,2.4981390885644545,1.0
RAF1,RAF1_Ser427Gly,-4.5215534918807,0.022318231418365555
RAF1,RAF1_Leu613Val,-5.024623972695487,0.010893923823300082
RAF1,RAF1_Pro225Ser,-5.1076019172529215,1.0
CCM2,CCM2_Asp410His,-10.35316378390188,1.0
CCM2,CCM2_Ser416Ala,-6.591750238490061,1.0
BRIP1,BRIP1_Val76Ile,-0.5894749250073064,1.0
CCM2,CCM2_Arg52Cys,-3.6422789926724026,1.0
CCM2,CCM2_Arg390Gln,-4.549760628248478,0.011026093593398045
CCM2,CCM2_Arg40His,-0.6589304162366406,1.0
FARS2,FARS2_Ile329Thr,1.3257036731028407,0.3744974347038238
CCM2,CCM2_Ala98Pro,-3.11184682292318,1.0
RAF1,RAF1_Asp381Asn,-1.2979507367601888,1.0
CCM2,CCM2_Thr44Ile,-8.294088692840091,0.0003602305565948236
CCM2,CCM2_Glu201Asp,-9.797834668561057,1.0
CCM2,CCM2_Ala295Thr,-5.073620500684598,1.0
CCM2,CCM2_Val216Ala,-7.994506758947637,1.0
FARS2,FARS2_Ser57Cys,1.0487307151913527,1.0
CCM2,CCM2_Gly5Ser,-4.906830215853146,0.27413737030926894
CCM2,CCM2_Thr86Ile,-10.959379081795362,0.0002616917260382594
CCM2,CCM2_Ala205Ser,-1.6113733172780174,1.0
CCM2,CCM2_Asp419Tyr,-7.480819322582402,0.0011911708631378534
CCM2,CCM2_Asp376His,-15.002090693454235,2.4375684513102764e-6
CCM2,CCM2_Glu51Ala,-6.47919926410524,0.014672231508601698
CCM2,CCM2_Ser202Arg,-0.19911040150560724,1.0
CCM2,CCM2_Thr395Ile,-14.412093616095206,0.000015221960297697618
CCM2,CCM2_Arg346Cys,-9.549505993333984,0.2875834589914242
FARS2,FARS2_Gly309Ser,5.259931737910365,0.006835929204146723
CCM2,CCM2_Pro102Ser,-10.178260411033055,0.006792239788281944
BRIP1,BRIP1_Thr266Lys,-2.455854832216388,0.31468195688671435
CCM2,CCM2_Gly8Ser,3.6689294730262425,1.0
CCM2,CCM2_Ile331Phe,-13.9462664135421,0.000013145515844259315
CCM2,CCM2_Lys30Glu,-5.622882024169027,0.029668509634384495
CCM2,CCM2_Arg40Cys,-3.686424955525581,1.0
CCM2,CCM2_Ser15Leu,-1.928594474717338,0.3484168776390258
CCM2,CCM2_Phe91Ile,-11.950125729763316,0.0001073589490537045
CCM2,CCM2_Glu264Asp,0.0007733977773630348,1.0
CCM2,CCM2_Ala232Val,1.3912318919610376,1.0
FARS2,FARS2_His135Asp,1.2067628026462482,0.5211399928800905
CCM2,CCM2_Leu392Val,-13.354561769801947,0.008089436487530152
CCM2,CCM2_Thr394Ser,-5.8484554051450885,1.0
CCM2,CCM2_Asp440Asn,-5.8934963045266615,1.0
CCM2,CCM2_Asp227Asn,-10.648451218602395,0.008217274949121655
CCM2,CCM2_Pro271Thr,-7.0739595330808696,1.0
CCM2,CCM2_His137Gln,-13.906139865782391,0.0001811107463446166
CCM2,CCM2_Pro165Ala,-19.94732719775358,0.0001450353198426459
CCM2,CCM2_Leu212Val,-9.62827562605051,0.026266490826383295
SHOC2,SHOC2_Thr126Ile,-5.055771173011852,0.45735355014465257
BRIP1,BRIP1_His587Arg,-3.0325933716536873,0.296404339231148
CCM2,CCM2_Cys211Ser,-11.30118304491229,0.0006829646342763557
CCM2,CCM2_Glu333Val,-10.674579859980794,0.012723793150972567
CCM2,CCM2_Thr74Met,-3.905102375797565,1.0
CCM2,CCM2_Pro77Gln,-8.436223998975324,1.0
CCM2,CCM2_Ser183Leu,-13.94617156168002,0.000014811300182484185
CCM2,CCM2_Pro165Thr,-7.957142418393264,1.0
CCM2,CCM2_Glu2Lys,6.473857864799233,1.0
CCM2,CCM2_Gly24Asp,-1.3679099263367067,0.2723345824741336
CCM2,CCM2_Ala205Thr,-5.426875299759035,1.0
CCM2,CCM2_Leu298Met,-3.7430769689332593,1.0
CCM2,CCM2_Ser426Leu,-7.81543732980412,0.02643487738022901
CCM2,CCM2_Asp442Asn,-22.407180128904006,0.000045671912153629434
CCM2,CCM2_Thr106Ile,-4.307787361784195,1.0
CCM2,CCM2_Asp301Gly,-15.436664072666025,6.401555466355483e-6
CCM2,CCM2_Leu195Pro,-1.398574907387595,1.0
CCM2,CCM2_Tyr261Asp,-2.3705548777091363,1.0
ZC4H2,ZC4H2_Pro201Ser,-3.412556331098637,0.05848320816223985
CCM2,CCM2_Asp110Asn,-7.459896988997456,0.0007324766862296771
CCM2,CCM2_Ala179Ser,-7.291226898216308,1.0
CCM2,CCM2_Ile432Thr,-2.7432265128497,1.0
CCM2,CCM2_Ser408Arg,-9.928478689623223,0.016987366984282576
CCM2,CCM2_Asn81Lys,-0.4867991828488396,1.0
FARS2,FARS2_Asp325Tyr,3.0326764915490694,0.023298109859245034
SDHD,SDHD_Val111Ile,-0.03966887739272629,1.0
CCM2,CCM2_Ile425Thr,-3.5914181317228056,1.0
CCM2,CCM2_Arg19Gln,-11.763753365298603,0.000010957725096333491
CCM2,CCM2_Gly188Trp,-22.033800927732713,0.000027816021487264268
CCM2,CCM2_Asp126Glu,-6.207484318649686,0.034502747749284086
SDHD,SDHD_Ile31Val,-2.3664830937760195,1.0
SDHD,SDHD_His102Pro,-1.843204876330938,1.0
CCM2,CCM2_Thr267Asn,-4.794502836768795,1.0
FARS2,FARS2_Gly3Val,2.223769484475093,0.06650456444869174
CCM2,CCM2_Met424Ile,-9.771638387766993,0.0016168105496359622
BAP1,BAP1_Arg59Pro,6.337624151527198,0.0014440220120268232
SDHD,SDHD_Leu139Arg,-7.753130652821276,0.0019525222746259775
FARS2,FARS2_His84Pro,1.7797378199391343,0.14564882882800625
FARS2,FARS2_Arg419Cys,1.4698956071499465,0.3684416130040028
CCM2,CCM2_Ser202Asn,-10.863097602822235,0.07553243148621318
CCM2,CCM2_Pro102Leu,-4.252984420589296,1.0
CCM2,CCM2_Val45Gly,-8.166795624026298,0.003990063938217737
CCM2,CCM2_Gly214Cys,-10.112935260223425,0.00019382920193455332
CCM2,CCM2_Ser398Tyr,-11.860351722386627,0.000017835133011424325
CCM2,CCM2_Val374Met,-13.821378639900916,0.0323459132000742
CCM2,CCM2_Ser245Cys,3.921904055322933,1.0
FARS2,FARS2_Ala166Thr,2.5932366695452966,0.035795255202522906
CCM2,CCM2_Ser164Phe,-6.822481528439469,0.023461044601487527
CCM2,CCM2_Gly188Glu,-8.998890924859582,0.1624135733165876
CCM2,CCM2_Ser248Gly,-17.017313204179107,0.00020336822216959145
BRIP1,BRIP1_Ser520Thr,-1.836987186608994,1.0
CCM2,CCM2_Val190Met,-10.588917294406409,0.0002034872032885681
RAF1,RAF1_Asn140His,-0.323741652913962,1.0
CCM2,CCM2_Glu290Lys,-7.326937035357883,1.0
CCM2,CCM2_Ala140Thr,-9.810710614484584,0.0018574781974150724
RAF1,RAF1_Gly361Ala,8.662573661793264,0.057329782152396584
CCM2,CCM2_Arg423His,-3.9662530941954928,1.0
CCM2,CCM2_Ala293Thr,-16.88952842292169,0.00003878388515881448
CCM2,CCM2_Ala123Val,1.956735269592399,1.0
CCM2,CCM2_Ser143Phe,-6.712556983190514,0.0783992394763459
CCM2,CCM2_Asp431Asn,-18.64584271352116,5.640274323977448e-6
CCM2,CCM2_Asp411Glu,-6.577421501248846,1.0
CCM2,CCM2_Ile130Val,-5.170757851352136,0.0114576300189604
CCM2,CCM2_Tyr144Cys,0.8260862029144578,1.0
ABCD1,ABCD1_Arg389Gly,-2.9161141024473234,0.02246400003734091
ABCD1,ABCD1_Arg518Gln,0.012156349601750558,0.990640082121744
ABCD1,ABCD1_Arg518Trp,2.677489399627772,0.031654203171296844
BAP1,BAP1_Arg718Gln,3.548642927115825,0.0093607514788508
BAP1,BAP1_Asn290Ser,0.4871826502271317,0.641013974880829
BAP1,BAP1_Cys91Gly,5.486804665013732,0.0009193072432989236
BAP1,BAP1_Cys91Ser,2.5252776118798073,0.03950462125013418
BAP1,BAP1_Glu31Lys,0.5612576601246329,0.592127224854171
BAP1,BAP1_Leu49Pro,3.8167942109575983,0.006569580903600427
BAP1,BAP1_Pro12Thr,4.225969335815301,0.003907589099015427
BAP1,BAP1_Ser596Gly,-1.0503718377928355,0.3284513263433175
BAP1,BAP1_Thr423Lys,4.899955064605282,0.0017532149414611572
BAP1,BAP1_Thr93Ala,1.5266053859990762,0.17069489538315274
BCL10,BCL10_Ala5Ser,-0.2928982794280082,0.778092046015708
BCL10,BCL10_Leu8Leu,-1.8528778935229038,0.1063171348804939
BRAF,BRAF_Asp565Glu,-2.824515004016611,0.025606847300471365
BRAF,BRAF_Gln257Arg,-0.12688298867875483,0.9026008312567233
BRAF,BRAF_Gln262Lys,-2.1481671213234943,0.06879957779760018
BRAF,BRAF_Glu501Lys,1.1836032662476619,0.2752017617119537
BRAF,BRAF_Glu501Val,-0.613589922225558,0.5588895104969295
BRAF,BRAF_Gly464Val,0.5425173687147155,0.6042964959090807
BRAF,BRAF_Gly469Glu,3.0243624593274268,0.0192672781731555
BRAF,BRAF_Gly596Val,4.18296054546987,0.004122021750159124
BRAF,BRAF_Leu245Phe,-2.8902583829788178,0.02330765356847928
BRAF,BRAF_Leu485Phe,-3.0948589616255147,0.017447636321062537
BRAF,BRAF_Lys499Asn,-3.1187357524993065,0.016873536307570804
BRAF,BRAF_Phe468Ser,-2.3697823462370775,0.049622098981574284
BRAF,BRAF_Thr241Arg,-4.342228023678122,0.003386840271271843
BRAF,BRAF_Val471Phe,3.34655660145611,0.012308641923586394
BRAF,BRAF_Val487Gly,-3.97397278194632,0.005365012238222538
BRAF,BRAF_Val600Gly,2.6271460056936986,0.03405357216252174
BRCA1,BRCA1_Ala102Gly,15.590922854250527,1.0796966552991854e-6
BRCA1,BRCA1_Arg391Met,14.159780382462062,2.0796783406573932e-6
BRCA1,BRCA1_Arg595Gln,-5.806878409546107,0.000658897044143643
BRCA1,BRCA1_Arg71Gly,-6.8385726493883485,0.00024450329988398285
BRCA1,BRCA1_Arg71Lys,-4.455663203778334,0.0029514293962042914
BRCA1,BRCA1_Asn132Lys,-3.691132480091729,0.007745022327135816
BRCA1,BRCA1_Asp67Tyr,1.566566553425073,0.1611991200805131
BRCA1,BRCA1_Cys39Arg,-6.176662907203266,0.00045550350607088887
BRCA1,BRCA1_Cys44Tyr,-6.484348876448501,0.00033909230654164806
BRCA1,BRCA1_Cys61Gly,-5.221066099016583,0.0012243730284459688
BRCA1,BRCA1_Cys64Ser,4.922164968922964,0.0017094264265996762
BRCA1,BRCA1_Cys64Tyr,3.086713019102096,0.017648228915318507
BRCA1,BRCA1_Glu116Lys,15.934297127250892,9.304401689318169e-7
BRCA1,BRCA1_Glu143Lys,3.763732118828379,0.007040413139430789
BRCA1,BRCA1_Glu455Lys,21.198611384232994,1.308385214335618e-7
BRCA1,BRCA1_Glu631Lys,-2.674997253307021,0.031768731924692914
BRCA1,BRCA1_Gly602Ala,-2.448360476306822,0.044213438463083156
BRCA1,BRCA1_Gly666Val,-5.301094274612864,0.0011220347033239419
BRCA1,BRCA1_His239Arg,-3.364407036958549,0.01201174712743942
BRCA1,BRCA1_His299Tyr,-6.2761746546161055,0.00041355439162265147
BRCA1,BRCA1_His41Arg,-3.3659379453642804,0.011986645329539395
BRCA1,BRCA1_Leu460Pro,-1.7383520996516049,0.12571050221887387
BRCA1,BRCA1_Leu660Pro,0.08365655654394928,0.9356716193611984
BRCA1,BRCA1_Lys502Glu,-5.61655036149595,0.0008019556151327337
BRCA1,BRCA1_Met1Ile,18.83358370213424,2.956885464415597e-7
BRCA1,BRCA1_Met1Thr,13.289186733906769,3.1970151056312993e-6
BRCA1,BRCA1_Met548Ile,-8.904168709864585,0.00004573055090166232
BRCA1,BRCA1_Met671Lys,-1.7073574675266083,0.1315143412709758
BRCA1,BRCA1_Phe558Ser,-5.375445540674276,0.0010354288390783917
BRCA1,BRCA1_Phe591Leu,-3.3120223510004188,0.012905647064930617
BRCA1,BRCA1_Pro510Ser,-5.335113879487378,0.0010814453934293857
BRCA1,BRCA1_Pro533Leu,-5.364005835277965,0.00104825547835976
BRCA1,BRCA1_Ser186Tyr,4.279991454363742,0.0036554174938675534
BRCA1,BRCA1_Ser408Ile,-9.911212238436196,0.000022689065756006088
BRCA1,BRCA1_Thr37Lys,-5.811053388630985,0.0006560963239190668
BRCA1,BRCA1_Thr581Ala,-5.853936604185313,0.0006280865188124798
BRCA1,BRCA1_Thr581Ile,-0.19497894827829038,0.8509478942030293
BRCA1,BRCA1_Thr587Arg,-11.188454921727086,0.000010158429901823806
BRCA1,BRCA1_Thr616Ala,20.42607109409456,1.6904285653490424e-7
BRCA1,BRCA1_Val275Ile,-3.575783798699408,0.009026864283015919
BRCA1,BRCA1_Val632Ala,-6.115289664824691,0.0004837443157969204
CTCF,CTCF_Ala697Thr,-0.8829117642446225,0.4065815603851444
CTCF,CTCF_Arg283His,-8.230553073512228,0.00007599298905368292
CTCF,CTCF_Arg342Cys,-1.8584910793419462,0.10544478926604771
CTCF,CTCF_Arg342Gly,0.01663644363920429,0.9871908981233763
CTCF,CTCF_Arg567Leu,-4.033576251426681,0.004973192545738645
CTCF,CTCF_Arg567Trp,-7.47398717830803,0.00014034606622382516
CTCF,CTCF_Asp46Asn,-2.8799144243407158,0.023654476066552226
CTCF,CTCF_His455Gln,8.101336513189299,0.00008410249567572472
CTCF,CTCF_Pro643Ser,-0.40422285693115445,0.6981139918594725
CTCF,CTCF_Tyr226Cys,-7.012101443406622,0.00020929367632655448
CTCF,CTCF_Tyr407Cys,-4.8815308469715015,0.0017904841907079834
F9,F9_Ala233Thr,-2.7825226153659015,0.027199331986286768
F9,F9_Ala397Pro,-1.8115033514430214,0.11296584138457301
F9,F9_Arg191Cys,-4.535885058625422,0.0026808186171023663
F9,F9_Arg191His,-3.5057024225478575,0.009916585141305978
F9,F9_Arg226Gln,-0.12028807631780493,0.9076347128020703
F9,F9_Arg294Gln,-3.529775888263387,0.00960071092369769
F9,F9_Arg379Gln,-1.0691261677479627,0.32048795721115075
F9,F9_Arg384Leu,-2.069988729844694,0.07721803720039067
F9,F9_Arg384Pro,-2.747600798952158,0.02860277980339594
F9,F9_Arg3His,-0.7209969603199433,0.49428073364385383
F9,F9_Arg75Gln,-1.6363295976951715,0.14578393634569953
F9,F9_Asn166Tyr,-4.976788660107431,0.0016068015194850096
F9,F9_Asn306Ser,-6.895643775489026,0.00023223645787355464
F9,F9_Asp110Asn,-0.4587166468892154,0.6603405189429533
F9,F9_Asp110Gly,-2.9476460677186003,0.021478578999262612
F9,F9_Asp410His,-1.8236880182496336,0.11096723890084839
F9,F9_Cys124Tyr,-7.7782490540732905,0.00010902127794495096
F9,F9_Cys134Ser,-2.02518199256615,0.0824971752926137
F9,F9_Cys170Tyr,-4.3939222449916775,0.003180219860308009
F9,F9_Cys178Phe,-3.564849657835464,0.009159800700738185
F9,F9_Cys268Trp,-3.6761263268862834,0.007900006792188257
F9,F9_Cys28Arg,14.72395644713804,1.5946040956690216e-6
F9,F9_Cys335Trp,-1.8125204117721025,0.11279769975292003
F9,F9_Cys335Tyr,-6.1415257607915965,0.00047143849918395233
F9,F9_Cys396Ser,-1.3156979738998422,0.22972639498056355
F9,F9_Cys407Arg,-3.7082932702910565,0.007571818081638279
F9,F9_Glu27Lys,-0.007145895485218417,0.9944978361757142
F9,F9_Glu54Val,11.905458365645924,6.7048376695188415e-6
F9,F9_Glu73Lys,-2.4435122724149703,0.044528944535031575
F9,F9_Glu73Val,-5.236829928039937,0.001203420081771499
F9,F9_Glu79Asp,0.09341300931805499,0.9281929053186053
F9,F9_Gly357Arg,0.354012894295189,0.7337527133987192
F9,F9_Gly442Arg,1.8000237000578818,0.11488046831135514
F9,F9_His282Arg,-0.10650648567245825,0.9181685917700348
F9,F9_His282Tyr,-0.19248010003084795,0.8528312470245522
F9,F9_His303Tyr,-1.1755824753686785,0.27819227218051273
F9,F9_Ile136Thr,4.410901602851765,0.0031154124998878634
F9,F9_Ile210Thr,-5.183266991123854,0.0012762875683129946
F9,F9_Ile256Thr,-2.665637217264417,0.032202754883711666
F9,F9_Ile316Thr,-6.047281654620102,0.0005173524805746467
F9,F9_Ile443Thr,-1.0768268601982265,0.31726317412988003
F9,F9_Ile7Phe,-1.6947772859986143,0.13394174440834675
F9,F9_Lys39Arg,-0.0698144139043392,0.9462939494260949
F9,F9_Phe395Ile,-3.1809845132947037,0.015469437981578186
F9,F9_Pro175Ser,1.841541395376454,0.10810028941792629
F9,F9_Pro197Ser,-2.832744971710679,0.02530639449289021
F9,F9_Pro333Leu,-2.5484361537213944,0.03819069027630669
F9,F9_Pro414Thr,-0.8811362108566082,0.4074784577436449
F9,F9_Ser220Thr,1.0080608886344498,0.3469930359098541
F9,F9_Ser406Leu,-4.644571769800711,0.0023568789121224307
F9,F9_Ser411Ile,-0.6306296539522278,0.5483102320593058
F9,F9_Thr194Ala,-4.490422328237727,0.002830646151654339
F9,F9_Trp453Arg,-4.415149146023866,0.003099428650434033
F9,F9_Tyr161Cys,-6.150156084158924,0.0004674674896665031
F9,F9_Val195Gly,-0.10231224544958964,0.921378042908125
F9,F9_Val227Ile,-2.758232923056304,0.028167628267768433
F9,F9_Val257Ile,-4.318013076355253,0.0034886694691851866
F9,F9_Val374Phe,-2.1832000557729714,0.06533133145041142
FANCC,FANCC_Asp195Val,8.3577150671891,0.00006886492807326819
FANCC,FANCC_Leu496Arg,6.025745376237592,0.0005285343966927559
FANCC,FANCC_Leu554Pro,6.197087675148789,0.00044651860288579437
FH,FH_Ala308Thr,9.178926435347607,0.00003752384503718504
FH,FH_Arg101Pro,7.11266854330997,0.00019152014093929085
FH,FH_Arg160Gly,7.025495260231236,0.00020682267339302044
FH,FH_Arg233Cys,0.6823690990205227,0.5169422876274314
FH,FH_Arg233Leu,3.205913968580473,0.014942586608623023
FH,FH_Asn340Lys,8.634081439849895,0.0000558325612656041
FH,FH_Gln376Pro,6.772526112019,0.0002596180272702125
FH,FH_His318Tyr,7.510482840405078,0.00013609892431414565
FH,FH_Leu303Ser,6.983543805285113,0.0002146739640115828
FH,FH_Leu507Pro,8.21612606816244,0.00007685310018524358
FH,FH_Pro174Arg,7.177547434631301,0.00018095749496161906
FH,FH_Ser334Arg,5.31363743007343,0.0011068751163765785
FH,FH_Ser419Pro,5.928129248913769,0.000582728723620866
FLCN,FLCN_Arg239Cys,10.756855128131008,0.000013199851080663478
G6PD,G6PD_Arg365His,0.47068237958158676,0.6521815080236295
G6PD,G6PD_Glu398Lys,0.3612802146651411,0.7285479908969512
G6PD,G6PD_Gly378Ser,6.3269334061858045,0.0003938383328659987
G6PD,G6PD_Ile48Thr,6.2877602803466734,0.0004089585762908782
KRAS,KRAS_Asp153Val,-4.458581826426934,0.002941072175065041
KRAS,KRAS_Gly12Asp,-6.567134953108474,0.0003137660893001123
KRAS,KRAS_Gly12Val,-7.61190074927341,0.00012503779786052498
KRAS,KRAS_Gly13Asp,-3.0207259226056062,0.019366453268833718
KRAS,KRAS_Gly60Arg,-7.470146501094296,0.0001408016453172378
KRAS,KRAS_Gly60Ser,-0.9504758263710318,0.37352495835952293
KRAS,KRAS_Ile36Met,-7.234220244875865,0.0001722655236133858
KRAS,KRAS_Lys5Asn,-4.319478100134986,0.003482413960523058
KRAS,KRAS_Met72Leu,-6.061396204703247,0.0005101677844292108
KRAS,KRAS_Phe156Ile,-6.450900416899214,0.0003499696180274488
KRAS,KRAS_Phe156Leu,-3.6213727393819606,0.008494677150970817
KRAS,KRAS_Pro34Arg,-8.780959234340912,0.0000500572303660495
KRAS,KRAS_Pro34Leu,-5.607048332369264,0.0008099575857921664
KRAS,KRAS_Thr58Ile,-1.8618547153095657,0.10492537310114099
KRAS,KRAS_Tyr71His,-6.889330606006399,0.00023355876445148906
LMNA,LMNA_Ala43Thr,4.328574699016766,0.0034438473295563443
LMNA,LMNA_Arg335Trp,0.2556608087336149,0.8055625098137831
LMNA,LMNA_Arg349Leu,-4.355974567016565,0.0033304907987539976
LMNA,LMNA_Arg377Leu,2.0552646837093334,0.07891477334564663
LMNA,LMNA_Arg386Thr,8.176717637998715,0.00007925917043276948
LMNA,LMNA_Arg41His,7.925259481334789,0.0000967745026011612
LMNA,LMNA_Leu162Pro,3.767405046492536,0.007006667102666885
RAD51D,RAD51D_Ala231Ser,-20.400137795378285,1.7053057366150723e-7
RAD51D,RAD51D_Arg165Gln,-14.30591068342265,1.939593019186975e-6
RAD51D,RAD51D_Arg55Trp,-0.5813170207797926,0.5792556789010563
RAD51D,RAD51D_Asn138His,-14.59311297744467,1.6944447221729085e-6
RAD51D,RAD51D_Cys9Ser,-10.929112713093579,0.000011876471256007736
RAD51D,RAD51D_Glu233Gly,32.08053496455745,7.394766947477223e-9
RAD51D,RAD51D_Glu307Lys,-1.7479318109350837,0.12396650632555821
RAD51D,RAD51D_Gly289Ser,-7.140762735508007,0.00018686329218062857
RAD51D,RAD51D_His23Arg,-11.775670298904382,7.216084009177201e-6
RAD51D,RAD51D_Ile17Val,-13.558438555866092,2.791222873132887e-6
RAD51D,RAD51D_Ile251Val,-5.663339616909652,0.0007638183759416417
RAD51D,RAD51D_Met308Val,-16.536103346581474,7.220728928733058e-7
RAD51D,RAD51D_Phe305Leu,-7.076099825437383,0.005803811750101772
RAD51D,RAD51D_Ser46Cys,-3.7843682705812154,0.006853078574643705
RAD51D,RAD51D_Thr328Ile,-17.636571766015564,4.6430099714799027e-7
RAD51D,RAD51D_Val132Ile,-18.122854566401507,3.8520208993757504e-7
RAD51D,RAD51D_Val28Leu,-16.200443125934576,8.308316556276541e-7
RAD51D,RAD51D_Val56Gly,-5.884913267417665,0.0006086853457433739
RAD51D,RAD51D_Val66Leu,-1.1583845273616833,0.2846957175886964
RAD51D,RAD51D_Val66Met,-6.8572888119232625,0.0002404019141362116
RET,RET_Arg313Gln,-6.63510375043922,0.00029455519250897794
RET,RET_Arg330Gln,-17.287358910168212,5.325798048199852e-7
RET,RET_Arg67His,-6.2432579259442935,0.0004269310409800663
RET,RET_Gly321Arg,-8.107754851970034,0.00008367733864267227
RET,RET_Leu56Met,-4.94642043916327,0.0016629851829784886
RET,RET_Pro64Leu,-11.754841319223607,7.302190024442537e-6
RET,RET_Thr278Asn,-7.025889276268805,0.000206750480846574
RET,RET_Thr338Ile,-0.29048171550285723,0.7798649762322163
RET,RET_Val262Ala,-4.25267392896843,0.003780624659097835
RET,RET_Val292Met,-5.722295950936414,0.0007186171011069104
RHO,RHO_Arg135Leu,19.870958292119106,2.044071682895162e-7
RHO,RHO_Arg135Trp,19.593129218817264,2.2523138463145317e-7
RHO,RHO_Asp190Gly,20.557452822978444,1.6172969394705232e-7
RHO,RHO_Cys110Tyr,15.001906186263495,1.4039537956208934e-6
RHO,RHO_Pro267Thr,14.907619954138292,1.465555727552797e-6
RPS19,RPS19_Arg101His,2.241162505890439,0.05997493541979265
RPS19,RPS19_Arg62Trp,2.714487908231321,0.03000369106244107
RPS19,RPS19_Gly127Glu,10.451724769792817,0.000015976681032977155
RPS19,RPS19_Val15Phe,7.26643432023655,0.00016753500704300546
SHOC2,SHOC2_Asn527Ser,-1.085131532003488,0.3138147269308183
SHOC2,SHOC2_Gln269Arg,-5.086797297438733,0.001420231443223506
SHOC2,SHOC2_Glu13Ala,0.49599748744533817,0.6350883549851457
SHOC2,SHOC2_Glu25Gly,-5.585971471324058,0.0008280271369182573
SHOC2,SHOC2_Gly53Arg,-7.059159648859733,0.00020075568205577907
SHOC2,SHOC2_Ile112Thr,-6.175274595268666,0.000456121543039336
SHOC2,SHOC2_Leu174Phe,1.2179065510729294,0.26271411919537624
SHOC2,SHOC2_Met173Val,-5.776884920881023,0.0006794150947910288
SHOC2,SHOC2_Ser2Gly,-9.184718991012415,0.000037369764022047716
SHOC2,SHOC2_Ser403Gly,-6.38788613265301,0.00037154228352073335
SHOC2,SHOC2_Ser4Arg,1.2779634061574066,0.24200649193138557
SHOC2,SHOC2_Ser57Phe,-4.543257396836306,0.002657356943427251
SHOC2,SHOC2_Thr205Ala,-4.52590031283961,0.0027129591164138946
SHOC2,SHOC2_Thr321Ala,-0.2450729027692532,0.8134293844417977
SOS2,SOS2_Pro1318Ser,-12.670492549376737,4.410938552305839e-6
SOS2,SOS2_Val869Ile,-26.314751185604315,2.9294705203644902e-8
ZC4H2,ZC4H2_Ala157Thr,-9.564949391729368,0.000028662018291252733
ZC4H2,ZC4H2_Ala162Thr,-5.128022691271471,0.0013566205853411412
ZC4H2,ZC4H2_Ala200Thr,-5.9783752544958135,0.000554094398136057
ZC4H2,ZC4H2_Arg18Lys,-6.383370379835618,0.0003731446272996475
ZC4H2,ZC4H2_Arg198Gln,-6.833150230736553,0.0002457062062229511
ZC4H2,ZC4H2_Arg211Trp,-7.874721243068885,0.00010080029656043797
ZC4H2,ZC4H2_Arg213Trp,-5.341864212921037,0.0010735873843517084
ZC4H2,ZC4H2_Ile7Val,-6.5155988276416865,0.00032927185651585603
ZC4H2,ZC4H2_Leu66His,-4.396655815279685,0.003169686792505649
ZC4H2,ZC4H2_Lys217Arg,0.028994446789252497,0.9776783460045906
