hgvsp,score,se,referenceSet
p.Ser428Trp,3.02241427401094,0.257916530492519,Negative
p.Val338Met,0.304059137042019,0.954034950307484,Negative
p.Gly346Ser,2.15488578560466,0.549691296162123,Negative
p.Asp355Asn,2.53917265054615,0.75161234690237,Negative
p.Glu376Ala,2.34986581789604,0.591897701897015,Negative
p.Ala377Val,1.72297569644885,0.880845185604464,Negative
p.Asn380Ser,1.52051435920236,0.644923881879103,Negative
p.Val390Leu,1.8092879988828,0.507761504637726,Negative
p.Met392Val,1.89306180218732,0.535034655529609,Negative
p.Ala397Ser,1.88345823865704,0.548909909021027,Negative
p.Lys403Arg,2.11548471237977,0.607688145174899,Negative
p.Ala406Val,2.07866820728751,0.645723534764004,Negative
p.Pro411Ala,1.99679344775261,0.549648116411622,Negative
p.Cys418Ser,2.46219342433043,0.479179549437872,Negative
p.Ala429Gly,1.38838488316775,0.524172306949408,Negative
p.Lys83Arg,2.32654386382522,0.553364911801546,Negative
p.Gln100Glu,1.92329536999351,0.650835756334431,Negative
p.Thr24Met,1.62058831418379,0.936635279411712,Negative
p.Ala273Thr,2.56966418416292,0.548836845143809,Negative
p.Gly276Val,1.5367498968771,0.378721964003626,Negative
p.Pro281Leu,1.87354058018997,0.518697280668959,Negative
p.Pro319Leu,1.96894998512298,0.490100326643027,Negative
p.Arg331Gln,2.09652571815924,0.505031905547497,Negative
p.Phe298Leu,1.4835952917879,0.628828998272537,Negative
p.Ala347Thr,2.44457004708872,0.591275881009412,Negative
p.Glu349Lys,2.10419321738615,0.762184831440881,Negative
p.Phe354Leu,2.07405173024526,0.689749826316153,Negative
p.Phe354Leu,2.07405173024526,0.689749826316153,Negative
p.Thr363Ile,1.37557592137618,0.386499866841449,Negative
p.Thr367Met,1.85079480280189,1.48598574601824,Negative
p.Gln382Arg,2.1961552978599,0.484447093995302,Negative
p.Arg383Cys,1.13131178982053,0.753721843820504,Negative
p.Arg384Trp,1.93359839603963,0.529933951906389,Negative
p.Met392Ile,1.82547008216648,1.07703345292246,Negative
p.Ala397Val,1.44948966239791,0.604157952852061,Negative
p.Ala398Val,1.58352106552964,0.441688777297227,Negative
p.Gly408Ser,2.43937075202313,0.574037474787191,Negative
p.Arg409Trp,1.88159625383848,0.339506753104753,Negative
p.Arg409Gln,2.22571085662916,0.702352028867993,Negative
p.Ala410Val,1.78448290896299,0.517073241930067,Negative
p.Arg415His,3.07576776144589,0.608739766630004,Negative
p.Lys416Arg,2.41663099362109,0.654550903112182,Negative
p.Ala420Ser,2.16289703422729,0.50017922223895,Negative
p.Arg42Leu,2.82484970547736,1.13920081214667,Negative
p.Gly187Ser,3.00987639916862,0.65556233187052,Negative
p.Phe298Leu,1.4835952917879,0.628828998272537,Negative
p.Arg301Gln,2.17935170348683,0.813887713780642,Negative
p.Pro315Leu,2.28724507388615,0.336595383604163,Negative
p.Pro324Ala,2.30497968752455,0.494012503259471,Negative
p.Pro326Thr,2.10033085155128,0.511822105823676,Negative
p.Arg297Ser,-0.743531518778062,0.141736008189836,Positive
p.Arg297Lys,-0.847109371707352,0.29987013712163,Positive
p.Trp308Cys,-0.909885999574098,0.139315358894312,Positive
p.Trp239Cys,-0.0195943062605957,0.0975069086689597,Positive
p.Arg304Trp,-0.636795300986738,0.618519815842239,Positive
p.Asp176Asn,-0.365303005704502,0.234416983326656,Positive
p.Gly242Arg,-0.30450736040126,0.171067714434471,Positive
p.Leu140Pro,-0.260608071656335,0.186982284706046,Positive
p.His306Tyr,-0.758995596317531,0.338599272081683,Positive
p.Asp194Glu,-0.231201978029466,0.731354569899324,Positive
p.Gly251Val,-0.357153447137753,0.122989587555058,Positive
p.Leu285Arg,-0.360103298917744,0.115117515539881,Positive
p.Arg304Gly,1.92783547279347,0.605333661383785,Positive
p.Leu67Pro,-0.285424701271538,0.281793659869348,Positive
p.Asn181Asp,-0.255323513868424,0.280943017482657,Positive
p.Asn181Ser,-0.223980306635048,0.155972206315305,Positive
p.Asn181Lys,-0.397811896843861,0.179364448383656,Positive
p.Ser240Trp,-0.244658699702405,0.0874188131408214,Positive
p.Trp308Leu,-0.676496851484417,0.247421055657866,Positive
p.Leu290Pro,-0.0340791720659432,0.251337644052616,Positive
