Metadata_gene_allele,Cells_Intensity_MinIntensity_GFP,Cytoplasm_Correlation_RWC_DNA_GFP,Cells_Correlation_RWC_Mito_GFP,Cytoplasm_Texture_AngularSecondMoment_GFP_20_00_256,Cytoplasm_Texture_Entropy_GFP_10_00_256,Cytoplasm_Correlation_RWC_GFP_DNA,Nuclei_Correlation_K_GFP_Mito,Cytoplasm_Intensity_MaxIntensity_GFP,Cytoplasm_Granularity_1_GFP,Nuclei_Correlation_K_GFP_AGP,Cytoplasm_Texture_SumAverage_GFP_20_01_256,Cells_Correlation_Manders_AGP_GFP,Cytoplasm_Texture_Entropy_GFP_10_01_256,Cells_Correlation_RWC_DNA_GFP,Cells_Correlation_Manders_GFP_Mito,Nuclei_Texture_SumAverage_GFP_5_01_256,Cells_Correlation_Manders_GFP_DNA,Nuclei_Correlation_Overlap_GFP_Mito,Cytoplasm_Texture_AngularSecondMoment_GFP_20_01_256,Cells_Correlation_RWC_AGP_GFP,Nuclei_Texture_SumAverage_GFP_5_03_256,Cytoplasm_Location_CenterMassIntensity_X_GFP,Nuclei_Correlation_Correlation_DNA_GFP,Nuclei_Correlation_Correlation_AGP_GFP,Cells_Correlation_Correlation_DNA_GFP,Cytoplasm_Texture_InfoMeas2_GFP_20_00_256,Cells_Intensity_MaxIntensityEdge_GFP,Cells_Correlation_RWC_GFP_DNA,Cytoplasm_Texture_InfoMeas2_GFP_20_02_256,Cytoplasm_Location_CenterMassIntensity_Y_GFP,Cells_Correlation_Correlation_AGP_GFP,Nuclei_RadialDistribution_RadialCV_GFP_10of10,Cytoplasm_Texture_InfoMeas2_GFP_5_02_256,Nuclei_Correlation_Correlation_GFP_Mito,Cytoplasm_Texture_InverseDifferenceMoment_GFP_20_01_256,Cytoplasm_RadialDistribution_RadialCV_GFP_10of10,Nuclei_Texture_DifferenceVariance_GFP_10_01_256,Cytoplasm_Texture_InfoMeas1_GFP_5_01_256,Nuclei_Correlation_RWC_DNA_GFP,Cells_Texture_InfoMeas1_GFP_20_03_256,Cytoplasm_Texture_InfoMeas1_GFP_20_01_256,Cytoplasm_Texture_InfoMeas1_GFP_20_03_256,Nuclei_Texture_SumAverage_GFP_20_02_256,Cytoplasm_Texture_InfoMeas1_GFP_20_00_256,Nuclei_RadialDistribution_RadialCV_GFP_6of10,Cytoplasm_Texture_InfoMeas1_GFP_5_02_256,Cytoplasm_Texture_InfoMeas1_GFP_20_02_256,Nuclei_Texture_Entropy_GFP_20_03_256,Cells_Texture_Correlation_GFP_10_01_256,Nuclei_Texture_InfoMeas1_GFP_5_03_256,clinvar_clnsig_clean,AUROC_Mean_GFP,AUROC_Mean_DNA,AUROC_Mean_Mito,AUROC_Mean_AGP
F9_Cys28Arg,-1.000688,1.1927692,0.5343437,2.2136528,-1.9477739,0.39600426,2.1534107,-0.90631664,1.3454077,1.7932162,-0.7258103,0.77369744,-1.7859848,1.1976666,-0.37287652,-0.6104983,-0.16393372,0.9873805,1.9962022,0.6693861,-0.6129524,-0.03449992,0.1092311,0.11347745,0.669237,-1.5085855,-0.5849086,0.17453355,-1.5129895,0.2090962,-0.17755339,-0.51936835,-1.5957677,0.2719285,1.8253891,-0.89757895,1.8493301,-0.036420166,0.70958406,0.579394,0.64619607,0.66493404,-0.4675792,0.65380555,-0.66415226,-0.3598277,0.6543564,-0.69107234,-0.012247341,0.52961373,1_Pathogenic,0.9820599011186065,0.685411285134558,0.9693274348968446,0.9483818748939087
F9_Pro333Leu,-1.0865067,1.1180434,0.7819221,-0.26604897,0.35827684,0.6233275,0.022358162,-0.1300947,-0.57749665,-0.06076202,0.1479232,0.7110046,0.51785266,0.9108565,0.04636304,0.060771327,-0.23642284,0.40232465,-0.25158226,0.7983289,0.1998299,-0.047150224,-0.75191855,-0.39193475,-0.5866492,0.24000819,-0.14072508,0.1517264,0.16433395,0.21832132,-0.40931144,-0.61003953,0.017207999,0.3454142,-0.4952766,0.34343117,-0.11150897,0.33702958,0.48861843,-0.056356747,-0.050660253,-0.067656204,0.026058571,-0.06324114,-0.34349447,0.39260513,-0.0024155737,-0.15565187,-0.37714142,0.04659346,1_Pathogenic,0.9805115281620245,0.8480305496058552,0.9315337174178693,0.8876100772023314
F9_Ile316Thr,-1.0694878,1.1331391,0.8473823,-0.22916478,0.5851847,0.53788507,0.0068750717,-0.04086735,-0.6428406,-0.13758093,0.37364912,0.8176265,0.61950964,0.94714236,-0.11515522,0.1067144,-0.3056252,0.37600255,-0.14951752,0.8294543,0.1655072,-0.16084804,-0.70892423,-0.46803948,-0.5603528,0.36543226,-0.031820446,0.0221457,0.29853204,0.077219486,-0.33779088,-0.56659484,0.12651831,0.26181388,-0.48067334,0.34046125,0.030422896,0.1071122,0.5732659,-0.18644176,-0.26701334,-0.2547256,0.0634267,-0.21613967,-0.41425878,0.26746607,-0.21675494,-0.08089593,-0.4120243,-0.050781354,1_Pathogenic,0.9750516487562308,0.8754010822333609,0.9037037095107087,0.9175078848884123
F9_Arg294Gln,-0.9529604,1.0233108,0.65196717,-0.14363037,0.42608577,0.6242573,-0.10880377,-0.011142826,-0.5513469,-0.21024857,0.2619656,0.7588381,0.4587349,0.81808174,0.0759463,0.013124852,-0.019353729,0.4083619,-0.26737863,0.7229421,0.37230885,-0.05281022,-0.74309736,-0.52516437,-0.5440636,0.37479442,-0.008795781,0.36344385,0.27373034,0.08296704,-0.62142867,-0.5924591,0.09242906,0.40698534,-0.4048668,0.35211515,-0.10957017,0.21920487,0.5184854,-0.28934002,-0.17005858,-0.2544604,0.1473938,-0.114240415,-0.36439872,0.29277366,-0.16521442,-0.17205305,-0.3448156,-0.024080679,1_Pathogenic,0.9647820375065654,0.7933671429751604,0.8891697926871742,0.862934201513075
F9_Cys335Tyr,-1.076451,1.0510877,0.74658036,-0.30004734,0.75889885,0.6960865,-0.13478151,0.101165764,-0.56103843,-0.058934957,0.3684553,0.8095479,0.5986153,1.0856009,-0.04506041,0.28164506,-0.31928748,0.37734112,-0.23486187,0.85576534,0.33115476,-0.043096777,-0.66671395,-0.73859686,-0.38978565,0.3600291,0.20633456,0.1315523,0.3504935,0.25044632,-0.14358376,-0.55289245,0.15528506,0.21544136,-0.6229733,0.376633,-0.11573237,0.22072232,0.44758707,-0.28797275,-0.3532254,-0.34466764,0.13550366,-0.27383453,-0.35480338,0.2630744,-0.23760784,-0.1410329,-0.42171663,-0.0944416,1_Pathogenic,0.9641893801668194,0.8328394969236035,0.8759864021765055,0.8812408598327411
F9_Trp453Arg,-1.0785079,1.2569723,0.797113,-0.27211392,0.61880064,0.5024487,-0.06335329,-0.16607952,-0.5301677,-0.13367918,0.22003832,0.71596193,0.4647104,1.0379016,-0.00022935867,0.021597601,-0.11835486,0.4026801,-0.20561947,0.8862873,0.17061391,-0.2529773,-0.71174085,-0.5822574,-0.42532617,0.16263032,-0.08112744,0.24679676,0.12874791,0.12919031,-0.36643928,-0.7149904,0.016775727,0.22636555,-0.40096304,0.3345907,-0.073703736,0.34736532,0.6732826,-0.038912855,-0.05660191,-0.07358175,0.073597655,-0.042838905,-0.46376696,0.47949523,-0.024320688,-0.083369784,-0.26008564,0.09396295,1_Pathogenic,0.9619565310873566,0.7966381301891121,0.8761988313260338,0.855096171245849
F9_Cys335Trp,-1.0761642,0.57426083,0.57678527,-0.06382044,0.28663272,0.1308658,0.11257434,-0.3698639,-0.3931331,0.1336001,-0.023676826,0.75287294,0.25917453,0.7648467,-0.1788198,-0.09220355,-0.14515987,0.36890548,-0.032076996,0.67607284,-0.06355325,-0.11079132,-0.5734051,-0.30955788,-0.3284839,-0.032594826,-0.045441512,0.06393405,-0.059343643,0.22907323,-0.4502517,-0.56233567,-0.09035787,0.27847812,-0.1928693,-0.037804287,0.11295047,0.34138924,0.69615704,0.111060336,0.10525493,0.10921231,-0.094022006,0.17338818,-0.47651404,0.3708094,0.16345492,-0.090987675,-0.09244919,0.2298119,1_Pathogenic,0.9596294108315151,0.6202202792689997,0.8301266795417084,0.8235058813286767
F9_Asn166Tyr,-0.8629049,0.977671,0.7359526,-0.06677256,0.36553067,0.5291298,0.18754002,-0.08456357,-0.39835313,0.10300654,0.2612714,0.68930876,0.38626623,0.956012,-0.07343325,0.03088604,-0.14914045,0.59697294,-0.056389526,0.83049786,0.22860606,-0.1051579,-0.5649794,-0.40051478,-0.35332096,0.14712845,-0.030534822,0.24453256,0.16437295,0.2096233,-0.2449411,-0.62132406,-0.05689743,0.31621665,-0.3313907,0.17157167,0.10542411,0.3337875,0.5932389,-0.11078638,-0.081776105,-0.0942999,0.033859853,0.002421226,-0.39870545,0.43975133,-0.039192744,-0.18029733,-0.29761776,0.032136813,1_Pathogenic,0.9439059523550711,0.7602702357018682,0.8679390161794215,0.8332887811493594
F9_Cys170Tyr,-0.7982125,1.046032,0.8476825,-0.23360527,0.562603,0.595314,-0.05671298,0.029309424,-0.5529988,-0.14954507,0.30628848,0.7110372,0.61561245,1.0488026,0.0087431595,0.14022453,-0.22567227,0.5085193,-0.20562664,0.71536565,0.4272277,-0.058650803,-0.71409,-0.46674323,-0.3294776,0.36931756,0.01273871,0.19500804,0.23918843,0.20114088,-0.353656,-0.58383584,0.08082977,0.33083037,-0.5111165,0.23636916,-0.069839984,0.27508664,0.5657376,-0.18732537,-0.23301423,-0.22270516,0.2223447,-0.17004824,-0.35288325,0.26440874,-0.13475934,-0.11070386,-0.38929677,-0.058114767,1_Pathogenic,0.9418368703188513,0.8417720713336102,0.8910937975594257,0.8213691256486676
F9_Tyr161Cys,-0.18533316,0.99353826,0.8025189,-0.18442369,0.64525956,0.6323952,-0.16084328,0.05531011,-0.59378517,-0.18370612,0.4141238,0.7930049,0.6052626,1.0106953,-0.11516918,0.16531897,-0.24221681,0.53649646,-0.20791689,0.8305105,0.43410552,-0.06701678,-0.5865575,-0.30935305,-0.26699919,0.33421618,0.0790434,0.30202344,0.2737467,0.042257696,-0.0966616,-0.6165955,0.10505281,0.40561214,-0.5197489,0.20754585,-0.09922077,0.25674275,0.55877054,-0.13796099,-0.18807784,-0.22680086,0.2884957,-0.12230249,-0.27352852,0.4054691,-0.12949136,-0.01894753,-0.2135041,-0.087302774,1_Pathogenic,0.9263901662496768,0.8474365051310222,0.8927955725308716,0.846905153923833
F9_Cys396Ser,-0.71727896,0.5727962,0.6156212,-0.108771175,0.2610253,0.056688227,0.2204205,-0.32640997,-0.3073302,0.15042466,-0.058571044,0.69586027,0.115232326,0.8071642,-0.0043013645,-0.06594681,-0.20532514,0.5843332,-0.037106577,0.6020706,-0.10174242,-0.13754278,-0.5602528,-0.2456696,-0.15459147,-0.098915786,-0.087957665,-0.02635506,-0.062013667,0.13745694,-0.41972768,-0.54656315,-0.09078641,0.35884303,-0.26536825,-0.013625291,0.10527753,0.31488952,0.5874977,0.13484293,0.13509968,0.119781256,-0.057881173,0.19723964,-0.38125262,0.3768535,0.18638685,-0.03882531,-0.059773568,0.14816988,1_Pathogenic,0.90126101898287,0.5644177237136929,0.81461536040293,0.772992960699876
F9_Arg191Cys,-0.16267842,0.7281574,0.6081207,-0.2461577,0.51730627,0.6649978,-0.21773306,0.093544595,-0.49623793,-0.2546954,0.34583783,0.6155669,0.5204828,0.6749848,0.0961156,0.3613763,0.035488136,0.37466013,-0.22125116,0.56702495,0.32603824,0.0018112473,-0.53942215,-0.11678481,-0.101242684,0.40641448,0.034944117,0.37010074,0.32768238,0.08321721,-0.15670615,-0.31855947,0.18783635,0.3265009,-0.43700942,0.3318313,-0.18606928,0.061838347,0.34731984,-0.23360232,-0.28707123,-0.26175746,0.25155514,-0.27782398,-0.18071496,0.10761529,-0.2845006,-0.037496705,-0.29248995,-0.10813214,1_Pathogenic,0.8918860878784864,0.7276981865207304,0.8666821060532699,0.7885499799247945
F9_Ser406Leu,1.0157508,0.24903372,0.009013755,-0.07976203,0.24867843,0.5819916,-0.309511,0.12890579,0.01750339,-0.19776088,0.008891002,0.09046987,0.28921607,0.091286525,-0.08881199,0.09994288,0.33922154,0.013892742,-0.17777187,-0.0037325004,0.29315478,-0.175263,-0.1330122,-0.18205291,0.11973953,0.06256401,0.011431992,0.6928133,0.0249716,-0.045664404,-0.2508279,-0.19643408,-0.037300266,-0.040323704,-0.28634727,0.084231526,-0.10149281,0.33020526,0.12091228,0.02868758,0.045951523,0.043436598,0.13767181,0.1071373,-0.00025659852,0.35601914,0.04578638,0.049503766,-0.1647821,-0.05521605,1_Pathogenic,0.8916138476481084,0.7980533896760693,0.9295069257770723,0.8592978211753017
F9_Ala397Pro,-0.5713457,0.64595145,0.70591784,-0.13214093,0.26244968,0.24853837,-0.036812652,-0.23755096,-0.3359828,-0.015405526,0.05422772,0.559515,0.41349405,0.83821833,0.020044392,-0.15549415,-0.01593173,0.57284844,-0.13683802,0.78558826,0.14848588,-0.14637089,-0.6188274,-0.25193688,-0.2247374,0.19408154,-0.12344149,0.2756765,0.111745134,0.1618766,-0.29360765,-0.6139184,0.009026339,0.44130978,-0.35574704,0.13537055,-0.024009932,0.28663227,0.6316569,0.034078367,0.035261344,0.0045906254,0.036251534,0.059155133,-0.36628497,0.30556363,0.058585826,-0.16162592,-0.19192265,0.11136918,1_Pathogenic,0.887264670757679,0.607608379636504,0.8630308778217323,0.7949810853524013
F9_Val374Phe,-0.35577118,1.0399755,0.70686543,-0.19150357,0.56194806,0.5812771,-0.05641401,-0.19589666,-0.40384388,-0.0638247,0.20288667,0.8695018,0.25215757,0.9614029,-0.07681395,0.08210222,-0.18777125,0.5298736,-0.09665756,0.8580899,0.028907599,0.064316094,-0.5649842,-0.18374275,-0.2105776,0.07793101,0.058146004,0.19610332,0.19616437,0.22330217,-0.09815997,-0.5551755,0.106630936,0.3047523,-0.26321688,0.09702693,-0.10741249,0.14079115,0.6304775,-0.112464026,-0.13575485,-0.12262329,0.008820578,-0.083537355,-0.38609505,0.16001906,-0.06641017,-0.13091724,-0.29486784,0.022185836,1_Pathogenic,0.875748709977453,0.7311334319544585,0.8454807852128686,0.7617341177488715
F9_Phe395Ile,-0.30641028,0.8717598,0.8061265,-0.15543523,0.36665338,0.4439377,-0.17053926,0.05644424,-0.5059681,-0.14650713,0.30368966,0.59377754,0.46802056,0.85037017,0.068091094,0.11803315,0.0074180383,0.43333012,-0.2776599,0.7577635,0.30358908,-0.15136358,-0.5984806,-0.21895856,-0.11393266,0.27551422,0.09957882,0.33252126,0.23626435,0.08418877,-0.09418914,-0.48894882,0.12111603,0.37915447,-0.42581916,0.16832742,-0.14604911,0.21475205,0.4852389,-0.18363942,-0.17458278,-0.15499786,0.17408845,-0.11674476,-0.23403019,0.16249105,-0.13107818,-0.046600267,-0.19728196,-0.08887905,1_Pathogenic,0.8753492471914457,0.6586565610878954,0.8529502163528302,0.7592628211426117
F9_Asp110Gly,0.5038482,0.26476794,0.12298301,-0.26038253,0.427742,0.41896033,-0.3068776,0.023514513,-0.13497736,-0.2101689,0.11216092,0.3663831,0.23816513,0.27292955,-0.16156277,0.052925088,0.2873761,0.15349162,-0.12799183,0.17716745,0.14583227,-0.1798855,-0.12438993,0.010141313,0.118001185,0.069412924,0.018154752,0.52554905,0.06312851,0.08785115,0.05554273,-0.28716174,0.03121316,0.10870314,-0.37578446,0.043108936,-0.16693205,0.2800877,0.25787205,0.051227972,0.016983477,0.034411117,0.13626422,0.025956564,-0.096423164,0.26403767,0.11765337,-0.011935254,-0.1199974,0.024683304,1_Pathogenic,0.8502002957902698,0.6163244928809966,0.9283119296947473,0.8265494150601236
F9_Cys407Arg,-0.49855202,0.6662508,0.65775836,-0.20646942,0.41291225,0.45559976,-0.08974996,0.06737023,-0.46542346,-0.23573352,0.2692557,0.6573708,0.40281552,0.70453906,0.08194282,0.13221686,0.011226033,0.46089336,-0.17528126,0.49521405,0.25924817,-0.19591837,-0.414531,-0.0864239,-0.0994353,0.27312964,0.046428554,0.3309936,0.20783088,0.13209149,-0.20492798,-0.3502684,0.18332803,0.38532078,-0.38355795,0.2535388,-0.13787062,0.042369988,0.4475019,-0.14634949,-0.103940114,-0.11962472,0.23887236,-0.1033396,-0.15169622,0.091801345,-0.0795875,-0.02477842,-0.104320735,-0.048249036,5_Others,0.8373728260210328,0.6538648579987193,0.7988165422982787,0.7937370734497426
F9_Cys134Ser,0.71153665,0.67498684,0.5439237,-0.07081418,0.26145747,0.58324873,-0.15729633,0.10071166,-0.35571623,-0.21284935,0.25290692,0.6364249,0.38205126,0.67574906,-0.052696932,0.16144623,0.05787265,0.38042188,-0.20011567,0.5175552,0.3152865,-0.14777097,-0.26339364,-0.17722094,-0.07359215,0.31239465,-0.13298668,0.51114726,0.21238515,0.0130812805,0.05144892,-0.33266225,0.11295262,0.2953402,-0.34094834,0.1500622,-0.10370654,0.20270358,0.4378813,-0.16862588,-0.12191887,-0.18345404,0.06939873,-0.12027,-0.12978347,0.12105535,-0.11033055,-0.13853191,-0.18406448,-0.14241125,1_Pathogenic,0.8130491484278191,0.653857801462616,0.8297697543020721,0.7305391051120406
F9_His282Arg,1.1452678,0.2531786,0.16728435,-0.1673637,0.2328796,0.23198968,-0.17891301,-0.045937326,0.027396077,-0.18350786,0.029111085,0.3960982,0.0043334216,0.23696165,-0.093501836,-0.021696087,0.22560349,0.14965804,-0.080592215,0.14258942,0.10416164,0.040794082,-0.23014936,0.02636156,0.055676095,0.04100423,-0.05719626,0.32329607,-0.004617924,0.18409768,-0.19228253,-0.24241847,-0.07248701,0.18567894,-0.2162459,0.06363833,-0.07385911,0.16787197,0.24885319,-0.015708972,0.0066944687,0.016749263,0.088291705,0.014554357,-0.16057126,0.22556266,0.022539433,-0.026611563,-0.03502013,0.06289421,3_Conflicting,0.8083708964952888,0.7153298233355938,0.8396586384905589,0.7697955729293582
F9_Ala233Thr,0.16971225,0.19386053,0.33390576,-0.15506285,0.32797033,0.37721336,-0.06259546,0.1668533,-0.28335837,-0.22481196,0.24799448,0.41166997,0.33135194,0.3552945,0.07396583,0.15238854,-0.06720163,0.1707153,-0.13315718,0.080404915,0.32308188,-0.020223834,-0.27667603,0.035744164,-0.07288996,0.2949704,0.15554754,0.26553926,0.2031202,0.13194191,-0.17937957,-0.17569628,0.17060748,0.2807961,-0.28879553,0.16168061,-0.0933343,0.052863315,0.08936568,-0.20496593,-0.15414038,-0.15424775,0.20862898,-0.14008874,-0.04033703,0.07947792,-0.1231009,-0.018125027,-0.13382767,-0.1328492,1_Pathogenic,0.7688319236128545,0.6229629113384743,0.8089467734818112,0.833398017731984
F9_Arg226Gln,0.4360539,0.055801287,-0.02131767,-0.20015246,0.20906651,0.10106887,-0.2761811,0.011907384,0.032998156,-0.24200045,-0.0681671,0.20219944,0.0905787,0.019941475,-0.13250525,-0.05014459,0.08951991,-0.02980087,-0.12378735,-0.005241882,0.1639829,-0.03420174,-0.15149114,0.08342181,0.18323305,0.09139261,-0.17177236,0.25491884,-0.01344424,-0.011823032,-0.10593255,-0.16950235,-0.09892243,0.015318569,-0.16652869,-0.008083951,-0.16303268,0.3795456,0.03056448,0.17081237,0.13939394,0.13864729,0.15687308,0.18459511,0.055964455,0.38859987,0.19123521,0.063409366,-0.10282663,0.018581541,1_Pathogenic,0.7494366002858712,0.6171482965165139,0.8380872380070628,0.7472678645210815
F9_Ile443Thr,0.7042309,0.40859047,0.2874835,-0.20192865,0.15843283,0.25133553,-0.06931649,0.011176135,-0.0897285,-0.10834509,0.009045001,0.34919673,0.22582874,0.3892258,0.09123616,-0.017476674,-0.1953236,0.023664646,-0.12199548,0.060160656,0.15782863,-0.065831736,-0.2312417,0.116860054,0.018478071,0.23802623,-0.05604671,0.054393355,0.10848015,0.14572565,0.02509103,-0.105358794,0.074672244,0.16621876,-0.17405987,-0.042134136,-0.12575342,0.09818309,0.050378226,-0.08943172,-0.053266093,-0.05964502,0.11764979,-0.06668201,-0.018907532,0.17758217,-0.041405305,-0.07067078,-0.11398324,-0.060883936,1_Pathogenic,0.7479024360841889,0.5832833363494987,0.7469473415764403,0.6301823085816638
F9_Arg379Gln,0.7882758,0.29016638,0.11249404,-0.13583286,0.04968613,0.38055667,-0.25628936,-0.03357956,-0.011263343,-0.16725253,-0.04318205,0.41648754,0.29302946,0.09881712,-0.025045969,-0.095820524,0.34443438,0.048689906,-0.20300221,0.20725173,0.2186659,-0.053696033,-0.105532914,-0.12807286,0.0914712,0.19010068,-0.015419743,0.5976747,0.021791354,0.009378967,-0.11512863,-0.22309253,-0.062174775,-0.09092989,-0.20527482,0.03113785,-0.12045698,0.35312954,0.29819477,0.049833223,0.041090585,0.024084354,0.15203854,0.09351752,-0.06141755,0.39120218,0.07479567,-0.0035883891,-0.18793787,0.0021561193,1_Pathogenic,0.7383820860922137,0.7042052908979199,0.7976389948336224,0.7172295279337151
F9_Pro175Ser,0.58409965,0.17689726,0.09271055,-0.0631926,0.05656177,0.14222564,-0.022090146,-0.15292914,0.16129556,-0.004420257,-0.17594947,0.26686388,-0.01991229,0.19465363,0.048176095,-0.106619015,0.051829107,0.16323996,-0.07325394,0.08021755,-0.041738838,-0.0669473,-0.058095798,0.00739054,0.057331793,-0.10894319,-0.12134816,0.1662476,-0.08348121,0.28355467,-0.14277521,-0.15251559,-0.09183951,0.09575685,-0.055045184,-0.122190505,0.008543208,0.2949723,0.33266938,0.13810278,0.15601683,0.16250852,-0.05198606,0.17458338,-0.088461116,0.31530195,0.16876197,-0.025048757,-0.05698529,0.13687718,2_Benign,0.7344163062571347,0.5373015712206879,0.7367339879754062,0.699926094737854
F9_Arg191His,-0.06853578,0.14324982,0.19570859,-0.16630408,0.3246345,0.42020568,-0.12611857,0.22884563,-0.21209429,-0.2644688,0.257083,0.327515,0.23474567,0.17166577,0.07316155,0.1937613,0.055113655,0.0150498,-0.107201815,0.13898875,0.31001073,-0.1085,-0.10866316,0.047670133,0.019827126,0.2642169,0.0072700344,0.31905088,0.20404878,0.054136828,0.052411385,-0.0035152547,0.13709444,0.04899974,-0.3383308,0.3232143,-0.15104696,0.09676377,0.02007012,-0.19742206,-0.10521624,-0.2206665,0.13533261,-0.116038635,0.14222898,0.12009218,-0.10893566,-0.036075287,-0.1472238,-0.25354406,1_Pathogenic,0.7327929577073504,0.5824439225427427,0.7527798067299967,0.7691102605685216
F9_Glu73Val,0.71444446,0.25553027,0.14084505,-0.22663301,0.5225858,0.3284451,-0.15744168,0.2412884,-0.15190065,-0.17521487,0.19851007,0.2468764,0.28390262,0.20386869,-0.04036757,0.22938868,0.0038052527,-0.009532804,-0.13352337,0.08138797,0.2707128,-0.10011126,-0.022434529,-0.015858894,0.05754041,0.228865,0.11852816,0.24449293,0.2445612,0.05420766,0.024260636,-0.13588719,0.06607689,-0.05359695,-0.31644326,0.1188306,-0.12986624,0.110204905,0.1370731,-0.203518,-0.1663963,-0.1299478,0.18371141,-0.12135334,0.12196714,0.19994785,-0.11422713,-0.01423389,-0.20755118,-0.15674567,1_Pathogenic,0.7118203495319111,0.7035818102206959,0.6853863840055787,0.6008234393706247
F9_Asp110Asn,0.06261876,0.12158948,0.1261121,-0.13078141,0.1492413,0.013663597,-0.033295818,-0.008493535,-0.083623625,-0.0799418,0.0050062407,0.22494933,0.21298629,0.19949342,0.015677584,-0.07260814,-0.111253634,0.12249093,-0.048460137,0.052060287,0.079543725,-0.10800175,-0.131314,0.08073664,0.07104044,0.10566051,-0.10562589,-0.032481,-0.0130234845,0.20287734,-0.20670465,-0.15118739,-0.025051262,0.079908185,-0.12862045,-0.030369265,-0.03396287,0.20187885,0.2547527,0.13168459,0.13148142,0.1451667,0.048542015,0.11820081,-0.08388528,0.24809015,0.17754525,0.022558851,-0.0240894,0.042203754,1_Pathogenic,0.7076680509478896,0.6510927629002327,0.8170921334305392,0.7204449809635733
F9_Thr194Ala,0.1861709,0.2250243,0.10090602,-0.16014893,0.35392267,0.44073895,-0.19383137,0.37921852,-0.19557604,-0.20433012,0.27991623,0.17187104,0.30223215,0.21779492,0.10950239,0.24402581,-0.12354283,0.00657274,-0.160399,-0.08353323,0.6222975,-0.014466945,-0.07737133,-0.1210011,0.024700208,0.4907175,-0.0051793363,0.17348805,0.21062844,0.23795769,0.0059504304,0.060678396,0.15788437,0.014109826,-0.28122675,0.48618835,-0.1269487,-0.081108116,0.022098636,-0.26959783,-0.20434155,-0.23755383,0.37700218,-0.20623957,0.13386138,-0.051620215,-0.19235727,-0.018508941,-0.291173,-0.26425076,2_Benign,0.7027793417301136,0.6325589285909701,0.7677935728973174,0.6542303929949432
F9_Asp410His,0.8941699,-0.058169782,-0.031997036,-0.17644422,0.26923668,0.03543074,-0.24025628,0.11748281,-0.02634345,-0.24366158,0.074897885,0.023307085,0.43166304,-0.10906024,-0.008691614,0.003352453,0.028973673,-0.0136199705,-0.22476614,0.0029738331,0.12603171,-0.16718668,0.027542615,0.06129017,0.21777618,0.17887798,-0.050612707,0.08738267,0.11441113,-0.019832853,-0.14108121,-0.01697132,0.01116673,-0.032854985,-0.33376104,0.05511584,-0.16100654,0.16101098,0.020631177,0.01124899,0.0055768164,-0.00038284366,0.23496564,0.028808748,0.034216225,0.25790483,0.031233622,0.15139359,-0.06682619,-0.014495469,1_Pathogenic,0.6923203500245614,0.5802868998609383,0.7287805928258865,0.673946673342741
F9_His282Tyr,0.13770224,0.15379788,0.02144812,-0.15197928,0.070721194,0.16945606,-0.123914085,0.013640843,-0.006405744,-0.1303501,-0.018424077,0.23100734,0.05320844,0.10170893,0.07895489,-0.04161622,-0.14259778,0.101904705,-0.10144438,0.011087781,0.057878494,0.07852117,-0.07585553,0.12275549,-0.090352975,0.10627101,0.021265984,-0.004640594,-0.0053674933,0.2317554,-0.13178453,-0.090363726,-0.018232135,0.06295266,-0.14024185,0.033497617,-0.08709669,0.097128734,0.009618601,-0.010545136,-0.012971866,-0.032315213,0.046986267,0.019443907,-0.020552684,0.13078186,0.037160236,-0.03142329,-0.17502177,0.031970374,2_Benign,0.6878637509608541,0.6708012889709556,0.7961791887209522,0.7029713194683769
F9_Ile136Thr,0.09260261,0.055836987,0.04210137,-0.018090848,-0.13472596,-0.060783826,0.1363769,-0.2724386,0.039783016,0.02665658,-0.23417875,0.20969406,-0.20090717,0.12716994,0.024412144,-0.25300953,0.111599505,0.07495089,0.020641377,0.047473855,-0.15263963,-0.06652188,-0.095136,0.1612414,0.09468061,-0.15739432,-0.13599573,0.1554769,-0.27901512,0.069809996,-0.089370094,-0.18201832,-0.12478875,0.053549916,0.013724575,-0.11730233,0.07088967,0.21128987,0.29999554,0.21965013,0.24036123,0.224562,-0.09166622,0.2499996,-0.16255538,0.11250981,0.25921988,-0.026243113,-0.019003723,0.22174428,1_Pathogenic,0.6780428122789353,0.6512429028085289,0.6891248674664419,0.7524326575269135
F9_Ser220Thr,0.17942688,0.07132333,-0.018582016,-0.098233975,0.036487795,0.21219128,-0.12543444,-0.047371812,0.04009715,-0.068899564,-0.07764658,0.15823092,-0.035741173,0.078312576,0.027790036,-0.10477218,-0.060984626,-0.033337824,-0.030060045,-0.10588976,-0.0019761622,-0.12856512,0.05910041,0.0048252363,0.16032141,0.0350332,-0.18080728,0.06826355,-0.020823842,0.26924187,0.051097497,-0.0056945677,-0.018852111,0.06364133,-0.06535833,0.0048557185,-0.07254763,0.091089256,-0.07565384,0.11576767,0.13005295,0.16321447,-0.022099743,0.10316065,0.01578316,0.09877379,0.13131577,0.0019589495,-0.050998546,0.02119796,2_Benign,0.669060478007286,0.5112754352585243,0.7435592092766099,0.7071193405925851
F9_Arg384Leu,0.104510024,0.3487928,0.38781422,-0.11159356,0.1725168,0.41339773,-0.0756626,0.0039408794,-0.2538442,-0.17052469,0.1438607,0.36147246,0.33324057,0.33984712,0.072721146,0.14673471,-0.06447562,0.252547,-0.17195132,0.28542706,0.24172679,-0.022031892,-0.22838324,-0.030581653,0.07894507,0.23420154,-0.028557397,0.22968605,0.14506097,0.061714463,0.03078096,-0.17354792,0.056205332,0.119478256,-0.2577123,0.20390138,-0.05436189,0.16878565,0.23289855,-0.057774454,-0.06933117,-0.020270815,0.17289901,0.0015821657,-0.04497196,0.22282967,-0.018956393,-0.011251993,-0.10988024,-0.038969662,1_Pathogenic,0.6683442677384381,0.6261733198648576,0.619947665630282,0.5908532878752486
F9_Glu73Lys,0.3222983,0.1437186,0.072018616,-0.13930562,0.26138717,0.28167474,-0.16652864,0.32486957,-0.13807069,-0.22145443,0.1734328,0.15600476,0.33089173,0.006177377,0.072232924,0.09847228,0.1310679,-0.08674684,-0.13429545,0.0005212687,0.42369866,-0.008466676,-0.039680522,0.010729656,0.07181866,0.23481554,0.016909426,0.19545062,0.10849294,0.12332484,0.16278976,-0.082973674,0.0513916,-0.08654482,-0.3057286,0.2681321,-0.12537536,0.12661491,0.03939083,-0.1323992,-0.107867144,-0.08994216,0.22785705,-0.05871802,0.16702566,0.2218155,-0.07633514,0.074074864,-0.20737547,-0.15632734,5_Others,0.6646032971705318,0.6775313798754301,0.6266859465409534,0.7194036467263272
F9_Val257Ile,0.25691134,0.37740225,0.14395393,-0.17168273,0.32278472,0.5636343,-0.09163377,0.4601329,-0.26764536,-0.1782659,0.40291804,0.26844484,0.12837152,0.15638447,0.14301947,0.3348357,-0.14745557,0.020967588,-0.029277151,0.033094693,0.60099685,-0.10692857,-0.16083589,-0.056759983,0.025748534,0.38468668,0.048393827,0.17190495,0.28164417,0.21087277,-0.087007254,0.054220762,0.21863812,0.020725498,-0.13022067,0.43393177,-0.091248676,-0.066257544,-0.11353709,-0.31145296,-0.19889806,-0.19134125,0.38074228,-0.1706769,0.2085244,-0.07371569,-0.22263685,0.072795585,-0.12976766,-0.31781232,3_Conflicting,0.6606398915821818,0.48556902667723223,0.70813704438078,0.6355392714821195
F9_Ile7Phe,0.17651238,0.051488362,0.084159926,-0.19103345,0.22803001,0.2101706,-0.1892841,0.12739691,-0.14657104,-0.20274134,0.10030894,0.24772823,0.108867645,0.045712374,-0.0560368,0.019183597,-0.0124407355,-0.03118496,-0.07018629,0.03599847,0.38535511,-0.16921462,-0.049895268,-0.11954969,0.09013598,0.14053525,-0.024673274,0.1473368,0.057976075,0.111017704,-0.12234454,-0.0577606,0.031529468,-0.020893805,-0.2954671,0.15267092,-0.13646951,0.18792602,0.030926215,-0.084009334,-0.035108835,-0.029016037,0.29141182,-0.011175368,0.12673491,0.20282654,-0.014518097,-0.042678636,-0.10511655,-0.13639162,2_Benign,0.6532650626125115,0.4622770888773744,0.7113310365482672,0.593059403483588
F9_Val195Gly,0.40665498,0.0061791716,-0.029735595,-0.1598528,0.35563672,-0.14055398,0.027684622,-0.15451857,0.18710008,-0.05152631,-0.15861651,0.24686357,-0.10911581,0.08943238,0.008720566,0.008818323,-0.21873617,-0.023198377,0.04366148,-0.0050381273,-0.1297029,-0.1192341,0.026516072,0.13518459,0.123007566,-0.10561432,-0.008627748,-0.19719598,-0.107804336,0.13591129,-0.040491633,-0.12609343,-0.15792295,0.014667658,0.028215783,-0.20989281,0.0005251393,0.25671723,0.076385096,0.17487592,0.13078639,0.13053465,-0.023916047,0.16197121,-0.031771135,0.23364678,0.21469112,0.05397159,-0.06771487,0.14739189,2_Benign,0.6488131291938873,0.562341500662288,0.6881624489624669,0.6433785874884863
F9_Pro197Ser,0.1541265,0.21796356,0.05857612,-0.21396545,0.2697693,0.31097132,-0.07910623,0.1725223,-0.1598247,-0.20170945,0.20964557,0.18537438,0.080037564,0.21970579,0.041048806,0.06848249,-0.16255434,-0.0073602656,-0.009732783,-0.13101,0.35834306,-0.14858274,-0.09554016,-0.013420405,0.050674424,0.21804929,-0.15322764,0.01473581,0.1529966,0.12647574,-0.14384773,-0.032952882,0.06515454,-0.030870818,-0.30868804,0.11388947,-0.16495934,0.13580868,-0.01505884,-0.11227322,-0.10967077,-0.088694125,0.3246894,-0.06280512,0.11645542,0.11613971,-0.03893557,0.08514969,-0.06942199,-0.12959415,2_Benign,0.6452101551143459,0.6308198463326588,0.7352707335404538,0.6151165953018622
F9_Arg384Pro,0.11874122,0.2843904,0.28167966,-0.16406628,0.261693,0.43999794,-0.16918904,0.23455659,-0.32417974,-0.21514913,0.3763066,0.30636513,0.3538134,0.41836143,0.12813564,0.23792619,0.014029279,0.13272002,-0.21611148,0.17624924,0.43647888,0.2159563,-0.21359965,-0.005826084,0.015088521,0.40441132,0.06826799,0.31882024,0.31916967,-0.19396558,-0.12132719,-0.20779973,0.24916236,0.20840234,-0.3265752,0.25735492,-0.13999654,-0.007665023,0.1102124,-0.27183136,-0.17873304,-0.17706822,0.35241482,-0.16995266,0.009497205,-0.063511714,-0.17681687,0.008623172,-0.1878156,-0.20695063,1_Pathogenic,0.6450313094057936,0.45326332796157076,0.6488721004813884,0.5488738400520587
F9_His303Tyr,-0.064121716,0.10107515,0.04326451,-0.14411402,0.19998829,0.24568188,-0.0032108428,0.19119567,-0.2000036,-0.13621795,0.18205082,0.15081449,0.14877364,-0.031794894,0.13544361,0.14253856,-0.14181092,0.019050615,-0.08746614,-0.028399266,0.23248124,-0.23375526,-0.12393283,0.096993715,-0.025485927,0.19273165,0.06016598,0.1468623,0.08090249,0.17913073,-0.013854753,-0.0017047934,0.12597822,0.11195893,-0.09524843,0.23231624,-0.08893997,-0.05874467,-0.05147325,-0.130881,-0.099936426,-0.09662271,0.17689732,-0.11661546,0.059409056,-0.065369636,-0.061364017,0.115738764,-0.15847969,-0.13944234,2_Benign,0.607880947432186,0.6317596895196784,0.7011675493869377,0.650899157793233
F9_Val227Ile,0.031481702,0.047666967,0.025630495,-0.10164197,0.10304414,0.2974856,-0.13654414,0.21959692,-0.1537464,-0.13938682,0.22737974,0.14629754,0.160761,0.09532049,0.053972147,0.19146354,-0.07737853,-0.03288213,-0.091832146,-0.21154773,0.27835914,-0.18211138,-0.007844515,0.077734746,0.046114553,0.19270489,0.03857474,0.13189022,0.12175859,0.24003434,-0.029313896,0.02871479,0.14486253,0.12223066,-0.15661612,0.29564774,-0.09357087,-0.10394795,-0.11150783,-0.26104996,-0.17726535,-0.18673062,0.28845546,-0.1311523,0.089573115,-0.059040625,-0.14601317,0.02946245,-0.23786059,-0.21540543,2_Benign,0.59988145327602,0.4869292389792154,0.6405399452709002,0.5904111027576255
F9_Gly357Arg,-0.21166901,0.063910134,-0.02382664,-0.060448173,-0.03784995,0.23650745,-0.09677294,0.0772946,-0.17389332,-0.08551839,-0.001503218,0.099773765,0.080458686,-0.018855477,0.0938877,-0.036929213,0.03842667,-0.09353079,-0.10637666,-0.1440498,0.19222067,-0.19573346,-0.073069066,0.09153061,0.08609374,0.23272428,0.038942732,0.20401587,0.03410123,0.06995964,-0.058077205,0.056301326,0.058148064,0.104682595,-0.04210507,0.23637891,-0.1047418,-0.022230003,-0.22075981,-0.05080282,0.008658526,0.0060252785,0.19604489,-0.054474086,0.1411292,-0.030423671,0.014153268,0.13802572,-0.058211647,-0.097424276,1_Pathogenic,0.5984972596557196,0.6092975844018562,0.650202878905044,0.6055681366443812
F9_Glu79Asp,-0.17994495,0.080326766,-0.010127926,-0.068229005,0.05177611,0.15151966,-0.034785695,0.11495804,-0.026246075,-0.03927583,0.017173285,0.103178054,0.0032257438,0.091178104,0.013564719,0.041580193,-0.19584379,-0.047691926,-0.031412587,-0.13726309,0.19988298,-0.17674227,-0.045617234,0.09566483,0.11779684,0.1157532,-0.09620522,-0.019947145,0.008344991,0.26292852,-0.106405124,0.13181657,-0.0029032193,0.12788516,-0.105737425,0.15826868,-0.055584863,0.14748129,0.0131680425,-0.004620669,0.041321896,0.03561747,0.031351145,0.03753592,0.09213111,0.17672727,0.018665338,-0.102546126,-0.1487064,-0.11236127,1_Pathogenic,0.5925157314793699,0.6893350480338805,0.7080550488478474,0.6348244465050894
F9_Ser411Ile,-0.043555822,-0.012274773,0.018286757,-0.06965291,0.16796954,-0.13262892,-0.15108246,0.031974304,-0.11929664,-0.21045035,-0.029966185,0.09541853,0.114019886,0.056331076,0.042845637,0.0141291795,-0.0060420395,0.0356397,-0.108054146,-0.037084207,0.1102964,-0.110133424,-0.06426006,0.10656314,0.1458634,0.03496787,-0.01487533,-0.031082327,-0.052725725,0.16171777,-0.0033525706,-0.0672115,0.023232026,-0.036812298,-0.17560071,0.04156458,-0.109928414,0.19015315,0.04414742,0.15318924,0.14286956,0.14445755,0.09595537,0.13740225,-0.010349683,0.20940134,0.1778838,0.14747635,0.006084891,0.05504721,1_Pathogenic,0.5868320113459373,0.6199967558965909,0.5553684603556356,0.6232166183271743
F9_Arg3His,-0.090887934,0.12765403,0.07603951,-0.08130394,0.049363844,0.3169369,-0.017942995,0.009825934,-0.15207192,-0.13648702,0.049538493,0.13276283,0.16222282,0.08380148,0.14177787,-0.025278147,-0.09925833,0.063402586,-0.13129663,-0.08229834,0.14735878,-0.015667103,-0.18439642,0.092242345,0.011239279,0.1624741,-0.08764782,0.13184625,0.025885986,0.2231259,-0.23623815,-0.12117861,0.034984082,0.08908565,-0.112011865,0.119138345,-0.07009647,0.1107751,-0.02973307,0.0011801142,0.03480836,-0.000046791043,0.12395107,-0.0023462973,0.041656397,0.13657758,0.042311266,0.08173356,-0.10492717,0.020123444,2_Benign,0.5785542039004976,0.5221306800407002,0.5976664055167911,0.6490448535598249
F9_Gly442Arg,-0.19377445,-0.008793297,-0.051318746,-0.010255056,-0.06886977,-0.16671848,-0.031057244,-0.08333473,0.03410809,0.008405592,-0.09226777,0.0394938,0.071746245,0.049353812,-0.016037125,-0.14915544,-0.19390899,-0.08627862,-0.016755052,-0.13268916,0.058354903,-0.19005617,0.022033637,0.028951336,0.10702619,0.0046922434,-0.1119481,-0.037186466,-0.07248008,0.15330046,-0.11262191,-0.041367482,-0.06726025,-0.1278917,-0.065017946,0.076539345,-0.045578092,0.1863188,-0.012213344,0.083899304,0.12347683,0.13507476,0.09729697,0.13925004,0.025870271,0.1851611,0.15487018,0.07885084,0.00802424,0.050459795,1_Pathogenic,0.5774829440065505,0.619979233890782,0.630432172164868,0.6139086915424442
F9_Arg75Gln,0.22618206,0.059378512,-0.046226963,-0.1465788,0.24157964,0.10458584,-0.11398779,0.07000445,-0.07386688,-0.110538,0.101053536,0.18423127,0.15833773,0.092981726,0.005834984,-0.010083119,-0.08651291,-0.08543458,-0.13136819,-0.043162294,0.11204316,-0.10533598,-0.008440953,-0.00038423343,0.046742234,0.1341089,-0.01290964,0.017359495,0.032362543,0.15966332,-0.053147852,-0.025765065,-0.016955635,-0.07997816,-0.14826222,0.038181152,-0.119383566,0.08119461,0.07996048,0.002792256,0.0022614244,0.016619474,0.07926781,0.031327866,0.027010452,0.16605698,0.019915368,0.052709013,-0.059246637,0.06871553,1_Pathogenic,0.5639199546247403,0.6361526823418402,0.5880652627182306,0.518983497367929
F9_Lys39Arg,-0.00061911624,0.07826793,0.05821206,-0.06118167,-0.03052016,0.18942472,-0.07506104,-0.05256929,-0.0371764,-0.11381924,-0.075143725,0.09614406,0.23821428,0.060003553,0.044047542,-0.09879018,-0.046231013,-0.117655545,-0.14643542,-0.04918344,0.13097443,-0.032615572,-0.015540138,0.052232634,0.10548246,0.1774209,-0.071713045,0.08516654,0.048389558,0.13164566,0.033041116,0.0075625284,0.016765961,0.0041290894,-0.12728263,0.16567503,-0.098853186,0.16575451,-0.0048009246,0.05755507,0.024739383,0.038650066,0.034568653,0.061283685,0.033900008,0.17722163,0.07662889,0.050222345,-0.13081434,-0.0066042617,2_Benign,0.5275470970162297,0.538089861011952,0.46689930054502815,0.4701075036511166
F9_Pro414Thr,-0.058396883,-0.017216103,0.02434595,-0.15666693,0.20918506,0.12019812,-0.13072854,0.14865208,-0.11155456,-0.17692184,0.024718296,0.05091381,0.04572449,-0.00960836,-0.008078342,0.03141764,-0.08516214,-0.09893482,-0.12998085,-0.16373199,0.22867048,-0.06505081,0.033607006,0.0062106103,0.14794572,0.11009268,-0.04404839,0.04384502,0.0019730153,0.09672561,-0.03260553,0.0135777,0.01671603,-0.021279361,-0.10038907,0.12785682,-0.13223773,0.1634453,-0.113907956,0.022532092,0.053427085,0.06743323,0.23965529,0.035425067,0.11551846,0.15467854,0.09366971,0.1912083,-0.049947254,-0.095973834,1_Pathogenic,0.5273919721098301,0.59070453412355,0.5925313724025432,0.555578334961777
