gene_variant,clinvar_clnsig_clean,Altered_GFP,Altered_Morph,Altered_DNA,Altered_Mito,Altered_AGP,AUROC_Mean_GFP,AUROC_Mean_Morph,AUROC_Mean_DNA,AUROC_Mean_Mito,AUROC_Mean_AGP,Interval 1 MaveDB class,Interval 2 MaveDB class,Interval 3 MaveDB class,Interval 4 MaveDB class,Interval 5 MaveDB class,Interval 6 MaveDB class
BRCA1_Cys44Tyr,1_Pathogenic,false,false,false,false,false,0.8675611254987949,0.887673699853964,0.7863064734355162,0.8946961206404973,0.8898213453296506,,,,,,
BRCA1_Cys64Ser,1_Pathogenic,false,false,false,false,false,0.7452379550737872,0.6198776680144382,0.5581452944342807,0.7204550080489095,0.6277971469449901,,,,,,
BRCA1_Cys39Arg,1_Pathogenic,false,true,false,false,false,0.9155526399071886,0.9382891850375588,0.8604439001541024,0.9493444048699451,0.9153952221216088,,,,,,
BRCA1_Arg71Lys,1_Pathogenic,false,true,false,false,true,0.8961384748612593,0.9563793607358764,0.8256555767918938,0.9384860819973107,0.9385579821550951,,,,,,
BRCA1_Ser611Arg,1_Pathogenic,false,true,true,true,true,0.9149624939246632,0.9681934372563925,0.8866295495753775,0.964237657516539,0.945209057336527,,,,,,
BRCA1_Met1Ile,1_Pathogenic,true,true,true,true,true,0.9878947833086833,0.95398490495553,0.9065082197137221,0.9866367487583159,0.941839900903998,,,,,,
BRCA1_Thr581Ile,1_Pathogenic,false,true,false,true,false,0.9213122650626981,0.955578016096277,0.8571091860163442,0.9670357213819983,0.918189406188478,Normal,Abnormal,Not specified,,,
BRCA1_Thr37Lys,1_Pathogenic,false,false,false,false,false,0.8935375560784924,0.876967783201831,0.8033209369588789,0.9167684511503182,0.8922364093851026,,,,,,
BRCA1_Thr587Arg,1_Pathogenic,false,true,true,false,false,0.892646509351166,0.9183229591400186,0.8246576900414754,0.927566918722474,0.9022218265117656,,,,,,
BRCA1_Gly666Val,1_Pathogenic,false,false,false,false,false,0.8602099404692202,0.8817659418031343,0.7331345044493729,0.9281454655551623,0.8650992475142041,Normal,Abnormal,Not specified,,,
BRCA1_Arg391Met,1_Pathogenic,true,true,false,true,true,0.9816930310116219,0.930283052825779,0.7688356182207741,0.982040314415231,0.9258844159953883,,,,,,
BRCA1_Met671Lys,1_Pathogenic,false,true,false,false,false,0.9214305993331576,0.9605211529359583,0.8539956294602719,0.9406021666133201,0.887616044703547,,,,,,
BRCA1_Cys64Tyr,1_Pathogenic,false,false,false,false,true,0.9229770223735969,0.9304714009069368,0.8050353064957557,0.873184774404913,0.961233294307906,,,,,,
BRCA1_Arg595Gln,1_Pathogenic,false,false,false,false,false,0.8612003333873312,0.913199223964837,0.8323580080770457,0.9230769851270171,0.9088564180208125,,,,,,
BRCA1_Arg71Gly,1_Pathogenic,false,true,true,false,true,0.892438949072815,0.9579992718750773,0.8882921968761427,0.9464421408849136,0.9403750159905584,,,,,,
BRCA1_Val632Ala,1_Pathogenic,false,true,false,false,false,0.8990786387709804,0.9306709618821618,0.866001395945438,0.9400525489322233,0.9010284770890846,Normal,Abnormal,Not specified,,,
BRCA1_Thr581Ala,1_Pathogenic,false,true,false,false,false,0.8813278351256801,0.9002714608523378,0.7791793757527026,0.9367916193654093,0.8775274798248345,,,,,,
BRCA1_Glu455Lys,1_Pathogenic,true,false,true,false,false,0.9899237197298381,0.7458102230328609,0.9405476911006652,0.9361906175742223,0.8905004414855902,,,,,,
BRCA1_Cys61Gly,1_Pathogenic,false,true,true,true,false,0.9156933741802082,0.9657271784118283,0.8972719874213329,0.955213978242027,0.8860689576449626,,,,,,
BRCA1_Met1Thr,1_Pathogenic,true,false,false,true,false,0.9747525839707805,0.8862103328877481,0.8028920403019829,0.960114981855982,0.9075437595495317,,,,,,
BRCA1_His41Arg,1_Pathogenic,false,false,false,false,false,0.8185758614683465,0.8736152481968635,0.7601492308065976,0.8095085175879666,0.9294087597443343,,,,,,
BRCA1_Leu660Pro,1_Pathogenic,false,false,false,false,false,0.6858482687105789,0.6200689945648612,0.497402501474575,0.6816117950645211,0.6630151080049407,Normal,Abnormal,Not specified,,,
BRCA1_Gly602Ala,2_Benign,false,true,false,false,false,0.9335001818236008,0.9402713519288461,0.8515877673158113,0.9560825583379694,0.9280970078246464,Normal,Abnormal,Not specified,,,
BRCA1_Phe558Ser,2_Benign,false,true,true,true,false,0.9193319707656409,0.9677253156271488,0.8875893363902452,0.9694318548687729,0.9304218899793452,Normal,Abnormal,Not specified,,,
BRCA1_Glu143Lys,2_Benign,false,true,false,false,false,0.914782662401556,0.9239672548193365,0.8217070960184036,0.929185029340914,0.872357912783629,,,,,,
BRCA1_Asn132Lys,2_Benign,false,true,true,true,true,0.9308600967297949,0.9847876016781,0.944296408140204,0.9765614854275313,0.93047057824142,,,,,,
BRCA1_Met548Ile,2_Benign,false,true,true,true,true,0.9377020902829282,0.9838171753239306,0.9271290324091443,0.9719792556640614,0.9461387476154925,,,,,,
BRCA1_Ser186Tyr,2_Benign,true,true,true,true,true,0.9828098486558843,0.9893417780662793,0.9679378757937998,0.9879302007534179,0.9679451238953509,,,,,,
BRCA1_Ser408Ile,2_Benign,false,false,false,false,false,0.8662088968036574,0.8329131727213925,0.6867958214260674,0.9071672459690385,0.8188740439168337,,,,,,
BRCA1_Val275Ile,2_Benign,false,false,false,false,false,0.8504531113104965,0.8953148061074725,0.7716806718722978,0.8821667688526504,0.936475378786529,,,,,,
BRCA1_Ala102Gly,2_Benign,true,false,false,false,false,0.9673664321220692,0.7985497170044982,0.785918645613632,0.9410854177542289,0.85447648911337,,,,,,
BRCA1_Pro533Leu,2_Benign,false,true,true,false,false,0.8865111135155864,0.9439718030599331,0.8554759351065632,0.9342509998939533,0.9083718193318858,,,,,,
BRCA1_His239Arg,2_Benign,false,true,true,true,false,0.931956614027402,0.978941096572921,0.9288704150613851,0.9608066396505645,0.9233539026370335,,,,,,
BRCA1_Leu460Pro,2_Benign,false,true,true,false,false,0.8942335872256117,0.9418724442311315,0.8725905289556398,0.9204171059519322,0.899240978566131,,,,,,
BRCA1_Lys502Glu,2_Benign,false,true,false,false,false,0.8525610238001519,0.8816377567624725,0.7467937031357241,0.9201521617024754,0.8600163182824268,,,,,,
BRCA1_Pro510Ser,2_Benign,false,true,true,false,false,0.9205815895447915,0.9741272427430834,0.9422616424605242,0.9568889394343272,0.9198813083344892,,,,,,
BRCA1_His299Tyr,2_Benign,false,true,true,true,true,0.9424133666461356,0.9795882444844936,0.8804431959899585,0.9807263751699259,0.9467630437209911,,,,,,
BRCA1_Asp67Tyr,2_Benign,false,true,false,true,true,0.9475302653024813,0.9535875736429946,0.8621030817273844,0.965647296596526,0.924772675008498,,,,,,
BRCA1_Phe591Leu,3_Conflicting,false,true,true,false,false,0.8722085911191721,0.9270470895032172,0.8865191451530433,0.9190049478036881,0.9036052053724655,Normal,Abnormal,Not specified,,,
BRCA1_Glu116Lys,4_VUS,true,false,false,false,false,0.9572879524093623,0.4915951765292159,0.5471525100537117,0.9119979388562758,0.8841465212799839,,,,,,
BRCA1_Glu631Lys,5_Others,false,false,true,false,false,0.8084114314219375,0.9209795429049877,0.8812034248171805,0.8465549446007504,0.8911650164474605,,,,,,
