gene_variant,clinvar_clnsig_clean,spdi,imaging_AUROC_Mean_GFP,imaging_AUROC_Mean_Morph,imaging_AUROC_Mean_DNA,imaging_AUROC_Mean_Mito,imaging_AUROC_Mean_AGP,imaging_Altered_95th_perc_GFP,imaging_Altered_95th_perc_Morph,imaging_Altered_95th_perc_DNA,imaging_Altered_95th_perc_Mito,imaging_Altered_95th_perc_AGP,dualipa_abund_change,dualipa_threshold,dualipa_abund_zscore,ppi_total_occurrences,ppi_not_perturbed_count,ppi_inconclusive_count,ppi_perturbed_count,ppi_not_perturbed_percentage,ppi_inconclusive_percentage,ppi_perturbed_percentage
F9_Phe395Ile,1_Pathogenic,NC_000023.11:139561868:T:A,0.8753492471914457,0.649607362703761,0.6586565610878954,0.8529502163528302,0.7592628211426117,0.0,0.0,0.0,0.0,0.0,,,,,,,,,,
RAD51D_Glu233Gly,2_Benign,NC_000017.11:35103294:T:C,0.9643222974912136,0.6745126839748288,0.7057745901872797,0.9191037174432628,0.8852527971829229,1.0,0.0,0.0,0.0,0.0,false,-2.884438034613693,1.2863163362354577,,,,,,,
BRCA1_Cys64Tyr,1_Pathogenic,NC_000017.11:43106477:C:T,0.9229770223735969,0.9304714009069368,0.8050353064957557,0.873184774404913,0.961233294307906,0.0,0.0,0.0,0.0,1.0,,,,,,,,,,
G6PD_Gly378Ser,3_Conflicting,NC_000023.11:154532722:C:T,0.6963180927629631,0.47207880443196354,0.48943145932509036,0.6154922655511277,0.5605128813650763,0.0,0.0,0.0,0.0,0.0,,,,,,,,,,
BRCA1_Pro533Leu,2_Benign,NC_000017.11:43071004:G:A,0.8865111135155864,0.9439718030599331,0.8554759351065632,0.9342509998939533,0.9083718193318858,0.0,1.0,1.0,0.0,0.0,,,,,,,,,,
RAD51D_Arg55Trp,3_Conflicting,NC_000017.11:35118601:G:A,0.7175440731695554,0.5585899967966248,0.5472426618717947,0.6626546996038981,0.7216882419748716,0.0,0.0,0.0,0.0,0.0,,,,,,,,,,
F9_His282Arg,3_Conflicting,NC_000023.11:139561530:A:G,0.8083708964952888,0.827664675899405,0.7153298233355938,0.8396586384905589,0.7697955729293582,0.0,0.0,0.0,0.0,0.0,,,,,,,,,,
RHO_Cys110Tyr,1_Pathogenic,NC_000003.12:129529062:G:A,0.9995509392173199,0.8759363719723349,0.9822787162831441,0.99666705542453,0.9791911557328632,1.0,0.0,1.0,1.0,1.0,,,,,,,,,,
HMBS_Asp359Asn,2_Benign,NC_000011.10:119093272:G:A,,,,,,,,,,,,,,1,0,1,0,0.0,100.0,0.0
F9_Ile443Thr,1_Pathogenic,NC_000023.11:139562013:T:C,0.7479024360841889,0.6400983547782287,0.5832833363494987,0.7469473415764403,0.6301823085816638,0.0,0.0,0.0,0.0,0.0,,,,,,,,,,
BRCA1_Arg71Gly,1_Pathogenic,NC_000017.11:43106457:T:C,0.892438949072815,0.9579992718750773,0.8882921968761427,0.9464421408849136,0.9403750159905584,0.0,1.0,1.0,0.0,1.0,,,,,,,,,,
F9_Glu54Val,1_Pathogenic,NC_000023.11:139537082:A:T,,,,,,,,,,,,,,,,,,,,
MSH2_Leu341Pro,1_Pathogenic,NC_000002.12:47416375:T:C,,,,,,,,,,,false,-2.884438034613693,-2.0518092516880997,,,,,,,
GCK_Met251Thr,1_Pathogenic,NC_000007.14:44147761:A:G,,,,,,,,,,,false,-2.884438034613693,-1.1870136455796985,,,,,,,
RHO_Arg135Trp,1_Pathogenic,NC_000003.12:129530917:C:T,0.9996950640265384,0.8387034419466344,0.9862363901267608,0.9976911028021254,0.98032175111109,1.0,0.0,1.0,1.0,1.0,,,,,,,,,,
RAD51D_Val66Leu,3_Conflicting,NC_000017.11:35118568:C:A,0.7344897306565745,0.6052057889185325,0.5781693250050742,0.7827076376749831,0.7229242225745285,0.0,0.0,0.0,0.0,0.0,,,,19,16,2,1,84.21,10.53,5.26
RAD51D_Ile17Val,3_Conflicting,NC_000017.11:35119565:T:C,0.9610843112174334,0.8593047956991493,0.8211615965363215,0.9194796164079382,0.9034559086463199,1.0,0.0,0.0,0.0,0.0,,,,,,,,,,
HMBS_Glu250Lys,1_Pathogenic,NC_000011.10:119092500:G:A,,,,,,,,,,,,,,1,0,0,1,0.0,0.0,100.0
BAP1_Arg59Pro,1_Pathogenic,NC_000003.12:52408553:C:G,0.8958025348137719,0.6535041734304494,0.5814879009667274,0.872738126814029,0.8314031706307383,0.0,0.0,0.0,0.0,0.0,,,,,,,,,,
MSH2_Ala305Thr,3_Conflicting,NC_000002.12:47414389:G:A,,,,,,,,,,,false,-2.884438034613693,-2.8039151539632963,,,,,,,
GCK_Met381Arg,1_Pathogenic,NC_000007.14:44145608:A:C,,,,,,,,,,,false,-2.884438034613693,-2.32624489870534,,,,,,,
F9_Cys407Arg,,NC_000023.11:139561904:T:C,0.8373728260210328,0.7087061576907538,0.6538648579987193,0.7988165422982787,0.7937370734497426,0.0,0.0,0.0,0.0,0.0,,,,,,,,,,
MSH2_Leu92Val,3_Conflicting,NC_000002.12:47408463:C:G,,,,,,,,,,,false,-2.884438034613693,-0.31070881880975426,,,,,,,
MSH2_Ala714Val,3_Conflicting,NC_000002.12:47476502:C:T,,,,,,,,,,,false,-2.884438034613693,-2.156276345751792,,,,,,,
F9_Ala233Thr,1_Pathogenic,NC_000023.11:139551238:G:A,0.7688319236128545,0.7781896675287779,0.6229629113384743,0.8089467734818112,0.833398017731984,0.0,0.0,0.0,0.0,0.0,,,,,,,,,,
HMBS_Arg167Trp,1_Pathogenic,NC_000011.10:119091413:C:T,,,,,,,,,,,,,,1,0,1,0,0.0,100.0,0.0
BAP1_Leu49Pro,1_Pathogenic,NC_000003.12:52408583:A:G,0.7222208857040313,0.6320914535653628,0.6111780046475856,0.7291998362801497,0.6911568239760859,0.0,0.0,0.0,0.0,0.0,,,,,,,,,,
RAD51D_Thr27Lys,3_Conflicting,NC_000017.11:35119534:G:T,,,,,,,,,,,,,,18,6,3,9,33.33,16.67,50.0
CTCF_Tyr407Cys,1_Pathogenic,NC_000016.10:67621454:A:G,0.6534930740992244,0.6451276137990857,0.587954735210138,0.704138354101575,0.7338730820480786,0.0,0.0,0.0,0.0,0.0,,,,2,2,0,0,100.0,0.0,0.0
RAD51D_Val56Gly,3_Conflicting,NC_000017.11:35118597:A:C,0.805857807085385,0.5613379721184999,0.5390757118054736,0.7297184582054765,0.6976247356240626,0.0,0.0,0.0,0.0,0.0,,,,19,15,4,0,78.95,21.05,0.0
BRCA1_Phe558Ser,2_Benign,NC_000017.11:43070929:A:G,0.9193319707656409,0.9677253156271488,0.8875893363902452,0.9694318548687729,0.9304218899793452,0.0,1.0,1.0,1.0,0.0,,,,,,,,,,
VHL_Glu145Lys,4_VUS,NC_000003.12:10149879:G:A,,,,,,,,,,,,,,1,0,1,0,0.0,100.0,0.0
VHL_Val125Ala,1_Pathogenic,NC_000003.12:10149820:T:C,,,,,,,,,,,,,,1,1,0,0,100.0,0.0,0.0
BRCA1_Glu631Lys,5_Others,NC_000017.11:43057126:C:T,0.8084114314219375,0.9209795429049877,0.8812034248171805,0.8465549446007504,0.8911650164474605,0.0,0.0,1.0,0.0,0.0,,,,,,,,,,
F9_Cys335Tyr,1_Pathogenic,NC_000023.11:139561689:G:A,0.9641893801668194,0.6984734282738592,0.8328394969236035,0.8759864021765055,0.8812408598327411,0.0,0.0,0.0,0.0,0.0,,,,,,,,,,
BRCA1_Cys39Arg,1_Pathogenic,NC_000017.11:43115745:A:G,0.9155526399071886,0.9382891850375588,0.8604439001541024,0.9493444048699451,0.9153952221216088,0.0,1.0,0.0,0.0,0.0,,,,,,,,,,
BRCA1_Gly602Ala,2_Benign,NC_000017.11:43063909:C:G,0.9335001818236008,0.9402713519288461,0.8515877673158113,0.9560825583379694,0.9280970078246464,0.0,1.0,0.0,0.0,0.0,,,,,,,,,,
BRCA1_Met548Ile,2_Benign,NC_000017.11:43070958:C:T,0.9377020902829282,0.9838171753239306,0.9271290324091443,0.9719792556640614,0.9461387476154925,0.0,1.0,1.0,1.0,1.0,,,,,,,,,,
CTCF_Arg283His,1_Pathogenic,NC_000016.10:67612017:G:A,,,,,,,,,,,,,,,,,,,,
RHO_Arg135Leu,1_Pathogenic,NC_000003.12:129530918:G:T,,,,,,,,,,,,,,,,,,,,
BRCA1_Met1Thr,1_Pathogenic,NC_000017.11:43124095:A:G,0.9747525839707805,0.8862103328877481,0.8028920403019829,0.960114981855982,0.9075437595495317,1.0,0.0,0.0,1.0,0.0,,,,,,,,,,
RAD51D_Val132Ile,3_Conflicting,NC_000017.11:35107074:C:T,0.9635282052458122,0.8355703915902188,0.7629520069142783,0.9355671526298636,0.9019900261847349,0.0,0.0,0.0,0.0,0.0,,,,18,4,3,11,22.22,16.67,61.11
GCK_Ala387Glu,1_Pathogenic,NC_000007.14:44145590:G:T,,,,,,,,,,,false,-2.884438034613693,-1.580171808059549,2,1,0,1,50.0,0.0,50.0
BRCA1_Cys64Ser,1_Pathogenic,NC_000017.11:43106477:C:G,0.7452379550737872,0.6198776680144382,0.5581452944342807,0.7204550080489095,0.6277971469449901,0.0,0.0,0.0,0.0,0.0,,,,,,,,,,
VHL_Tyr134Cys,1_Pathogenic,NC_000003.12:10149847:A:G,,,,,,,,,,,,,,1,0,1,0,0.0,100.0,0.0
F9_Glu27Lys,4_VUS,,0.6514881755093695,0.7659905117648657,0.7011830196326599,0.702294841167481,0.6005833479958536,0.0,0.0,0.0,0.0,0.0,,,,,,,,,,
MSH2_Arg96His,2_Benign,NC_000002.12:47408476:G:A,,,,,,,,,,,true,-2.884438034613693,-3.964769585833372,,,,,,,
CTCF_Arg567Trp,1_Pathogenic,NC_000016.10:67628550:C:T,0.9945517422062444,0.8513823363851716,0.9688849199257413,0.9832958291931133,0.9305858518043898,1.0,0.0,1.0,1.0,0.0,,,,,,,,,,
F9_Arg294Gln,1_Pathogenic,NC_000023.11:139561566:G:A,0.9647820375065654,0.7257446508839096,0.7933671429751604,0.8891697926871742,0.862934201513075,1.0,0.0,0.0,0.0,0.0,,,,,,,,,,
RAD51D_Cys9Ser,3_Conflicting,NC_000017.11:35119588:C:G,0.9077212825295029,0.7663758588209051,0.7661016972976566,0.8740246636756364,0.8369092492667753,0.0,0.0,0.0,0.0,0.0,,,,18,6,8,4,33.33,44.44,22.22
CTCF_Arg342Gly,1_Pathogenic,NC_000016.10:67616816:C:G,0.9282483217528718,0.6410643683227852,0.747863898413595,0.815795065936776,0.8033904919524901,0.0,0.0,0.0,0.0,0.0,,,,,,,,,,
MSH2_Lys627Asn,,NC_000002.12:47475146:A:C,,,,,,,,,,,false,-2.884438034613693,-0.2620963483862244,,,,,,,
RAD51D_Met308Val,3_Conflicting,NC_000017.11:35101018:T:C,0.9890161279770073,0.9172776463458479,0.8756480035639739,0.9813279141932112,0.9650960299407709,1.0,0.0,1.0,1.0,1.0,,,,19,15,4,0,78.95,21.05,0.0
GCK_Arg303Trp,1_Pathogenic,NC_000007.14:44146575:G:A,,,,,,,,,,,,,,2,1,0,1,50.0,0.0,50.0
F9_Asp110Gly,1_Pathogenic,NC_000023.11:139541127:A:G,0.8502002957902698,0.8711103685431433,0.6163244928809966,0.9283119296947473,0.8265494150601236,0.0,0.0,0.0,0.0,0.0,,,,,,,,,,
F9_His282Tyr,2_Benign,NC_000023.11:139561529:C:T,0.6878637509608541,0.7740974475748301,0.6708012889709556,0.7961791887209522,0.7029713194683769,0.0,0.0,0.0,0.0,0.0,,,,,,,,,,
RAD51D_Ser46Cys,3_Conflicting,NC_000017.11:35119118:G:C,0.6647466228485643,0.5276155414107366,0.4904998736781364,0.6172242484278883,0.6512685849411923,0.0,0.0,0.0,0.0,0.0,,,,,,,,,,
VHL_Cys121Phe,1_Pathogenic,NC_000003.12:10149808:G:T,,,,,,,,,,,,,,1,0,0,1,0.0,0.0,100.0
BAP1_Pro12Thr,1_Pathogenic,NC_000003.12:52409845:G:T,0.7078250921699138,0.600122165829045,0.6299497786322784,0.6394755763891051,0.598572921579564,0.0,0.0,0.0,0.0,0.0,,,,,,,,,,
F9_Glu73Val,1_Pathogenic,NC_000023.11:139537139:A:T,0.7118203495319111,0.7712615764520082,0.7035818102206959,0.6853863840055787,0.6008234393706247,0.0,0.0,0.0,0.0,0.0,,,,,,,,,,
RAD51D_His23Arg,3_Conflicting,NC_000017.11:35119546:T:C,0.9602886012957268,0.8412231137986681,0.8041819022114969,0.9291546472785729,0.9035297099370408,0.0,0.0,0.0,0.0,0.0,,,,19,9,9,1,47.37,47.37,5.26
HMBS_Arg225Gln,4_VUS,NC_000011.10:119092426:G:A,,,,,,,,,,,,,,1,0,1,0,0.0,100.0,0.0
RAD51D_Phe305Leu,3_Conflicting,NC_000017.11:35101025:G:C,,,,,,,,0.0,,,,,,19,13,6,0,68.42,31.58,0.0
VHL_Tyr112His,1_Pathogenic,NC_000003.12:10142181:T:C,,,,,,,,,,,,,,1,0,0,1,0.0,0.0,100.0
BRCA1_Cys61Gly,1_Pathogenic,NC_000017.11:43106487:A:C,0.9156933741802082,0.9657271784118283,0.8972719874213329,0.955213978242027,0.8860689576449626,0.0,1.0,1.0,1.0,0.0,,,,,,,,,,
F9_Asn166Tyr,1_Pathogenic,NC_000023.11:139548467:A:T,0.9439059523550711,0.6763540911777854,0.7602702357018682,0.8679390161794215,0.8332887811493594,0.0,0.0,0.0,0.0,0.0,,,,,,,,,,
MSH2_Glu562Val,3_Conflicting,NC_000002.12:47470988:A:T,,,,,,,,,,,false,-2.884438034613693,-2.22466499298802,,,,,,,
RHO_Asp190Gly,1_Pathogenic,NC_000003.12:129532289:A:G,0.9994548592176349,0.7734918521405172,0.9770929368426109,0.9980068875561408,0.9767014272857454,1.0,0.0,1.0,1.0,1.0,,,,,,,,,,
F9_Ile210Thr,,,0.8644715886891701,0.8593606299070935,0.7962798944817868,0.8282133925707165,0.7870730942042935,0.0,0.0,0.0,0.0,0.0,,,,,,,,,,
VHL_Ser65Trp,1_Pathogenic,NC_000003.12:10142041:C:G,,,,,,,,,,,,,,1,0,1,0,0.0,100.0,0.0
MSH2_Gln409Lys,4_VUS,NC_000002.12:47429890:C:A,,,,,,,,,,,false,-2.884438034613693,-1.998023071546831,,,,,,,
F9_Cys335Trp,1_Pathogenic,NC_000023.11:139561690:C:G,0.9596294108315151,0.5271070619127192,0.6202202792689997,0.8301266795417084,0.8235058813286767,0.0,0.0,0.0,0.0,0.0,,,,,,,,,,
F9_Thr194Ala,2_Benign,NC_000023.11:139551121:A:G,0.7027793417301136,0.732002498159462,0.6325589285909701,0.7677935728973174,0.6542303929949432,0.0,0.0,0.0,0.0,0.0,,,,,,,,,,
F9_Glu79Asp,1_Pathogenic,NC_000023.11:139537158:A:C,0.5925157314793699,0.7509741906115102,0.6893350480338805,0.7080550488478474,0.6348244465050894,0.0,0.0,0.0,0.0,0.0,,,,,,,,,,
F9_Arg379Gln,1_Pathogenic,NC_000023.11:139561821:G:A,0.7383820860922137,0.7592937766234651,0.7042052908979199,0.7976389948336224,0.7172295279337151,0.0,0.0,0.0,0.0,0.0,,,,,,,,,,
F9_Arg191His,1_Pathogenic,NC_000023.11:139551113:G:A,0.7327929577073504,0.6491488216911996,0.5824439225427427,0.7527798067299967,0.7691102605685216,0.0,0.0,0.0,0.0,0.0,,,,,,,,,,
BRCA1_Ser611Arg,1_Pathogenic,NC_000017.11:43063881:G:C,0.9149624939246632,0.9681934372563925,0.8866295495753775,0.964237657516539,0.945209057336527,0.0,1.0,1.0,1.0,1.0,,,,,,,,,,
F9_Ser406Leu,1_Pathogenic,NC_000023.11:139561902:C:T,0.8916138476481084,0.9162840818084527,0.7980533896760693,0.9295069257770723,0.8592978211753017,0.0,1.0,0.0,0.0,0.0,,,,,,,,,,
F9_Val257Ile,3_Conflicting,NC_000023.11:139560786:G:A,0.6606398915821818,0.585427423605482,0.48556902667723223,0.70813704438078,0.6355392714821195,0.0,0.0,0.0,0.0,0.0,,,,,,,,,,
VHL_Leu122Pro,1_Pathogenic,NC_000003.12:10149811:T:C,,,,,,,,,,,,,,1,1,0,0,100.0,0.0,0.0
GCK_Gly175Arg,1_Pathogenic,NC_000007.14:44150025:C:G,,,,,,,,,,,,,,2,1,1,0,50.0,50.0,0.0
BRCA1_Thr581Ile,1_Pathogenic,NC_000017.11:43067628:G:A,0.9213122650626981,0.955578016096277,0.8571091860163442,0.9670357213819983,0.918189406188478,0.0,1.0,0.0,1.0,0.0,,,,,,,,,,
HMBS_Glu223Lys,3_Conflicting,NC_000011.10:119092419:G:A,,,,,,,,,,,,,,1,1,0,0,100.0,0.0,0.0
VHL_Gln123Arg,1_Pathogenic,NC_000003.12:10149814:A:G,,,,,,,,,,,,,,1,1,0,0,100.0,0.0,0.0
F9_Arg3His,2_Benign,NC_000023.11:139530772:G:A,0.5785542039004976,0.5866399608767865,0.5221306800407002,0.5976664055167911,0.6490448535598249,0.0,0.0,0.0,0.0,0.0,,,,,,,,,,
GCK_Glu221Lys,1_Pathogenic,NC_000007.14:44149778:C:T,,,,,,,,,,,,,,2,1,0,1,50.0,0.0,50.0
RAD51D_Thr328Ile,3_Conflicting,NC_000017.11:35100957:G:A,0.9727112122888528,0.8366962476282629,0.8379999304698407,0.9257155415156472,0.9259802467499594,1.0,0.0,0.0,0.0,0.0,,,,19,11,7,1,57.89,36.84,5.26
CTCF_Arg342Cys,1_Pathogenic,NC_000016.10:67616816:C:T,0.7138337679923981,0.6879591174469971,0.624709154938435,0.7025021260908193,0.7384968807353391,0.0,0.0,0.0,0.0,0.0,,,,1,0,1,0,0.0,100.0,0.0
F9_Val227Ile,2_Benign,NC_000023.11:139551220:G:A,0.59988145327602,0.5423774158894656,0.4869292389792154,0.6405399452709002,0.5904111027576255,0.0,0.0,0.0,0.0,0.0,,,,,,,,,,
GCK_Arg377His,1_Pathogenic,NC_000007.14:44145620:C:T,,,,,,,,,,,true,-2.884438034613693,-4.287582621351696,,,,,,,
F9_Pro197Ser,2_Benign,NC_000023.11:139551130:C:T,0.6452101551143459,0.6358669359623879,0.6308198463326588,0.7352707335404538,0.6151165953018622,0.0,0.0,0.0,0.0,0.0,,,,,,,,,,
F9_Cys178Phe,1_Pathogenic,NC_000023.11:139551074:G:T,,,,,,,,,,,,,,,,,,,,
G6PD_Ile48Thr,1_Pathogenic,NC_000023.11:154536156:A:G,0.8960831866830073,0.7300614863660573,0.6488971547717548,0.8320103107667962,0.7934483112514196,0.0,0.0,0.0,0.0,0.0,,,,,,,,,,
F9_Pro414Thr,1_Pathogenic,NC_000023.11:139561925:C:A,0.5273919721098301,0.6797031476051613,0.59070453412355,0.5925313724025432,0.555578334961777,0.0,0.0,0.0,0.0,0.0,,,,,,,,,,
RAD51D_Glu307Lys,3_Conflicting,NC_000017.11:35101021:C:T,0.9672288832680017,0.9622888691074283,0.9301217210011836,0.9795045870859254,0.9641706447910451,0.0,1.0,1.0,1.0,1.0,,,,19,10,4,5,52.63,21.05,26.32
BAP1_Glu31Lys,3_Conflicting,NC_000003.12:52409585:C:T,0.5285817121482426,0.638202978336596,0.5984144485902207,0.6105761450146598,0.560101445321775,0.0,0.0,0.0,0.0,0.0,,,,,,,,,,
F9_Ile316Thr,1_Pathogenic,NC_000023.11:139561632:T:C,,,,,,,0.0,,0.0,,,,,,,,,,,
HMBS_Glu86Val,3_Conflicting,NC_000011.10:119089263:A:T,,,,,,,,,,,,,,1,1,0,0,100.0,0.0,0.0
HMBS_Arg26His,1_Pathogenic,NC_000011.10:119088298:G:A,,,,,,,,,,,,,,1,1,0,0,100.0,0.0,0.0
F9_Tyr161Cys,1_Pathogenic,NC_000023.11:139548453:A:G,0.9263901662496768,0.8125415721210048,0.8474365051310222,0.8927955725308716,0.846905153923833,0.0,0.0,1.0,0.0,0.0,,,,,,,,,,
F9_Ile7Phe,2_Benign,NC_000023.11:139530783:A:T,0.6532650626125115,0.6070303903003949,0.4622770888773744,0.7113310365482672,0.593059403483588,0.0,0.0,0.0,0.0,0.0,,,,,,,,,,
BRCA1_Thr587Arg,1_Pathogenic,NC_000017.11:43067610:G:C,0.892646509351166,0.9183229591400186,0.8246576900414754,0.927566918722474,0.9022218265117656,0.0,1.0,1.0,0.0,0.0,,,,,,,,,,
F9_Asp110Asn,1_Pathogenic,NC_000023.11:139541126:G:A,0.7076680509478896,0.7585779227588121,0.6510927629002327,0.8170921334305392,0.7204449809635733,0.0,0.0,0.0,0.0,0.0,,,,,,,,,,
F9_Val374Phe,1_Pathogenic,NC_000023.11:139561805:G:T,0.875748709977453,0.6420223551373424,0.7311334319544585,0.8454807852128686,0.7617341177488715,0.0,0.0,0.0,0.0,0.0,,,,,,,,,,
F9_Arg191Cys,1_Pathogenic,NC_000023.11:139551112:C:T,0.8918860878784864,0.708192380469411,0.7276981865207304,0.8666821060532699,0.7885499799247945,0.0,0.0,0.0,0.0,0.0,,,,,,,,,,
G6PD_Arg365His,1_Pathogenic,NC_000023.11:154532760:C:T,0.5900615366817313,0.5251393732095171,0.5082065784957188,0.6067100541291025,0.6226706890461056,0.0,0.0,0.0,0.0,0.0,,,,,,,,,,
F9_Arg384Pro,1_Pathogenic,NC_000023.11:139561836:G:C,0.6450313094057936,0.4992928126955379,0.45326332796157076,0.6488721004813884,0.5488738400520587,0.0,0.0,0.0,0.0,0.0,,,,,,,,,,
F9_Val195Gly,2_Benign,NC_000023.11:139551125:T:G,0.6488131291938873,0.681157875995793,0.562341500662288,0.6881624489624669,0.6433785874884863,0.0,0.0,0.0,0.0,0.0,,,,,,,,,,
HMBS_Arg149Gln,1_Pathogenic,NC_000011.10:119090213:G:A,,,,,,,,,,,,,,1,1,0,0,100.0,0.0,0.0
BRCA1_Leu660Pro,1_Pathogenic,NC_000017.11:43051104:A:G,0.6858482687105789,0.6200689945648612,0.497402501474575,0.6816117950645211,0.6630151080049407,0.0,0.0,0.0,0.0,0.0,,,,,,,,,,
F9_Ala397Pro,1_Pathogenic,NC_000023.11:139561874:G:C,0.887264670757679,0.5388602027997552,0.607608379636504,0.8630308778217323,0.7949810853524013,0.0,0.0,0.0,0.0,0.0,,,,,,,,,,
F9_Trp453Arg,1_Pathogenic,NC_000023.11:139562042:T:C,0.9619565310873566,0.6829798738936956,0.7966381301891121,0.8761988313260338,0.855096171245849,0.0,0.0,0.0,0.0,0.0,,,,,,,,,,
GCK_Glu236Lys,1_Pathogenic,NC_000007.14:44147807:C:T,,,,,,,,,,,true,-2.884438034613693,-6.75791407468284,,,,,,,
BRCA1_His41Arg,1_Pathogenic,NC_000017.11:43115738:T:C,0.8185758614683465,0.8736152481968635,0.7601492308065976,0.8095085175879666,0.9294087597443343,0.0,0.0,0.0,0.0,0.0,,,,,,,,,,
BRCA1_Arg71Lys,1_Pathogenic,NC_000017.11:43106456:C:T,0.8961384748612593,0.9563793607358764,0.8256555767918938,0.9384860819973107,0.9385579821550951,0.0,1.0,0.0,0.0,1.0,,,,,,,,,,
BAP1_Arg718Gln,4_VUS,NC_000003.12:52402325:C:T,0.6620800143823764,0.5924664092015309,0.5634591146876166,0.5967321418904766,0.6047554196033222,0.0,0.0,0.0,0.0,0.0,,,,,,,,,,
F9_Cys170Tyr,1_Pathogenic,NC_000023.11:139548480:G:A,0.9418368703188513,0.7910479072545489,0.8417720713336102,0.8910937975594257,0.8213691256486676,0.0,0.0,1.0,0.0,0.0,,,,,,,,,,
CTCF_Arg567Leu,2_Benign,NC_000016.10:67628551:G:T,0.568433647741605,0.5840753754354838,0.5818646686361186,0.5407438122704269,0.5380645043119832,0.0,0.0,0.0,0.0,0.0,,,,,,,,,,
GCK_Gly178Arg,,NC_000007.14:44150016:C:G,,,,,,,,,,,false,-2.884438034613693,-0.6862167127841925,2,1,1,0,50.0,50.0,0.0
BRCA1_Met671Lys,1_Pathogenic,NC_000017.11:43051071:A:T,0.9214305993331576,0.9605211529359583,0.8539956294602719,0.9406021666133201,0.887616044703547,0.0,1.0,0.0,0.0,0.0,,,,,,,,,,
HMBS_Arg195Cys,1_Pathogenic,NC_000011.10:119091497:C:T,,,,,,,,,,,,,,1,1,0,0,100.0,0.0,0.0
HMBS_Arg321His,3_Conflicting,NC_000011.10:119093159:G:A,,,,,,,,,,,,,,1,0,0,1,0.0,0.0,100.0
BAP1_Ser596Gly,2_Benign,NC_000003.12:52403242:T:C,0.5230030168188609,0.5205569621563404,0.5233610042433017,0.5116058320437751,0.597877275094881,0.0,0.0,0.0,0.0,0.0,,,,,,,,,,
RAD51D_Ala231Ser,3_Conflicting,NC_000017.11:35103301:C:A,0.9611743430048734,0.7471406333569957,0.7632100325914521,0.8580335209169332,0.8479247554468121,1.0,0.0,0.0,0.0,0.0,,,,18,15,3,0,83.33,16.67,0.0
RAD51D_Arg165Gln,2_Benign,NC_000017.11:35106468:C:T,0.9415987379931244,0.8741681374898791,0.8392059140560219,0.8973812732443798,0.8646914671029955,0.0,0.0,0.0,0.0,0.0,false,-2.884438034613693,0.8540273018807399,,,,,,,
F9_Arg384Leu,1_Pathogenic,NC_000023.11:139561836:G:T,0.6683442677384381,0.6010777900851506,0.6261733198648576,0.619947665630282,0.5908532878752486,0.0,0.0,0.0,0.0,0.0,,,,,,,,,,
MSH2_Arg524Pro,1_Pathogenic,NC_000002.12:47466718:G:C,,,,,,,,,,,false,-2.884438034613693,-0.4542828707738047,,,,,,,
RAD51D_Val28Leu,3_Conflicting,NC_000017.11:35119532:C:G,0.947548482585512,0.9003979003764573,0.8261002526349338,0.9578654553558794,0.903442921160879,0.0,0.0,0.0,1.0,0.0,,,,19,6,4,9,31.58,21.05,47.37
F9_Glu73Lys,,NC_000023.11:139537138:G:A,0.6646032971705318,0.7150858388110624,0.6775313798754301,0.6266859465409534,0.7194036467263272,0.0,0.0,0.0,0.0,0.0,,,,,,,,,,
F9_Cys396Ser,1_Pathogenic,NC_000023.11:139561872:G:C,0.90126101898287,0.4439543120384662,0.5644177237136929,0.81461536040293,0.772992960699876,0.0,0.0,0.0,0.0,0.0,,,,,,,,,,
MSH2_Leu687Pro,1_Pathogenic,NC_000002.12:47476421:T:C,,,,,,,,,,,false,-2.884438034613693,-1.628610498827119,,,,,,,
VHL_Glu52Lys,2_Benign,NC_000003.12:10142001:G:A,,,,,,,,,,,,,,1,1,0,0,100.0,0.0,0.0
F9_Ser220Thr,2_Benign,NC_000023.11:139551199:T:A,0.669060478007286,0.6604163357563947,0.5112754352585243,0.7435592092766099,0.7071193405925851,0.0,0.0,0.0,0.0,0.0,,,,,,,,,,
F9_Gly442Arg,1_Pathogenic,NC_000023.11:139562009:G:A,0.5774829440065505,0.6581225100425153,0.619979233890782,0.630432172164868,0.6139086915424442,0.0,0.0,0.0,0.0,0.0,,,,,,,,,,
RAD51D_Asn138His,3_Conflicting,NC_000017.11:35107056:T:G,0.9759745305361325,0.8486980791422414,0.8058202887767171,0.944996742454274,0.9219285698910344,1.0,0.0,0.0,0.0,0.0,,,,,,,,,,
F9_Pro333Leu,1_Pathogenic,NC_000023.11:139561683:C:T,,,,,,,0.0,,0.0,,,,,,,,,,,
VHL_Glu70Lys,1_Pathogenic,NC_000003.12:10142055:G:A,,,,,,,,,,,,,,1,0,1,0,0.0,100.0,0.0
G6PD_Glu398Lys,1_Pathogenic,NC_000023.11:154532662:C:T,0.6579336772069859,0.6432803131104896,0.6081129620859809,0.7014009411298499,0.6711691462194245,0.0,0.0,0.0,0.0,0.0,,,,,,,,,,
RAD51D_Gly289Ser,3_Conflicting,NC_000017.11:35101239:C:T,0.9089434977704189,0.9401315062354583,0.8769361257530477,0.916941184193312,0.9129257782376837,0.0,1.0,0.0,0.0,0.0,,,,19,15,4,0,78.95,21.05,0.0
BAP1_Cys91Ser,1_Pathogenic,NC_000003.12:52408061:C:G,0.6480043160290715,0.793753109675104,0.7704629264228079,0.7297507766850269,0.70525270615688,0.0,0.0,0.0,0.0,0.0,,,,,,,,,,
F9_Cys134Ser,1_Pathogenic,NC_000023.11:139548372:G:C,0.8130491484278191,0.7678626336389018,0.653857801462616,0.8297697543020721,0.7305391051120406,0.0,0.0,0.0,0.0,0.0,,,,,,,,,,
BRCA1_Gly666Val,1_Pathogenic,NC_000017.11:43051086:C:A,0.8602099404692202,0.8817659418031343,0.7331345044493729,0.9281454655551623,0.8650992475142041,0.0,0.0,0.0,0.0,0.0,,,,,,,,,,
F9_Lys39Arg,2_Benign,NC_000023.11:139537037:A:G,0.5275470970162297,0.5421431362976536,0.538089861011952,0.46689930054502815,0.4701075036511166,0.0,0.0,0.0,0.0,0.0,,,,,,,,,,
RAD51D_Val66Met,3_Conflicting,NC_000017.11:35118568:C:T,0.8550317880177425,0.640681162726245,0.6015777615320816,0.7826732455069626,0.7666936114568561,0.0,0.0,0.0,0.0,0.0,,,,19,17,1,1,89.47,5.26,5.26
F9_Asp410His,1_Pathogenic,NC_000023.11:139561913:G:C,0.6923203500245614,0.644299034803606,0.5802868998609383,0.7287805928258865,0.673946673342741,0.0,0.0,0.0,0.0,0.0,,,,,,,,,,
HMBS_Cys247Arg,1_Pathogenic,NC_000011.10:119092491:T:C,,,,,,,,,,,,,,1,0,0,1,0.0,0.0,100.0
F9_Ser411Ile,1_Pathogenic,NC_000023.11:139561917:G:T,0.5868320113459373,0.6350559643172258,0.6199967558965909,0.5553684603556356,0.6232166183271743,0.0,0.0,0.0,0.0,0.0,,,,,,,,,,
BAP1_Cys91Gly,4_VUS,NC_000003.12:52408062:A:C,0.8076873469516388,0.6961569410000803,0.5828880059430546,0.8454611638691085,0.7668928641651982,0.0,0.0,0.0,0.0,0.0,,,,,,,,,,
F9_Ile256Thr,,NC_000023.11:139560784:T:C,,,,,,,,,,,,,,,,,,,,
BRCA1_Asp67Tyr,2_Benign,NC_000017.11:43106469:C:A,0.9475302653024813,0.9535875736429946,0.8621030817273844,0.965647296596526,0.924772675008498,0.0,1.0,0.0,1.0,1.0,,,,,,,,,,
F9_Arg75Gln,1_Pathogenic,NC_000023.11:139537145:G:A,0.5639199546247403,0.6933899806458561,0.6361526823418402,0.5880652627182306,0.518983497367929,0.0,0.0,0.0,0.0,0.0,,,,,,,,,,
RAD51D_Ile251Val,3_Conflicting,NC_000017.11:35101353:T:C,0.9589705639948699,0.9014840098779016,0.8405335983766445,0.9518864369742187,0.9584403093903882,0.0,0.0,0.0,0.0,1.0,,,,18,13,5,0,72.22,27.78,0.0
BRCA1_Cys44Tyr,1_Pathogenic,NC_000017.11:43115729:C:T,0.8675611254987949,0.887673699853964,0.7863064734355162,0.8946961206404973,0.8898213453296506,0.0,0.0,0.0,0.0,0.0,,,,,,,,,,
MSH2_Thr335Ile,4_VUS,NC_000002.12:47416357:C:T,,,,,,,,,,,false,-2.884438034613693,-1.342705024242936,,,,,,,
MSH2_Gly40Ser,3_Conflicting,NC_000002.12:47403309:G:A,,,,,,,,,,,false,-2.884438034613693,-0.31248288330267715,,,,,,,
BAP1_Asn290Ser,2_Benign,NC_000003.12:52405827:T:C,0.6057325498774384,0.5831208149111815,0.5500959234521987,0.6715735402851634,0.5751819501504367,0.0,0.0,0.0,0.0,0.0,,,,,,,,,,
BRCA1_Thr37Lys,1_Pathogenic,NC_000017.11:43115750:G:T,0.8935375560784924,0.876967783201831,0.8033209369588789,0.9167684511503182,0.8922364093851026,0.0,0.0,0.0,0.0,0.0,,,,,,,,,,
F9_Ile136Thr,1_Pathogenic,NC_000023.11:139548378:T:C,0.6780428122789353,0.7141815318727899,0.6512429028085289,0.6891248674664419,0.7524326575269135,0.0,0.0,0.0,0.0,0.0,,,,,,,,,,
GCK_Gly299Arg,1_Pathogenic,NC_000007.14:44146587:C:G,,,,,,,,,,,true,-2.884438034613693,-7.089999037618672,2,1,0,1,50.0,0.0,50.0
BAP1_Thr423Lys,2_Benign,NC_000003.12:52403877:G:T,0.6799120582351484,0.47722675322455954,0.49486093922951035,0.6141113172325929,0.5561506448556437,0.0,0.0,0.0,0.0,0.0,,,,,,,,,,
F9_Gly357Arg,1_Pathogenic,NC_000023.11:139561754:G:A,0.5984972596557196,0.6272050795344148,0.6092975844018562,0.650202878905044,0.6055681366443812,0.0,0.0,0.0,0.0,0.0,,,,,,,,,,
BRCA1_Phe591Leu,3_Conflicting,NC_000017.11:43063941:A:T,0.8722085911191721,0.9270470895032172,0.8865191451530433,0.9190049478036881,0.9036052053724655,0.0,1.0,1.0,0.0,0.0,,,,,,,,,,
CTCF_Ala697Thr,3_Conflicting,NC_000016.10:67637777:G:A,0.5756301954847982,0.48882461255082804,0.46108228326991146,0.5892073568358998,0.6086548922412327,0.0,0.0,0.0,0.0,0.0,,,,,,,,,,
TPK1_Asn50His,1_Pathogenic,NC_000007.14:144682946:T:G,,,,,,,,,,,false,-2.884438034613693,-0.03933307447545712,1,1,0,0,100.0,0.0,0.0
HMBS_Leu81Pro,1_Pathogenic,NC_000011.10:119089248:T:C,,,,,,,,,,,,,,1,1,0,0,100.0,0.0,0.0
MSH2_Leu440Pro,1_Pathogenic,NC_000002.12:47445590:T:C,,,,,,,,,,,false,-2.884438034613693,0.32619347491723333,,,,,,,
F9_His303Tyr,2_Benign,NC_000023.11:139561592:C:T,0.607880947432186,0.7096997914586484,0.6317596895196784,0.7011675493869377,0.650899157793233,0.0,0.0,0.0,0.0,0.0,,,,,,,,,,
BRCA1_Val632Ala,1_Pathogenic,NC_000017.11:43057122:A:G,0.8990786387709804,0.9306709618821618,0.866001395945438,0.9400525489322233,0.9010284770890846,0.0,1.0,0.0,0.0,0.0,,,,,,,,,,
F9_Asn306Ser,1_Pathogenic,NC_000023.11:139561602:A:G,,,,,,,,,,,,,,,,,,,,
VHL_Pro81Ser,2_Benign,NC_000003.12:10142088:C:T,,,,,,,,,,,,,,1,0,0,1,0.0,0.0,100.0
CTCF_His455Gln,1_Pathogenic,NC_000016.10:67626562:C:G,0.8131409219678946,0.9057477566854892,0.8148728261507332,0.8388991702776349,0.9152160738046102,0.0,1.0,0.0,0.0,0.0,,,,2,2,0,0,100.0,0.0,0.0
BAP1_Thr93Ala,4_VUS,NC_000003.12:52408056:T:C,0.7417915235852883,0.5781643522291045,0.6247629278983761,0.6621791109128389,0.5994901206356564,0.0,0.0,0.0,0.0,0.0,,,,,,,,,,
F9_Cys28Arg,1_Pathogenic,NC_000023.11:139530846:T:C,0.9820599011186065,0.6820371842857371,0.685411285134558,0.9693274348968446,0.9483818748939087,1.0,0.0,0.0,1.0,1.0,,,,,,,,,,
F9_Pro175Ser,2_Benign,NC_000023.11:139551064:C:T,0.7344163062571347,0.6021105502899596,0.5373015712206879,0.7367339879754062,0.699926094737854,0.0,0.0,0.0,0.0,0.0,,,,,,,,,,
BRCA1_Thr616Ala,2_Benign,NC_000017.11:43063368:T:C,,,,,,,,,,,,,,,,,,,,
BRCA1_Met1Ile,1_Pathogenic,NC_000017.11:43124094:C:A,0.9878947833086833,0.95398490495553,0.9065082197137221,0.9866367487583159,0.941839900903998,1.0,1.0,1.0,1.0,1.0,,,,,,,,,,
MSH2_Leu421Pro,4_VUS,NC_000002.12:47429927:T:C,,,,,,,,,,,false,-2.884438034613693,-0.021206421802198457,,,,,,,
HMBS_Ala252Val,1_Pathogenic,NC_000011.10:119092507:C:T,,,,,,,,,,,,,,1,0,0,1,0.0,0.0,100.0
HMBS_His256Asn,1_Pathogenic,NC_000011.10:119092518:C:A,,,,,,,,,,,,,,1,1,0,0,100.0,0.0,0.0
BRCA1_Thr581Ala,1_Pathogenic,NC_000017.11:43067629:T:C,0.8813278351256801,0.9002714608523378,0.7791793757527026,0.9367916193654093,0.8775274798248345,0.0,1.0,0.0,0.0,0.0,,,,,,,,,,
F9_Arg226Gln,1_Pathogenic,NC_000023.11:139551218:G:A,0.7494366002858712,0.7489771812224947,0.6171482965165139,0.8380872380070628,0.7472678645210815,0.0,0.0,0.0,0.0,0.0,,,,,,,,,,
