gene_allele,Metadata_Bio_Batch,AUROC_BioRep1_Morph,AUROC_BioRep1_AGP,AUROC_BioRep1_GFP,AUROC_BioRep1_Mito,AUROC_BioRep1_DNA,AUROC_BioRep2_Morph,AUROC_BioRep2_AGP,AUROC_BioRep2_GFP,AUROC_BioRep2_Mito,AUROC_BioRep2_DNA,AUROC_Mean_Morph,AUROC_Mean_AGP,AUROC_Mean_GFP,AUROC_Mean_Mito,AUROC_Mean_DNA,Altered_95th_perc_Morph,Altered_95th_perc_AGP,Altered_95th_perc_GFP,Altered_95th_perc_Mito,Altered_95th_perc_DNA,Altered_99th_perc_Morph,Altered_99th_perc_AGP,Altered_99th_perc_GFP,Altered_99th_perc_Mito,Altered_99th_perc_DNA,Gene
GBA_ALA59THR,2025_06_Batch_18-19,0.8907384002792915,0.8383945144550156,0.8409798626463838,0.9386441540036744,0.6463996023912076,0.8955558748256791,0.8953691870465355,0.9278255539421256,0.898915647790385,0.7755084274001922,0.8931471375524853,0.8668818507507755,0.8844027082942547,0.9187799008970297,0.7109540148956999,0.0,0.0,0.0,0.0,0.0,0.0,0.0,0.0,0.0,0.0,GBA
PDIA2_Pro69Ser,2025_06_Batch_18-19,0.9917303582089098,0.986246123331381,,0.9654988210469713,0.9424610645075908,0.9499017655138446,0.9461252412918704,,0.937547975650943,0.8739845038400451,0.9708160618613773,0.9661856823116257,,0.9515233983489572,0.908222784173818,1.0,1.0,,0.0,1.0,0.0,0.0,,0.0,0.0,PDIA2
CCM2_Leu198Arg,2025_06_Batch_18-19,0.898163658436849,0.9157237551436274,0.9154819609332027,0.9049071130341388,0.6988554169174379,0.8508447616722661,0.8970444943194387,0.9005137404241379,0.9004568961052988,0.6674347331361481,0.8745042100545575,0.906384124731533,0.9079978506786703,0.9026820045697188,0.683145075026793,0.0,0.0,0.0,0.0,0.0,0.0,0.0,0.0,0.0,0.0,CCM2
GBA_ALA348GLY,2025_06_Batch_18-19,0.49760069230848214,0.755256206880037,0.6477379431050733,0.6290877719484486,0.4784629428268968,0.5310210625868936,0.6355234178528057,0.7288666023369895,0.6582589405918136,0.4535195706485977,0.5143108774476879,0.6953898123664214,0.6883022727210314,0.6436733562701311,0.4659912567377472,0.0,0.0,0.0,0.0,0.0,0.0,0.0,0.0,0.0,0.0,GBA
COX10_Arg409Trp,2025_06_Batch_18-19,0.46335565991241523,0.6256223510252139,0.6738483484575415,0.5965991370197612,0.4607623363701079,0.6882271367535036,0.666476678511101,0.7084843096491582,0.7065960035929868,0.6252111969405282,0.5757913983329594,0.6460495147681575,0.6911663290533498,0.651597570306374,0.5429867666553181,0.0,0.0,0.0,0.0,0.0,0.0,0.0,0.0,0.0,0.0,COX10
GBA_TRP432TER,2025_06_Batch_18-19,0.9485506359081383,0.7927316779111879,0.8971041399325569,0.7926865314256918,0.9162608268247203,0.9897278923156652,0.9915122578646073,0.9931818647711805,0.9859108918994487,0.9834545353718799,0.9691392641119017,0.8921219678878975,0.9451430023518688,0.8892987116625702,0.9498576810983002,1.0,0.0,0.0,0.0,1.0,0.0,0.0,0.0,0.0,1.0,GBA
GBA_Arg535Cys,2025_06_Batch_18-19,0.8396597755393691,0.9918742072826775,0.9902270173233921,0.9809973300191152,0.946686559164168,0.7183986394440467,0.9709933415635816,0.9948969586378443,0.9709734640266255,0.8667528177690373,0.7790292074917079,0.9814337744231296,0.9925619879806182,0.9759853970228703,0.9067196884666027,0.0,1.0,1.0,1.0,1.0,0.0,0.0,0.0,0.0,0.0,GBA
GBA_Met400Ile,2025_06_Batch_18-19,0.6263173953469579,0.5902916037648454,0.6996366176900862,0.6763449941019615,0.6261570727628052,0.7322407771720149,0.8409036867320735,0.9555571743326503,0.8792666508523808,0.6710349802119269,0.6792790862594864,0.7155976452484594,0.8275968960113682,0.7778058224771711,0.648596026487366,0.0,0.0,0.0,0.0,0.0,0.0,0.0,0.0,0.0,0.0,GBA
RNF14_Asn447Ser,2025_06_Batch_18-19,0.9626515759292417,0.9840555123684651,0.9747561930921836,0.9631608264824921,0.8628338429206793,0.9780637918642399,0.9840977716949754,0.9776631568471095,0.9702111018250833,0.8484814497476132,0.9703576838967407,0.9840766420317202,0.9762096749696465,0.9666859641537877,0.8556576463341463,1.0,1.0,1.0,0.0,1.0,1.0,1.0,0.0,0.0,0.0,RNF14
PSEN1_Gly209Val,2025_06_Batch_18-19,0.5571764920642297,0.6186226845731921,0.7097205078710154,0.6450978377843677,0.4906894013490389,0.6278871966989295,0.683661287523031,0.803826869695591,0.6930649344590444,0.564809112253998,0.5925318443815796,0.6511419860481116,0.7567736887833032,0.669081386121706,0.5277492568015184,0.0,0.0,0.0,0.0,0.0,0.0,0.0,0.0,0.0,0.0,PSEN1
GBA_VAL230GLY,2025_06_Batch_18-19,0.8581643428239074,0.8098836880500422,0.7426501154639504,0.7626114010883278,0.7650969760390911,0.8770475331747281,0.9582447561586624,0.9720933505917944,0.9159743998660095,0.7981822347292843,0.8676059379993177,0.8840642221043523,0.8573717330278724,0.8392929004771686,0.7816396053841876,0.0,0.0,0.0,0.0,0.0,0.0,0.0,0.0,0.0,0.0,GBA
GBA_ALA215ASP,2025_06_Batch_18-19,0.5181362828714046,0.6419191716305341,0.7842107370642404,0.5484562897433506,0.5181352237179248,0.6660726402392236,0.84412899567105,0.9522655484555878,0.7980890507029319,0.6457530640834991,0.5921044615553142,0.7430240836507921,0.8682381427599141,0.6732726702231413,0.5819441439007119,0.0,0.0,0.0,0.0,0.0,0.0,0.0,0.0,0.0,0.0,GBA
CCM2_Leu195Arg,2025_06_Batch_18-19,0.9514603457249842,0.9353420544488618,0.9523591910085116,0.9671061295229505,0.822829658050053,0.8769953912758275,0.9395165701817553,0.908855835412115,0.9202098726496105,0.7297480394602133,0.9142278685004058,0.9374293123153086,0.9306075132103133,0.9436580010862805,0.7762888487551332,0.0,1.0,0.0,0.0,0.0,0.0,0.0,0.0,0.0,0.0,CCM2
PSEN1_Met146Ile,2025_06_Batch_18-19,0.9560192879248854,0.9073040256599288,0.9421480367679612,0.9670554291936146,0.7670537807353961,0.9361008751524887,0.9106511762606447,0.9315746083937355,0.956645072137313,0.671718588456704,0.946060081538687,0.9089776009602868,0.9368613225808484,0.9618502506654638,0.7193861845960501,1.0,0.0,0.0,1.0,0.0,0.0,0.0,0.0,0.0,0.0,PSEN1
PDIA2_Glu185Lys,2025_06_Batch_18-19,0.9784415493285273,0.9422343944505167,,0.9609264396306925,0.8866111415072423,0.9597835664346934,0.8752756495186231,,0.960862509278213,0.8183072306547137,0.9691125578816104,0.9087550219845699,,0.9608944744544528,0.852459186080978,1.0,0.0,,0.0,0.0,0.0,0.0,,0.0,0.0,PDIA2
GBA_TYR283TER,2025_06_Batch_18-19,0.9324343033373614,0.9235594796664113,0.9683857289046954,0.8916991465264572,0.8765320004583351,0.8984299977379775,0.9679194883296787,0.9965321006586334,0.9358725489817248,0.970981611736977,0.9154321505376695,0.945739483998045,0.9824589147816645,0.913785847754091,0.923756806097656,0.0,0.0,1.0,0.0,1.0,0.0,0.0,0.0,0.0,1.0,GBA
GBA_Gly289Ala,2025_06_Batch_18-19,0.7209376480927006,0.5838494446894448,0.7390980276058259,0.6736430645329858,0.6724994397668731,0.7065326297811779,0.8252727407699629,0.9325002306063723,0.8645514416921807,0.6292836180922985,0.7137351389369393,0.7045610927297039,0.8357991291060991,0.7690972531125833,0.6508915289295858,0.0,0.0,0.0,0.0,0.0,0.0,0.0,0.0,0.0,0.0,GBA
GBA_LEU144ARG,2025_06_Batch_18-19,0.42544580129353576,0.5899086362589693,0.780258405051037,0.5043272748647354,0.439099245874388,0.7174439265409918,0.8802543630972448,0.958275428534852,0.8070170710186558,0.6194684015795269,0.5714448639172638,0.735081499678107,0.8692669167929445,0.6556721729416957,0.5292838237269575,0.0,0.0,0.0,0.0,0.0,0.0,0.0,0.0,0.0,0.0,GBA
BST1_Arg160Gln,2025_06_Batch_18-19,0.8898008848488151,0.943894318480114,0.9658018190211445,0.9739082497354669,0.8319413260384162,0.8934776433861539,0.9571688317049494,0.9865278364484483,0.9781114320333875,0.9331757275329972,0.8916392641174845,0.9505315750925316,0.9761648277347964,0.9760098408844271,0.8825585267857067,0.0,1.0,1.0,1.0,1.0,0.0,0.0,0.0,0.0,0.0,BST1
GBA_Ala348Val,2025_06_Batch_18-19,0.611707710309704,0.7040713003246286,0.8131091408040222,0.7050122337821543,0.5875649605540509,0.9156021812797612,0.8628501732713857,0.9582872814873633,0.9314795853758556,0.7429596054200989,0.7636549457947326,0.7834607367980071,0.8856982111456928,0.8182459095790049,0.6652622829870749,0.0,0.0,0.0,0.0,0.0,0.0,0.0,0.0,0.0,0.0,GBA
GBA_SER212THR,2025_06_Batch_18-19,0.6099128206683591,0.7178530484953536,0.713718841373007,0.6105895235237737,0.5430411265462074,0.6326224439927521,0.8104391184630378,0.7857538406379181,0.776157714957239,0.5450531920702817,0.6212676323305556,0.7641460834791958,0.7497363410054625,0.6933736192405063,0.5440471593082445,0.0,0.0,0.0,0.0,0.0,0.0,0.0,0.0,0.0,0.0,GBA
PPP2R2B_Ile116Met,2025_06_Batch_18-19,,,,,,0.9158090441130922,0.9616996904086503,0.9839584319703023,0.9559799171867149,0.9153318133369216,,,,,,0.0,,,,,0.0,0.0,0.0,0.0,0.0,PPP2R2B
PSEN1_Gly266Ser,2025_06_Batch_18-19,0.6260213375173403,0.7444795492940983,0.7269897633391527,0.8029374973281824,0.5888011243920694,0.5898398567035917,0.501084513916963,0.5724020435992635,0.5645185228984427,0.5137860369230695,0.607930597110466,0.6227820316055306,0.649695903469208,0.6837280101133125,0.5512935806575694,0.0,0.0,0.0,0.0,0.0,0.0,0.0,0.0,0.0,0.0,PSEN1
ADIPOR1_Tyr353Cys,2025_06_Batch_18-19,0.904774604980137,0.9142861621705819,0.8833528593543958,0.9540040593720657,0.6668368032278986,0.8988169597404962,0.9138797882820767,0.8931303946438259,0.946112763581934,0.6468798327180076,0.9017957823603167,0.9140829752263293,0.8882416269991109,0.9500584114769999,0.6568583179729531,0.0,0.0,0.0,0.0,0.0,0.0,0.0,0.0,0.0,0.0,ADIPOR1
GBA_Ala308Thr,2025_06_Batch_18-19,0.5771333777011274,0.637887458855092,0.6247372676752945,0.6179146610099896,0.5424085317199306,0.6402003838981043,0.7190541506172328,0.7219640481767567,0.6056475869765376,0.5643891010430029,0.6086668807996158,0.6784708047361624,0.6733506579260256,0.6117811239932636,0.5533988163814667,0.0,0.0,0.0,0.0,0.0,0.0,0.0,0.0,0.0,0.0,GBA
PSEN1_Leu250Ser,2025_06_Batch_18-19,0.7194595573872224,0.9885752177816431,,0.9925941920070553,0.994450298669832,0.8249548234304831,0.991154052690328,0.9983583255232741,0.9980653626317177,0.9942367938765595,0.7722071904088528,0.9898646352359856,,0.9953297773193865,0.9943435462731958,0.0,1.0,,1.0,1.0,0.0,1.0,,1.0,1.0,PSEN1
GBA_Leu307Phe,2025_06_Batch_18-19,0.5654192949614132,0.6081628500247772,0.6599777319925179,0.6198175626901574,0.5352488004790472,0.8539834469944249,0.9148366519996728,0.9634418025311788,0.9555709981967108,0.6262579649708773,0.709701370977919,0.761499751012225,0.8117097672618483,0.7876942804434341,0.5807533827249622,0.0,0.0,0.0,0.0,0.0,0.0,0.0,0.0,0.0,0.0,GBA
GBA_Ala485Thr,2025_06_Batch_18-19,0.47324316009878936,0.7029027912164667,0.8082738453644757,0.7163533518321323,0.4678934486636611,0.7356129625416465,0.849815528398445,0.952923220355375,0.8487930131499154,0.7192939110056732,0.604428061320218,0.7763591598074558,0.8805985328599253,0.7825731824910238,0.5935936798346672,0.0,0.0,0.0,0.0,0.0,0.0,0.0,0.0,0.0,0.0,GBA
GBA_Arg398Ter,2025_06_Batch_18-19,0.7239450414801591,0.9883244611636013,0.9967531117574662,0.9929082454694175,0.9875334105803234,0.5592302169183199,0.9958376994184679,0.9998634297256109,0.9989850905031881,0.9987212249876625,0.6415876291992395,0.9920810802910346,0.9983082707415385,0.9959466679863027,0.993127317783993,0.0,1.0,1.0,1.0,1.0,0.0,1.0,1.0,1.0,1.0,GBA
SLC36A3_Lys167Glu,2025_06_Batch_18-19,0.5127158231258694,0.7476559017605232,0.7385544946472349,0.6898978133565001,0.4626177070626323,0.7259220347347803,0.7739563160750049,0.8370027961728997,0.7240643293913589,0.7061140195713362,0.6193189289303249,0.760806108917764,0.7877786454100673,0.7069810713739295,0.5843658633169843,0.0,0.0,0.0,0.0,0.0,0.0,0.0,0.0,0.0,0.0,SLC36A3
GBA_ASP419ASN,2025_06_Batch_18-19,0.8975478486495603,0.8393354820606063,0.8697202512093221,0.9116653008795861,0.7976047671222426,0.9557856782383585,0.9221724338339856,0.9506155789708,0.9842667409282055,0.6994573226387346,0.9266667634439594,0.8807539579472959,0.910167915090061,0.9479660209038958,0.7485310448804886,0.0,0.0,0.0,0.0,0.0,0.0,0.0,0.0,0.0,0.0,GBA
PDIA2_His130Tyr,2025_06_Batch_18-19,0.9873807597036341,0.9850015880120614,,0.9550089575341928,0.9594874514608756,0.9783991789862189,0.9080148613203429,,0.9679209989626586,0.8860912160947169,0.9828899693449265,0.9465082246662022,,0.9614649782484257,0.9227893337777962,1.0,0.0,,0.0,1.0,1.0,0.0,,0.0,0.0,PDIA2
GBA_ARG170LEU,2025_06_Batch_18-19,0.5327466542620927,0.5467137832621196,0.723353338784844,0.5129087336436372,0.5341695243653761,0.6983550171576347,0.7768512929617621,0.8603199757752296,0.8552982483718252,0.5319062265932496,0.6155508357098637,0.6617825381119409,0.7918366572800368,0.6841034910077313,0.5330378754793128,0.0,0.0,0.0,0.0,0.0,0.0,0.0,0.0,0.0,0.0,GBA
PSEN1_Leu286Val,2025_06_Batch_18-19,0.7696978262131629,0.8705648293568433,0.8484597450855405,0.8715517844554974,0.6176139843173944,0.9556972596183779,0.9098285806296224,0.8703154215756432,0.9217127991396853,0.6549381119623046,0.8626975429157704,0.8901967049932329,0.8593875833305918,0.8966322917975913,0.6362760481398495,0.0,0.0,0.0,0.0,0.0,0.0,0.0,0.0,0.0,0.0,PSEN1
PSEN1_Glu280Gly,2025_06_Batch_18-19,0.8865858569242011,0.9092704919202111,0.8811758048466789,0.9293269668886251,0.6823213988676862,0.9960120468391171,0.9769322503535165,0.9585424301590144,0.9869935950154487,0.716711814581555,0.9412989518816591,0.9431013711368639,0.9198591175028467,0.9581602809520369,0.6995166067246206,0.0,0.0,0.0,0.0,0.0,0.0,0.0,0.0,0.0,0.0,PSEN1
MAP2K3_Ala91Val,2025_06_Batch_18-19,0.6409989446840711,0.8254535807539807,0.9164410436519339,0.9169355928156236,0.6681078629698481,0.8643426075074057,0.9111149200848117,0.962725832206196,0.9751544370974681,0.7913477103822395,0.7526707760957384,0.8682842504193962,0.939583437929065,0.9460450149565458,0.7297277866760439,0.0,0.0,0.0,0.0,0.0,0.0,0.0,0.0,0.0,0.0,MAP2K3
GBA_Leu410Val,2025_06_Batch_18-19,0.5755872379492002,0.7113928163402283,0.8527653341350337,0.7425446859515757,0.5146466755250939,0.6152798964516484,0.8927536041164651,0.9647819105857913,0.872647574032968,0.5596958162015837,0.5954335672004243,0.8020732102283468,0.9087736223604126,0.8075961299922718,0.5371712458633389,0.0,0.0,0.0,0.0,0.0,0.0,0.0,0.0,0.0,0.0,GBA
GBA_Asp482Asn,2025_06_Batch_18-19,0.9887195486083178,0.9927096235062878,0.9855528524173669,0.9746438680336686,0.9732964795002277,0.9338060890395964,0.9808492041647946,0.9959953940494796,0.9770371867428038,0.9747979958293669,0.9612628188239571,0.9867794138355412,0.9907741232334233,0.9758405273882362,0.9740472376647973,1.0,1.0,1.0,1.0,1.0,0.0,0.0,0.0,0.0,1.0,GBA
GBA_ALA348VAL,2025_06_Batch_18-19,0.47999457404265355,0.690646376523188,0.801695162071795,0.7251237229580044,0.48629693980004357,0.8718875254365338,0.9363196295888376,0.9666841511431632,0.927599647075701,0.6999397383224638,0.6759410497395937,0.8134830030560128,0.8841896566074792,0.8263616850168527,0.5931183390612537,0.0,0.0,0.0,0.0,0.0,0.0,0.0,0.0,0.0,0.0,GBA
GBA_Asn409Ser,2025_06_Batch_18-19,0.8208191639684528,0.8457492716679456,0.865097110673029,0.8969172114468417,0.6712971560514638,0.8893439068434961,0.8824388592011607,0.867164093781684,0.9379556098527007,0.6211802714134205,0.8550815354059744,0.8640940654345531,0.8661306022273565,0.9174364106497712,0.6462387137324421,0.0,0.0,0.0,0.0,0.0,0.0,0.0,0.0,0.0,0.0,GBA
GBA_LYS194TER,2025_06_Batch_18-19,0.9182404021198745,0.9830480270260156,0.994745631128007,0.9932769080981515,0.9578579642969428,0.7694447000316236,0.9905458241739722,0.9993129716627077,0.9938969556459853,0.9950391212231113,0.843842551075749,0.9867969255999939,0.9970293013953573,0.9935869318720685,0.9764485427600271,0.0,1.0,1.0,1.0,1.0,0.0,1.0,1.0,1.0,1.0,GBA
SLC36A3_Met268Thr,2025_06_Batch_18-19,0.45029450898721124,0.7054805774603206,0.7651956569107273,0.7575251913460479,0.4135142617775695,0.5914559120984305,0.7632786553539165,0.8489261995557582,0.8069927400787377,0.5578876862278568,0.5208752105428209,0.7343796164071186,0.8070609282332428,0.7822589657123928,0.48570097400271317,0.0,0.0,0.0,0.0,0.0,0.0,0.0,0.0,0.0,0.0,SLC36A3
GBA_Ala495Pro,2025_06_Batch_18-19,0.4834358076579741,0.6794126114529941,0.8012466796853475,0.6751594185225801,0.4766504003970567,0.597363627402044,0.8765748457364497,0.9563447486777972,0.8560527743970423,0.5144069262089226,0.540399717530009,0.7779937285947219,0.8787957141815723,0.7656060964598113,0.4955286633029896,0.0,0.0,0.0,0.0,0.0,0.0,0.0,0.0,0.0,0.0,GBA
GBA_ARG301HIS,2025_06_Batch_18-19,0.5063027603866457,0.6021795881330461,0.632444361036461,0.6979471152357648,0.4827807489304773,0.5268999501585534,0.6663553842069179,0.7395417207255148,0.6131664628608602,0.38154976717685485,0.5166013552725995,0.634267486169982,0.6859930408809879,0.6555567890483125,0.43216525805366607,0.0,0.0,0.0,0.0,0.0,0.0,0.0,0.0,0.0,0.0,GBA
GBA_LYS385ARG,2025_06_Batch_18-19,0.6637177804433759,0.76198351743609,0.6059815744835899,0.6821568496555581,0.6463473114634892,0.5682418797699913,0.673419403716875,0.7328108113272431,0.6868823492808269,0.5872924443326331,0.6159798301066837,0.7177014605764825,0.6693961929054165,0.6845195994681925,0.6168198778980611,0.0,0.0,0.0,0.0,0.0,0.0,0.0,0.0,0.0,0.0,GBA
GBA_Phe255Val,2025_06_Batch_18-19,0.4897327184622437,0.709179744868614,0.6690099136493,0.7333078331605413,0.4802426274841862,0.6383309600352803,0.7470176241031127,0.8151193279130642,0.7639295820994753,0.57415057144472,0.564031839248762,0.7280986844858633,0.7420646207811821,0.7486187076300083,0.5271965994644532,0.0,0.0,0.0,0.0,0.0,0.0,0.0,0.0,0.0,0.0,GBA
MAP2K2_Lys61Asn,2025_06_Batch_18-19,0.9313361096552073,0.8627801271578164,0.8939341365826765,0.964994472778972,0.7665541335960733,0.7633734392552858,0.8964836102349962,0.7982151845745187,0.8593915655646491,0.50047727672549,0.8473547744552465,0.8796318686964063,0.8460746605785976,0.9121930191718106,0.6335157051607816,0.0,0.0,0.0,0.0,0.0,0.0,0.0,0.0,0.0,0.0,MAP2K2
GBA_Asn227Lys,2025_06_Batch_18-19,0.5306249480434119,0.8323463122990662,0.8095139229113484,0.8207732896918407,0.450903413181038,0.8438342545665964,0.8735329026553528,0.8589244299578438,0.8962632273753578,0.6705491873234612,0.6872296013050041,0.8529396074772095,0.8342191764345961,0.8585182585335993,0.5607263002522496,0.0,0.0,0.0,0.0,0.0,0.0,0.0,0.0,0.0,0.0,GBA
MAP2K3_Ala84Thr,2025_06_Batch_18-19,0.7467310467985758,0.8203253636078764,0.7283266787921618,0.7536064191088043,0.6236578451117261,0.4803228001098531,0.7480112575819645,0.7376776508976771,0.6696804793309774,0.4508928894714296,0.6135269234542144,0.7841683105949204,0.7330021648449194,0.7116434492198909,0.5372753672915778,0.0,0.0,0.0,0.0,0.0,0.0,0.0,0.0,0.0,0.0,MAP2K3
MAP2K2_Arg112Leu,2025_06_Batch_18-19,0.8933200964620012,0.922072100061545,0.9224219835528698,0.9423612747645556,0.7899029035857819,,,,,,,,,,,0.0,0.0,0.0,0.0,0.0,0.0,0.0,0.0,0.0,0.0,MAP2K2
GBA_Pro305Ala,2025_06_Batch_18-19,0.42966443244599395,0.6805529642742609,0.8251023870617593,0.6265258432305082,0.42866443397678744,0.7091019208016518,0.8684533350654458,0.9688294044285156,0.8641825671816904,0.7168295170915178,0.5693831766238229,0.7745031496698533,0.8969658957451374,0.7453542052060993,0.5727469755341525,0.0,0.0,0.0,0.0,0.0,0.0,0.0,0.0,0.0,0.0,GBA
GBA_CYS11SER,2025_06_Batch_18-19,0.975400631224199,0.9454193501380826,0.8729080757177959,0.9221216365724998,0.9329970957794549,0.9865939389210957,0.9749829271149725,0.9865833017702641,0.9921864352753627,0.9058813792165814,0.9809972850726474,0.9602011386265276,0.9297456887440301,0.9571540359239312,0.9194392374980181,1.0,1.0,0.0,0.0,1.0,1.0,0.0,0.0,0.0,0.0,GBA
GBA_Trp351Cys,2025_06_Batch_18-19,0.9976731658126019,0.9986672135734094,0.9984858795049911,0.991784052583427,0.9952820660758013,0.9990880398545314,0.9992166024801636,0.9997120037432499,0.9992610944553949,0.9993003662814686,0.9983806028335667,0.9989419080267865,0.9990989416241205,0.9955225735194109,0.9972912161786349,1.0,1.0,1.0,1.0,1.0,1.0,1.0,1.0,1.0,1.0,GBA
GBA_HIS529ARG,2025_06_Batch_18-19,0.6499522121038044,0.7318071217701567,0.8563670816545569,0.7805084899385717,0.675012997018829,0.7711951523821086,0.9340327627422592,0.975475661657686,0.9121880136660196,0.7342566434577267,0.7105736822429565,0.8329199422562079,0.9159213716561214,0.8463482518022957,0.7046348202382778,0.0,0.0,0.0,0.0,0.0,0.0,0.0,0.0,0.0,0.0,GBA
GBA_ARG17GLY,2025_06_Batch_18-19,0.5062220120113949,0.6708243890306038,0.6345900419660018,0.6931338612551018,0.508042400582229,0.6571668033508623,0.807843209525988,0.7078844675253925,0.6314963913681116,0.6005756969438443,0.5816944076811286,0.7393337992782959,0.6712372547456971,0.6623151263116067,0.5543090487630367,0.0,0.0,0.0,0.0,0.0,0.0,0.0,0.0,0.0,0.0,GBA
GBA_VAL497LEU,2025_06_Batch_18-19,0.6901433185659498,0.7744114031186389,0.8807369853221247,0.8326594600988935,0.6694700905241108,,,,,,,,,,,0.0,0.0,0.0,0.0,0.0,0.0,0.0,0.0,0.0,0.0,GBA
GBA_Trp330Gly,2025_06_Batch_18-19,0.9732678542114638,0.9833779817984228,0.9586317566906061,0.9550817452706064,0.9091769238267082,0.9656307988631373,0.979461251248286,0.9765338600426856,0.9457459013024836,0.9637607053070735,0.9694493265373005,0.9814196165233544,0.9675828083666458,0.950413823286545,0.9364688145668909,1.0,1.0,1.0,0.0,1.0,0.0,0.0,0.0,0.0,1.0,GBA
GBA_Asp176Asn,2025_06_Batch_18-19,0.8807305549510521,0.8347913532702212,0.8527783581326407,0.8817418461296123,0.7301327610759246,0.7587921724360439,0.8040490997361552,0.8706461019071124,0.8456680177421261,0.6910575849836544,0.819761363693548,0.8194202265031882,0.8617122300198765,0.8637049319358692,0.7105951730297895,0.0,0.0,0.0,0.0,0.0,0.0,0.0,0.0,0.0,0.0,GBA
GBA_Ser146Leu,2025_06_Batch_18-19,0.6298455805615844,0.7978841770567217,0.9088397675693354,0.8778627931823422,0.5314168423123029,0.9476137244369693,0.9600473957004276,0.9790419028820312,0.9652292752445826,0.8217079597875006,0.7887296524992768,0.8789657863785747,0.9439408352256833,0.9215460342134624,0.6765624010499017,0.0,0.0,0.0,0.0,0.0,0.0,0.0,0.0,0.0,0.0,GBA
CCM2_Ser413Leu,2025_06_Batch_18-19,0.9880896116553035,0.9713614381404415,0.9655323641375159,0.9764508040051366,0.9185421098826644,0.9469634274423938,0.9700188924439417,0.9663450468568103,0.9681049674359458,0.8497478823588585,0.9675265195488487,0.9706901652921915,0.9659387054971631,0.9722778857205412,0.8841449961207615,1.0,1.0,0.0,1.0,1.0,0.0,0.0,0.0,0.0,0.0,CCM2
PTPRR_Tyr249His,2025_06_Batch_18-19,0.7658764829147621,0.8131622485875069,0.9400632366106209,0.7776228392320457,0.8182911215215817,0.9901733063906948,0.954603601047083,0.9880880529721061,0.9873223507831218,0.9587621453534392,0.8780248946527285,0.8838829248172949,0.9640756447913634,0.8824725950075838,0.8885266334375104,0.0,0.0,0.0,0.0,1.0,0.0,0.0,0.0,0.0,0.0,PTPRR
GBA_His350Arg,2025_06_Batch_18-19,0.6177741432166616,0.8988094756952845,0.8389304172960804,0.7377285478340099,0.46104410324255896,0.9489315281275761,0.9726015486500412,0.980477259943363,0.9291464715762092,0.8665207570895272,0.7833528356721189,0.9357055121726628,0.9097038386197217,0.8334375097051095,0.6637824301660431,0.0,0.0,0.0,0.0,0.0,0.0,0.0,0.0,0.0,0.0,GBA
GBA_Trp432Arg,2025_06_Batch_18-19,0.9407542196321881,0.9029571290509208,0.9188945504356852,0.8934627672488418,0.9377650131400332,0.9156719044982862,0.9985924253113005,0.9998608027044047,0.9986052308342945,0.999541440554196,0.9282130620652371,0.9507747771811107,0.959377676570045,0.9460339990415682,0.9686532268471146,0.0,0.0,0.0,0.0,1.0,0.0,0.0,0.0,0.0,1.0,GBA
GBA_SER5ASN,2025_06_Batch_18-19,0.990709747107333,0.9951620319927091,0.965156292509472,0.9474497701200776,0.9286453083819142,0.9901213535443827,0.994356417100786,0.9887230040270795,0.9678427290321915,0.9797783559268918,0.9904155503258578,0.9947592245467476,0.9769396482682757,0.9576462495761345,0.954211832154403,1.0,1.0,1.0,0.0,1.0,1.0,1.0,0.0,0.0,1.0,GBA
GBA_Glu427Lys,2025_06_Batch_18-19,0.8909410032669324,0.8049659733701275,0.8364234706118898,0.8585720113925738,0.8551016175162288,,,,,,,,,,,0.0,0.0,0.0,0.0,,0.0,0.0,0.0,0.0,0.0,GBA
PSEN1_Gly206Ala,2025_06_Batch_18-19,0.8412092132647067,0.94807867416549,0.987715897626813,0.9657522846850808,0.950131552612596,0.978995903243526,0.9633188511539399,0.9905603560683077,0.9818261211602547,0.9348201198112812,0.9101025582541163,0.9556987626597149,0.9891381268475603,0.9737892029226678,0.9424758362119385,0.0,1.0,1.0,0.0,1.0,0.0,0.0,0.0,0.0,0.0,PSEN1
PSEN1_Gly206Val,2025_06_Batch_18-19,0.8306772886681149,0.9883942596931011,,0.981806511476352,0.9911247114798593,0.9462895019237101,0.9851136375092551,0.9991611870537047,0.9934537937534701,0.9892631647971436,0.8884833952959125,0.986753948601178,,0.987630152614911,0.9901939381385014,0.0,1.0,,1.0,1.0,0.0,1.0,,0.0,1.0,PSEN1
PDE4C_Leu409Arg,2025_06_Batch_18-19,0.9743108689117267,0.919379229430176,0.8946826698832937,0.9121137973488734,0.8575948077157536,0.9971128965083689,0.9767418421981874,0.9589210778706065,0.9848951353941082,0.8708649643033884,0.9857118827100477,0.9480605358141817,0.9268018738769501,0.9485044663714908,0.864229886009571,1.0,0.0,0.0,0.0,1.0,1.0,0.0,0.0,0.0,0.0,PDE4C
PSEN1_Ile143Thr,2025_06_Batch_18-19,,,,,,0.959011880577529,0.9148071624525607,0.8936262958833469,0.9560584890407331,0.6819907462674221,,,,,,,0.0,0.0,,0.0,0.0,0.0,0.0,0.0,0.0,PSEN1
GBA_Asp448His,2025_06_Batch_18-19,0.9634577089809553,0.9831349400724239,0.9849809867341791,0.9635021925517072,0.943397620351599,0.9712013488223652,0.9849906254532301,0.9958678118531867,0.9907551987545912,0.9708499476385788,0.9673295289016602,0.984062782762827,0.990424399293683,0.9771286956531492,0.9571237839950889,1.0,1.0,1.0,0.0,1.0,0.0,1.0,0.0,0.0,1.0,GBA
SLC36A3_Pro123Ser,2025_06_Batch_18-19,0.5445251152397487,0.8055363240701962,0.8062389927515851,0.7755971694698589,0.4612607701923366,0.5825352345047934,0.7229593902043546,0.8957869522155436,0.8345380107065317,0.5213284510196075,0.563530174872271,0.7642478571372754,0.8510129724835643,0.8050675900881953,0.491294610605972,0.0,0.0,0.0,0.0,0.0,0.0,0.0,0.0,0.0,0.0,SLC36A3
PSEN1_Gly206Asp,2025_06_Batch_18-19,0.8198473623882816,0.9556702324505345,0.9793514738068566,0.9574592034176455,0.7671026526402001,0.9539676884793369,0.9636019722254556,0.9895405145836154,0.9561680354361881,0.8661769100475705,0.8869075254338092,0.9596361023379951,0.9844459941952359,0.9568136194269168,0.8166397813438853,0.0,1.0,1.0,0.0,0.0,0.0,0.0,0.0,0.0,0.0,PSEN1
GBA_Pro454Arg,2025_06_Batch_18-19,0.5360886001435762,0.639322384142369,0.7207703695566555,0.5842881959247861,0.5112607177405428,0.6978761993901004,0.8122678268685909,0.8937451886358935,0.8176539391691919,0.5612061777958615,0.6169823997668382,0.7257951055054799,0.8072577790962745,0.700971067546989,0.5362334477682021,0.0,0.0,0.0,0.0,0.0,0.0,0.0,0.0,0.0,0.0,GBA
GBA_ARG170CYS,2025_06_Batch_18-19,0.42407136393884054,0.7115025038748908,0.8146043327929688,0.6606028488369096,0.445827704557764,0.6326238687250517,0.6533779148065885,0.8119428071031046,0.7500696208074623,0.5733094199142864,0.5283476163319462,0.6824402093407396,0.8132735699480367,0.7053362348221859,0.5095685622360252,0.0,0.0,0.0,0.0,0.0,0.0,0.0,0.0,0.0,0.0,GBA
PSEN1_Gly217Arg,2025_06_Batch_18-19,0.8247862215708461,0.9664008263616444,0.9880097782280607,0.9762845100807338,0.9236538204348503,0.7043490374034427,0.945285752759879,0.994247704499834,0.9741564138266662,0.8621697493996474,0.7645676294871444,0.9558432895607617,0.9911287413639474,0.9752204619536999,0.8929117849172489,0.0,1.0,1.0,1.0,1.0,0.0,0.0,0.0,0.0,0.0,PSEN1
GBA_Lys237Glu,2025_06_Batch_18-19,0.8981956698272289,0.9128983156632827,0.9179340014116351,0.9619660009934327,0.7520951937902633,0.901515563048509,0.9048537828195318,0.9859779307676532,0.9082280171071845,0.8867125706474555,0.8998556164378689,0.9088760492414072,0.9519559660896442,0.9350970090503086,0.8194038822188594,0.0,0.0,0.0,0.0,0.0,0.0,0.0,0.0,0.0,0.0,GBA
PSEN1_Glu280Ala,2025_06_Batch_18-19,0.6052099716299845,0.6199623580551831,0.534133781901334,0.6697248762756508,0.5275019528486748,0.7136303402500954,0.7701461800292925,0.7017523545143374,0.7315747852526016,0.5470337208569317,0.6594201559400399,0.6950542690422378,0.6179430682078357,0.7006498307641262,0.5372678368528032,0.0,0.0,0.0,0.0,0.0,0.0,0.0,0.0,0.0,0.0,PSEN1
GBA_ARG8THR,2025_06_Batch_18-19,0.5569521354450937,0.6974557775715893,0.7067126985638688,0.751770983079882,0.5127132314430578,0.6684971526747143,0.6942127064311324,0.8626090487448477,0.8551007666632789,0.5701900418707747,0.612724644059904,0.6958342420013608,0.7846608736543582,0.8034358748715804,0.5414516366569162,0.0,0.0,0.0,0.0,0.0,0.0,0.0,0.0,0.0,0.0,GBA
GBA_THR173ASN,2025_06_Batch_18-19,0.791083068606958,0.7945924742177122,0.8455608851281,0.8293291576955993,0.7351702867319094,0.9656772809271031,0.9299107721871891,0.9563102520750455,0.9806239982960201,0.7728929791938235,0.8783801747670306,0.8622516232024506,0.9009355686015728,0.9049765779958097,0.7540316329628665,0.0,0.0,0.0,0.0,0.0,0.0,0.0,0.0,0.0,0.0,GBA
GBA_SER235PRO,2025_06_Batch_18-19,0.7600320157245617,0.7375858132858789,0.7285279248719008,0.6995529268206648,0.699147215548525,0.6043767803752023,0.8215580273919287,0.7172155648957897,0.7476725201696991,0.46017629904213286,0.682204398049882,0.7795719203389038,0.7228717448838453,0.7236127234951819,0.5796617572953289,0.0,0.0,0.0,0.0,0.0,0.0,0.0,0.0,0.0,0.0,GBA
GBA_Thr408Met,2025_06_Batch_18-19,0.9696973530318735,0.9936003488699963,0.9838958067904333,0.9666406064358968,0.9614704183697425,0.973189314755013,0.9863596783028248,0.9913797819322857,0.9663539715494803,0.9577133992640068,0.9714433338934433,0.9899800135864105,0.9876377943613595,0.9664972889926886,0.9595919088168746,1.0,1.0,1.0,1.0,1.0,1.0,1.0,0.0,0.0,1.0,GBA
GBA_Arg78His,2025_06_Batch_18-19,0.749379510294974,0.7350103737370677,0.7664311827633573,0.7363810517134071,0.7102834884114534,0.5996337418835744,0.72074166903993,0.8663152327078166,0.7684429813728104,0.6109433488664281,0.6745066260892743,0.7278760213884988,0.816373207735587,0.7524120165431087,0.6606134186389407,0.0,0.0,0.0,0.0,0.0,0.0,0.0,0.0,0.0,0.0,GBA
GBA_ARG502CYS,2025_06_Batch_18-19,0.6472172303847759,0.6702546256743138,0.7519922835207556,0.6871775037711907,0.6458329901729183,0.7900351035322077,0.8814523386967417,0.8977746164379703,0.8686436065855716,0.5526360804931809,0.7186261669584918,0.7758534821855277,0.8248834499793629,0.7779105551783811,0.5992345353330496,0.0,0.0,0.0,0.0,0.0,0.0,0.0,0.0,0.0,0.0,GBA
CCM2_Thr406Met,2025_06_Batch_18-19,0.9373726177170358,0.9515601584281977,0.9643375413868509,0.9587287824585252,0.8329941829261855,0.7937328036594025,0.8723495762221836,0.8891972416583658,0.8745234087433417,0.6862481015970496,0.8655527106882192,0.9119548673251907,0.9267673915226083,0.9166260956009334,0.7596211422616176,0.0,0.0,0.0,0.0,0.0,0.0,0.0,0.0,0.0,0.0,CCM2
GBA_Ile407Thr,2025_06_Batch_18-19,0.5740224767397792,0.5856974939180446,0.7582653493528578,0.5914572193662131,0.5253788455395594,0.8447800541802801,0.9033378780612817,0.9573296896347041,0.9186981727893337,0.6799196676422455,0.7094012654600297,0.7445176859896632,0.857797519493781,0.7550776960777734,0.6026492565909025,0.0,0.0,0.0,0.0,0.0,0.0,0.0,0.0,0.0,0.0,GBA
KCTD7_Arg112His,2025_06_Batch_18-19,0.645685490152967,0.9258587131236897,0.967295869862505,0.9210469450126124,0.9238473895030914,,,,,,,,,,,0.0,0.0,,0.0,,0.0,0.0,0.0,0.0,,KCTD7
PSEN1_Ala79Val,2025_06_Batch_18-19,0.6410196224537442,0.978806441005379,0.9986387091813816,0.9787331314733955,0.9697256455220058,0.7789043667879648,0.9835614306617073,0.9996027445424925,0.9914761757722867,0.9974839785370305,0.7099619946208545,0.9811839358335431,0.9991207268619371,0.9851046536228412,0.9836048120295182,0.0,1.0,1.0,1.0,1.0,0.0,1.0,1.0,0.0,1.0,PSEN1
PSEN1_Gly378Glu,2025_06_Batch_18-19,0.5698180330308623,0.8237473284968684,0.896897552692638,0.6913927665352128,0.5738101782264482,0.8011202066913415,0.8870576167522022,0.9757061495248569,0.8604232239569207,0.7190287386105774,0.6854691198611019,0.8554024726245353,0.9363018511087475,0.7759079952460668,0.6464194584185128,0.0,0.0,0.0,0.0,0.0,0.0,0.0,0.0,0.0,0.0,PSEN1
PDIA2_Pro382Ala,2025_06_Batch_18-19,0.9878185589420059,0.98567374375067,,0.9335557501911232,0.9491058346169662,0.9871894114706024,0.9553233890808934,,0.9767213226239626,0.928849197242906,0.9875039852063041,0.9704985664157817,,0.9551385364075429,0.9389775159299361,1.0,1.0,,0.0,1.0,1.0,0.0,,0.0,0.0,PDIA2
GBA_ARG209HIS,2025_06_Batch_18-19,0.9242741658135443,0.9556736948182709,0.8421198174870745,0.8925969332929876,0.7127075002718346,0.5600776175027222,0.8413282105613077,0.9069095509243748,0.7996089898277738,0.5881485768653978,0.7421758916581332,0.8985009526897894,0.8745146842057246,0.8461029615603808,0.6504280385686162,0.0,0.0,0.0,0.0,0.0,0.0,0.0,0.0,0.0,0.0,GBA
PDIA2_Pro39Ser,2025_06_Batch_18-19,0.9926246057172432,0.9901454277791254,,0.9474942835347857,0.9500448344805628,0.9911646070623413,0.9619724357090976,,0.9725766291556552,0.9103184647843838,0.9918946063897922,0.9760589317441115,,0.9600354563452205,0.9301816496324733,1.0,1.0,,0.0,1.0,1.0,0.0,,0.0,0.0,PDIA2
GBA_Asp438Asn,2025_06_Batch_18-19,0.7518100833002307,0.7478403010670645,0.7941457628129303,0.7168178517290553,0.6149470007705684,0.7524676627502868,0.8425819023776449,0.8937673240718933,0.8475666516338194,0.6241575051223281,0.7521388730252587,0.7952111017223547,0.8439565434424118,0.7821922516814374,0.6195522529464483,0.0,0.0,0.0,0.0,0.0,0.0,0.0,0.0,0.0,0.0,GBA
GBA_Asn98Thr,2025_06_Batch_18-19,0.7282131164876438,0.8389643776881748,0.8915390756561714,0.6995963606426578,0.6528658941154903,0.5990544871518101,0.7507106502871774,0.7156352563173294,0.7370815806618777,0.5368367101654092,0.663633801819727,0.7948375139876761,0.8035871659867504,0.7183389706522678,0.5948513021404498,0.0,0.0,0.0,0.0,0.0,0.0,0.0,0.0,0.0,0.0,GBA
SEC23A_Glu572Ala,2025_06_Batch_18-19,0.8719458263256574,0.9048310112480455,0.9507539246450495,0.9475321665745634,0.7084848745545824,0.9667214544305429,0.9196148560106959,0.9667809178964673,0.9833676485777507,0.8235757457346968,0.9193336403781002,0.9122229336293708,0.9587674212707584,0.9654499075761571,0.7660303101446396,0.0,0.0,0.0,0.0,0.0,0.0,0.0,0.0,0.0,0.0,SEC23A
GBA_GLN32HIS,2025_06_Batch_18-19,0.92130674008877,0.5913212382737514,0.6801626070075502,0.6748835644327261,0.8472086790357056,0.8622412563092253,0.8826598971437458,0.9001378722435429,0.8520811854260195,0.8153504942184078,0.8917739981989976,0.7369905677087486,0.7901502396255465,0.7634823749293729,0.8312795866270567,0.0,0.0,0.0,0.0,0.0,0.0,0.0,0.0,0.0,0.0,GBA
MAP2K2_Gly263Arg,2025_06_Batch_18-19,0.5962592311169649,0.6943226820906101,0.7942195306018767,0.7786782841697596,0.552680502915978,0.5071306885442435,0.5813523873404659,0.7164005605599223,0.7072779030027272,0.4928947027545998,0.5516949598306042,0.6378375347155381,0.7553100455808994,0.7429780935862433,0.5227876028352889,0.0,0.0,0.0,0.0,0.0,0.0,0.0,0.0,0.0,0.0,MAP2K2
GBA_Gln182His,2025_06_Batch_18-19,0.928604825381245,0.8979425217989441,0.8884458544591661,0.8255171311356894,0.8857663050067663,0.9558686359901394,0.9742900163193757,0.9695115079803914,0.9051209775366029,0.9458797553729996,0.9422367306856922,0.9361162690591599,0.9289786812197788,0.8653190543361462,0.915823030189883,1.0,0.0,0.0,0.0,1.0,0.0,0.0,0.0,0.0,1.0,GBA
GBA_Asp322Glu,2025_06_Batch_18-19,0.9511616330262931,0.9240039655144501,0.9485598875095633,0.9483550371210363,0.8271405418783644,0.9362093473062963,0.9500424684406298,0.972475107370619,0.9453519257409033,0.7854694109249096,0.9436854901662948,0.9370232169775399,0.9605174974400912,0.9468534814309698,0.806304976401637,1.0,0.0,0.0,0.0,0.0,0.0,0.0,0.0,0.0,0.0,GBA
GBA_Ser35Pro,2025_06_Batch_18-19,0.8644521677827018,0.8000530931833283,0.7211080234179145,0.8951730777396214,0.7381164387450767,0.8985610520432465,0.910632056284946,0.9314855294561686,0.9357428197022335,0.6520630740604852,0.8815066099129742,0.8553425747341372,0.8262967764370415,0.9154579487209275,0.6950897564027809,0.0,0.0,0.0,0.0,0.0,0.0,0.0,0.0,0.0,0.0,GBA
GBA_Ile20Val,2025_06_Batch_18-19,0.6637959407030481,0.736647748112792,0.7424348909919773,0.6314864412984116,0.636123539730332,0.7401799142569674,0.7839304901643668,0.7745309618774273,0.7207856372101137,0.6170339533007538,0.7019879274800078,0.7602891191385794,0.7584829264347024,0.6761360392542626,0.6265787465155429,0.0,0.0,0.0,0.0,0.0,0.0,0.0,0.0,0.0,0.0,GBA
GBA_Thr306Ile,2025_06_Batch_18-19,0.9795714430680194,0.9831275848025324,0.9711246819179169,0.94984476518189,0.9602622758930344,0.953256901231613,0.9588924830165174,0.9871214993319043,0.9542890869017449,0.9460904138208954,0.9664141721498162,0.9710100339095249,0.9791230906249107,0.9520669260418174,0.9531763448569649,1.0,1.0,1.0,0.0,1.0,0.0,0.0,0.0,0.0,1.0,GBA
PTPRR_Val387Met,2025_06_Batch_18-19,,,,,,0.9867299212451976,0.9875941371484833,0.9939513655100156,0.9823514268509679,0.9311356396864888,,,,,,,,,,,,,,,0.0,PTPRR
GBA_ARG159TRP,2025_06_Batch_18-19,0.6343421551563618,0.7533788031165446,0.8599484693835628,0.7368198681114619,0.6474267434239308,0.45638820769526,0.6480049440467562,0.771457563418761,0.7207664806286824,0.3387890503841818,0.5453651814258109,0.7006918735816504,0.8157030164011619,0.7287931743700722,0.4931078969040563,0.0,0.0,0.0,0.0,0.0,0.0,0.0,0.0,0.0,0.0,GBA
GBA_LYS480ASN,2025_06_Batch_18-19,0.7297561923851159,0.854182935374659,0.9010026783743301,0.9136001203835713,0.5006465310204538,0.7808528437550357,0.8983382405580467,0.9501816941556628,0.8925913711771436,0.5690779844474776,0.7553045180700758,0.8762605879663528,0.9255921862649965,0.9030957457803575,0.5348622577339657,0.0,0.0,0.0,0.0,0.0,0.0,0.0,0.0,0.0,0.0,GBA
GBA_Arg296Gln,2025_06_Batch_18-19,0.5506586873027753,0.6755884087736297,0.724192414575196,0.5724898943247185,0.5435974289256434,0.6473329948724955,0.6740629217910165,0.849416159216521,0.7090310714639156,0.4567788549372999,0.5989958410876355,0.674825665282323,0.7868042868958585,0.6407604828943171,0.5001881419314717,0.0,0.0,0.0,0.0,0.0,0.0,0.0,0.0,0.0,0.0,GBA
PSEN1_Ala246Glu,2025_06_Batch_18-19,0.4715033516658323,0.701092247685005,0.7794924853946597,0.742045823642185,0.4978048955468991,0.6659304988734426,0.8135526282139673,0.9318905807021588,0.8402211311162028,0.631059801987022,0.5687169252696375,0.7573224379494862,0.8556915330484092,0.7911334773791938,0.5644323487669606,0.0,0.0,0.0,0.0,0.0,0.0,0.0,0.0,0.0,0.0,PSEN1
GBA_Ser384Phe,2025_06_Batch_18-19,0.6883194683904161,0.8077179259545695,0.8861933839440266,0.7231959122150787,0.6046118671006718,0.8333700985688423,0.9020432152814325,0.8320220795164832,0.84942867468877,0.6016811578892911,0.7608447834796292,0.8548805706180009,0.8591077317302549,0.7863122934519244,0.6031465124949815,0.0,0.0,0.0,0.0,0.0,0.0,0.0,0.0,0.0,0.0,GBA
GBA_Ile299Thr,2025_06_Batch_18-19,0.4329264952925125,0.5394013263756995,0.682455733165233,0.46293177692039716,0.438448068141838,0.8379574403910428,0.9423869212523979,0.9707568042007707,0.9386229613627128,0.6544386957050686,0.6354419678417776,0.7408941238140487,0.8266062686830018,0.700777369141555,0.5464433819234533,0.0,0.0,0.0,0.0,0.0,0.0,0.0,0.0,0.0,0.0,GBA
GBA_Lys118Asn,2025_06_Batch_18-19,0.5837440878669481,0.7230349202060442,0.7655453474801663,0.7634769368126602,0.510364736258466,0.8418211184858119,0.901753442713335,0.9597826882128937,0.9276354308303437,0.6467994982542378,0.71278260317638,0.8123941814596896,0.86266401784653,0.845556183821502,0.5785821172563519,0.0,0.0,0.0,0.0,0.0,0.0,0.0,0.0,0.0,0.0,GBA
PARK7_Arg98Gln,2025_06_Batch_18-19,0.6710665780749411,0.7347348653949191,0.8014703537558627,0.7944101116732872,0.6305842602307848,,,,,,,,,,,0.0,0.0,0.0,0.0,0.0,0.0,0.0,0.0,0.0,0.0,PARK7
GBA_VAL334ILE,2025_06_Batch_18-19,0.8921245447874494,0.8115837873367018,0.8266697168701482,0.8398440307316178,0.8529797272302346,,,,,,,,,,,0.0,0.0,0.0,0.0,,0.0,0.0,0.0,0.0,0.0,GBA
PSEN1_Ser170Phe,2025_06_Batch_18-19,0.7201390251511984,0.845148586725535,0.8639857879531657,0.8838335681236755,0.6021146360712648,0.4561319452385384,0.711408318060593,0.7685442714272215,0.7193238493274396,0.44594909661537074,0.5881354851948684,0.7782784523930639,0.8162650296901937,0.8015787087255576,0.5240318663433178,0.0,0.0,0.0,0.0,0.0,0.0,0.0,0.0,0.0,0.0,PSEN1
GBA_GLY234GLU,2025_06_Batch_18-19,0.7639532557506039,0.5849563423997044,0.7207234411654766,0.5997061204700436,0.6941488484228291,0.8313358423530308,0.9138905763021561,0.9367505346329764,0.8949763972279794,0.6564568078255995,0.7976445490518174,0.7494234593509302,0.8287369878992266,0.7473412588490115,0.6753028281242143,0.0,0.0,0.0,0.0,0.0,0.0,0.0,0.0,0.0,0.0,GBA
CCM2_Val53Ile,2025_06_Batch_18-19,0.9698323634341912,0.9317061897068124,0.9521782376690919,0.9735747131069543,0.8248468403283485,0.8551620873727372,0.9329409166203123,0.9807440944698972,0.9579568811271124,0.8223415255948281,0.9124972254034642,0.9323235531635623,0.9664611660694946,0.9657657971170334,0.8235941829615883,0.0,1.0,1.0,1.0,0.0,0.0,0.0,0.0,0.0,0.0,CCM2
GBA_Val414Leu,2025_06_Batch_18-19,0.9094649318340263,0.7523970307813967,0.8780636558311657,0.7871867782651298,0.8569759353922342,,,,,,,,,,,0.0,0.0,0.0,0.0,,0.0,0.0,0.0,0.0,0.0,GBA
PSEN1_Ala431Glu,2025_06_Batch_18-19,0.9068007167199503,0.9912367050800949,0.9987657038108863,0.9930667033752347,0.9917683631805136,0.4857406224068649,0.9883114786094719,,0.9927081022170067,0.9982745896280527,0.6962706695634076,0.9897740918447834,,0.9928874027961208,0.9950214764042832,0.0,1.0,,1.0,1.0,0.0,1.0,,1.0,1.0,PSEN1
GBA_GLY154ARG,2025_06_Batch_18-19,0.8679199438726037,0.6224093959385428,0.7438844230162194,0.6159031260674165,0.7846508550150363,0.8957099514592463,0.9037449984400552,0.9371943140670852,0.8518998484392855,0.8630988459300835,0.8818149476659249,0.763077197189299,0.8405393685416522,0.7339014872533509,0.8238748504725599,0.0,0.0,0.0,0.0,0.0,0.0,0.0,0.0,0.0,0.0,GBA
TREH_Thr389Ala,2025_06_Batch_18-19,0.6516718005948011,0.7162094158022925,0.7486653947669302,0.7578312302455242,0.5854174976516479,,,,,,,,,,,0.0,0.0,0.0,0.0,0.0,0.0,0.0,0.0,0.0,0.0,TREH
PDE4C_Thr330Met,2025_06_Batch_18-19,0.8261744334371002,0.872312322216786,0.8703410168277594,0.8415419034295922,0.6637432673319548,0.9688866365260188,0.9576930805859063,0.9645798655942536,0.9543866732586372,0.9082611250518777,0.8975305349815594,0.9150027014013462,0.9174604412110066,0.8979642883441148,0.7860021961919162,0.0,0.0,0.0,0.0,0.0,0.0,0.0,0.0,0.0,0.0,PDE4C
GBA_Arg296Ter,2025_06_Batch_18-19,0.8072058485733099,0.9936510928795823,0.9996984495541713,0.9933174534658665,0.9945350978669381,0.6407861127351278,0.9973430705533306,0.9999254416348715,0.9970594876259409,0.99842197129425,0.7239959806542189,0.9954970817164565,0.9998119455945214,0.9951884705459038,0.996478534580594,0.0,1.0,1.0,1.0,1.0,0.0,1.0,1.0,1.0,1.0,GBA
PSEN1_Pro88Leu,2025_06_Batch_18-19,,,,,,0.9765392400453439,0.9605893221030062,0.9520264047249262,0.9692118385348794,0.6912620418142019,,,,,,,,0.0,,0.0,,0.0,0.0,0.0,0.0,PSEN1
GBA_Asn314Ser,2025_06_Batch_18-19,0.6744505628703196,0.6856234329564862,0.6755483425968195,0.7836102630949302,0.5593951818349433,0.5895146946841274,0.8245463117791075,0.7051391960336251,0.7959134975130477,0.553340006706751,0.6319826287772234,0.7550848723677969,0.6903437693152223,0.789761880303989,0.5563675942708471,0.0,0.0,0.0,0.0,0.0,0.0,0.0,0.0,0.0,0.0,GBA
GBA_Glu365Lys,2025_06_Batch_18-19,0.9436645998666627,0.8946221151184631,0.9365223216042411,0.95700843083127,0.9059090088458823,0.9802527321091786,0.9815967871115572,0.9939180938529328,0.992315623556991,0.9226058461096287,0.9619586659879207,0.9381094511150101,0.965220207728587,0.9746620271941304,0.9142574274777555,1.0,0.0,0.0,0.0,1.0,0.0,0.0,0.0,0.0,0.0,GBA
GBA_Trp223Cys,2025_06_Batch_18-19,0.8890568957654925,0.7257432414531237,0.7921199192378852,0.8116485635749405,0.7763522225369177,0.9793921605829249,0.8989294283631465,0.9216622773752136,0.9851426369992349,0.8766366576789963,0.9342245281742088,0.8123363349081352,0.8568910983065494,0.8983956002870876,0.826494440107957,0.0,0.0,0.0,0.0,0.0,0.0,0.0,0.0,0.0,0.0,GBA
GBA_PRO12SER,2025_06_Batch_18-19,0.4334534142657713,0.6934189667754985,0.7478600363089567,0.4603085326449865,0.40811386298193897,0.6722303381303448,0.806652794680119,0.7164077833431723,0.8025714217380223,0.5382819838415219,0.552841876198058,0.7500358807278087,0.7321339098260645,0.6314399771915045,0.47319792341173045,0.0,0.0,0.0,0.0,0.0,0.0,0.0,0.0,0.0,0.0,GBA
GBA_Ser463Thr,2025_06_Batch_18-19,0.8647492418768554,0.6921930665420812,0.7044561198235351,0.8057005418175973,0.6894731497745801,0.6831977268732277,0.7506009325450044,0.6975725772494128,0.8224642489155066,0.653873023561711,0.7739734843750415,0.7213969995435427,0.7010143485364739,0.8140823953665519,0.6716730866681455,0.0,0.0,0.0,0.0,0.0,0.0,0.0,0.0,0.0,0.0,GBA
PTPRR_Ala367Glu,2025_06_Batch_18-19,,,,,,0.9988172899016677,0.9952767178710294,0.9976444412998469,0.9967509033220062,0.9922333954123163,,,,,,,,,,,,,,,,PTPRR
GBA_Leu483Arg,2025_06_Batch_18-19,0.918499058113946,0.8771607231157602,0.8772864894896619,0.9743237032649332,0.7224774459174612,0.910764219113543,0.8852731645020637,0.9358706679897153,0.9223129819507455,0.754685240398516,0.9146316386137445,0.8812169438089119,0.9065785787396886,0.9483183426078394,0.7385813431579886,0.0,0.0,0.0,0.0,0.0,0.0,0.0,0.0,0.0,0.0,GBA
MAP2K2_Arg303Cys,2025_06_Batch_18-19,0.6906681919099162,0.7648563745001818,0.8489229414905309,0.8396597551710566,0.6934793699831786,0.7928468167568379,0.8268100338176879,0.8170144002470805,0.9049246262579587,0.7062095596648698,0.7417575043333771,0.7958332041589349,0.8329686708688058,0.8722921907145076,0.6998444648240242,0.0,0.0,0.0,0.0,0.0,0.0,0.0,0.0,0.0,0.0,MAP2K2
MAP2K3_Ile169Thr,2025_06_Batch_18-19,0.7973101726907355,0.8704892487638682,0.880566838909875,0.8805428707444543,0.673995865182232,0.9609364078794007,0.9293521076551751,0.9579551804940604,0.9762150285651603,0.8876279704486433,0.8791232902850681,0.8999206782095217,0.9192610097019677,0.9283789496548073,0.7808119178154376,0.0,0.0,0.0,0.0,0.0,0.0,0.0,0.0,0.0,0.0,MAP2K3
GBA_ARG368HIS,2025_06_Batch_18-19,0.43679157942542013,0.6141452000450063,0.6447861931769553,0.615476153943829,0.418591092720203,0.7589038430238908,0.8355827781285383,0.8994020201069746,0.8271260615413272,0.6329615069961134,0.5978477112246554,0.7248639890867723,0.7720941066419649,0.7213011077425782,0.5257762998581582,0.0,0.0,0.0,0.0,0.0,0.0,0.0,0.0,0.0,0.0,GBA
GBA_Ser281Asn,2025_06_Batch_18-19,0.6491630057333734,0.7392622813728325,0.6131874457227979,0.7636859623753038,0.5460982521571629,0.8924974520676598,0.9177106210297326,0.8588411407333272,0.9182968821940528,0.677315913068428,0.7708302289005167,0.8284864512012825,0.7360142932280626,0.8409914222846784,0.6117070826127955,0.0,0.0,0.0,0.0,0.0,0.0,0.0,0.0,0.0,0.0,GBA
SLC36A3_Gly83Glu,2025_06_Batch_18-19,0.7372534763455387,0.8476577075158729,0.8592179150009633,0.8359208674858084,0.593599025284884,,,,,,,,,,,0.0,0.0,0.0,0.0,0.0,0.0,0.0,0.0,0.0,0.0,SLC36A3
CCM2_Phe270Leu,2025_06_Batch_18-19,0.98615705422725,0.9607230319520259,0.9789969386378778,0.9741147613898632,0.8747891513006514,0.8939818792108372,0.9394334812298206,0.9773406467503754,0.9571496013951821,0.8065696922380061,0.9400694667190436,0.9500782565909233,0.9781687926941266,0.9656321813925226,0.8406794217693287,0.0,1.0,1.0,1.0,0.0,0.0,0.0,0.0,0.0,0.0,CCM2
PSEN1_Leu166Pro,2025_06_Batch_18-19,0.5440639152666715,0.7824145322902678,0.8867780370005462,0.8255383690503043,0.48927222480301624,0.5984850319870154,0.7395786575227599,0.9364928016469783,0.82847593772409,0.594299591116664,0.5712744736268435,0.7609965949065138,0.9116354193237624,0.8270071533871972,0.5417859079598402,0.0,0.0,0.0,0.0,0.0,0.0,0.0,0.0,0.0,0.0,PSEN1
GBA_Arg170Cys,2025_06_Batch_18-19,0.49807088770547425,0.6999948246845604,0.754103644845395,0.6730159234071621,0.47029255100734835,0.575261105875695,0.8165639204447819,0.9019349761795303,0.8326817577179788,0.494360029573823,0.5366659967905847,0.7582793725646712,0.8280193105124627,0.7528488405625704,0.4823262902905857,0.0,0.0,0.0,0.0,0.0,0.0,0.0,0.0,0.0,0.0,GBA
GBA_ASP321GLY,2025_06_Batch_18-19,0.7410381504406035,0.6876657919737641,0.6323687709316874,0.7539744734793944,0.5475502240581246,0.7279064747467123,0.8808810109321242,0.7665821443691502,0.7566879869040221,0.6948418821035011,0.7344723125936579,0.7842734014529442,0.6994754576504187,0.7553312301917082,0.6211960530808128,0.0,0.0,0.0,0.0,0.0,0.0,0.0,0.0,0.0,0.0,GBA
SOD1_Gly93Ala,2025_06_Batch_18-19,,,,,,0.935203203302199,0.9817767764065272,0.9957989493792678,0.995411916365767,0.9618332213136697,,,,,,,,,,,0.0,0.0,,,,SOD1
GBA_SER16GLY,2025_06_Batch_18-19,0.6776146157012224,0.7995212726372731,0.8603736024570158,0.6475174782756272,0.6357225518590366,0.551936785204972,0.7630066532568383,0.6967501678301178,0.7558038708215721,0.4306658209016374,0.6147757004530972,0.7812639629470557,0.7785618851435667,0.7016606745485996,0.533194186380337,0.0,0.0,0.0,0.0,0.0,0.0,0.0,0.0,0.0,0.0,GBA
GBA_ASN227LYS,2025_06_Batch_18-19,0.9563650122230439,0.8902450974930153,0.954803288211291,0.9808609568494774,0.7693279425703646,0.9543104036787774,0.9655513586188538,0.9714510501133528,0.9663328001692172,0.810318619505544,0.9553377079509107,0.9278982280559345,0.9631271691623219,0.9735968785093473,0.7898232810379543,1.0,0.0,0.0,1.0,0.0,0.0,0.0,0.0,0.0,0.0,GBA
CCM2_Leu212Pro,2025_06_Batch_18-19,0.9867646436137694,0.9666365872791247,0.9700582049942478,0.9805995488518364,0.9220302121147615,0.9078335227955691,0.9194664454242923,0.9299131442093577,0.924882472227406,0.8371771085393878,0.9472990832046693,0.9430515163517086,0.9499856746018027,0.9527410105396212,0.8796036603270747,0.0,0.0,0.0,0.0,1.0,0.0,0.0,0.0,0.0,0.0,CCM2
GBA_VAL391LEU,2025_06_Batch_18-19,0.979546566821261,0.959481806914465,0.9429269908565572,0.9180026618750208,0.9157326198966829,0.8729949025732608,0.9828757325086819,0.9966707557471703,0.9511340335841482,0.9190203622045623,0.926270734697261,0.9711787697115735,0.9697988733018638,0.9345683477295845,0.9173764910506226,0.0,1.0,0.0,0.0,1.0,0.0,0.0,0.0,0.0,0.0,GBA
SOD1_Lys145Thr,2025_06_Batch_18-19,0.9148840629943912,0.9881203276679826,0.9978127892622862,0.9918094779465735,0.9873422158356124,0.6069608748990515,0.9490760631939239,0.9936559517481975,0.9261007116729875,0.9098978689993398,0.7609224689467213,0.9685981954309533,0.9957343705052419,0.9589550948097805,0.9486200424174761,0.0,1.0,1.0,0.0,1.0,0.0,0.0,1.0,0.0,0.0,SOD1
GBA_Leu213Phe,2025_06_Batch_18-19,0.7956227246482226,0.7695345209907252,0.8275467367315241,0.8817884905343426,0.5971648658502466,0.9068858814703036,0.9202306183995991,0.9463290604398639,0.9353834973391005,0.6920883637332141,0.8512543030592631,0.8448825696951621,0.8869378985856939,0.9085859939367216,0.6446266147917303,0.0,0.0,0.0,0.0,0.0,0.0,0.0,0.0,0.0,0.0,GBA
GBA_LYS512TER,2025_06_Batch_18-19,0.6182248960048394,0.6249611875920127,0.7375184559643782,0.688993746608045,0.5498601234384428,0.8423457744357934,0.9123608874210378,0.9670882655596752,0.9212965919022793,0.7138846362841265,0.7302853352203165,0.7686610375065253,0.8523033607620267,0.8051451692551621,0.6318723798612846,0.0,0.0,0.0,0.0,0.0,0.0,0.0,0.0,0.0,0.0,GBA
GBA_Asp448Val,2025_06_Batch_18-19,0.8883355450217348,0.9460239040252557,0.9497659230889572,0.9166559760062691,0.8491504980383355,0.784396762521105,0.8664665686012599,0.9710805415300415,0.9193318170926827,0.7076725283537011,0.83636615377142,0.9062452363132578,0.9604232323094994,0.9179938965494759,0.7784115131960183,0.0,0.0,0.0,0.0,0.0,0.0,0.0,0.0,0.0,0.0,GBA
GBA_ILE200ASN,2025_06_Batch_18-19,0.504595810527237,0.6687201184788301,0.7464200567978618,0.6294796223924511,0.479619987084787,0.9458117365743437,0.9498873496978255,0.948687879542639,0.9638500157771073,0.5501623806975113,0.7252037735507904,0.8093037340883278,0.8475539681702504,0.7966648190847792,0.5148911838911492,0.0,0.0,0.0,0.0,0.0,0.0,0.0,0.0,0.0,0.0,GBA
RABGEF1_Glu231Lys,2025_06_Batch_18-19,0.9511821355209038,0.9851302419379433,0.9639439251591828,0.9432429071055506,0.8985418045275153,0.7269581677923624,0.8506160107314679,0.7035584903688049,0.7241493805480737,0.46872170712279565,0.8390701516566331,0.9178731263347055,0.8337512077639939,0.8336961438268121,0.6836317558251555,0.0,0.0,0.0,0.0,0.0,0.0,0.0,0.0,0.0,0.0,RABGEF1
GBA_GLY416SER,2025_06_Batch_18-19,0.9718691037682429,0.9689174543169115,0.9818379026974827,0.9636658273956453,0.9795205518452232,0.5718578098732021,0.9802567381396837,0.9979072235661215,0.9728783013569389,0.9549584694964058,0.7718634568207225,0.9745870962282976,0.9898725631318022,0.9682720643762921,0.9672395106708145,0.0,1.0,1.0,0.0,1.0,0.0,0.0,0.0,0.0,1.0,GBA
GBA_VAL54LEU,2025_06_Batch_18-19,0.5647904908859946,0.6971011908986215,0.8405708741886685,0.6712210241801245,0.5249282254340808,,,,,,,,,,,0.0,0.0,0.0,0.0,0.0,0.0,0.0,0.0,0.0,0.0,GBA
PSEN1_Met146Val,2025_06_Batch_18-19,0.9052627488121789,0.967656011958528,0.982230863619304,0.9845124751799348,0.7480207706124156,0.9736674951875618,0.967509787508517,0.9867488871171193,0.9837219129050205,0.8955477955670883,0.9394651219998704,0.9675828997335225,0.9844898753682116,0.9841171940424777,0.8217842830897519,0.0,1.0,1.0,1.0,0.0,0.0,0.0,0.0,1.0,0.0,PSEN1
GBA_Leu279Val,2025_06_Batch_18-19,0.57049338288704,0.7644032710125865,0.7861488561010308,0.6726739331870004,0.448469205160717,0.5601014707811733,0.6607199501855824,0.7651795120516276,0.7333005440853341,0.5245831432008642,0.5652974268341067,0.7125616105990844,0.7756641840763292,0.7029872386361673,0.4865261741807906,0.0,0.0,0.0,0.0,0.0,0.0,0.0,0.0,0.0,0.0,GBA
USP21_Gly321Asp,2025_06_Batch_18-19,0.4408531091904522,0.6572705395019883,0.7074670659663486,0.6660866910312573,0.39721256942588135,0.6204592012564782,0.582531921664481,0.642431607353926,0.4822751574630959,0.6612410912026682,0.5306561552234652,0.6199012305832347,0.6749493366601373,0.5741809242471766,0.5292268303142748,0.0,0.0,0.0,0.0,0.0,0.0,0.0,0.0,0.0,0.0,USP21
SLC36A3_Ala114Asp,2025_06_Batch_18-19,0.5464897353767808,0.6810289148581075,0.7518096664082554,0.7099822804487351,0.46273708094956023,0.725694381925005,0.7464855973283273,0.8094630700975768,0.8317963989143493,0.6850485638467654,0.6360920586508929,0.7137572560932174,0.780636368252916,0.7708893396815422,0.5738928223981627,0.0,0.0,0.0,0.0,0.0,0.0,0.0,0.0,0.0,0.0,SLC36A3
PSEN1_Pro88Arg,2025_06_Batch_18-19,0.9290212674690824,0.9759625608206978,0.9868260188803296,0.9584053465073532,0.8967853401309396,0.7323229347954945,0.9476496385910348,0.9960289991653747,0.9544044277133279,0.9606395811440691,0.8306721011322884,0.9618060997058663,0.9914275090228521,0.9564048871103406,0.9287124606375043,0.0,1.0,1.0,0.0,1.0,0.0,0.0,0.0,0.0,1.0,PSEN1
GBA_ARG301CYS,2025_06_Batch_18-19,0.4459503075029159,0.4958716613427153,0.628757006193948,0.48453601695201604,0.4436147642709505,0.626885629229005,0.6304195661436645,0.7699877246461544,0.7983592526216324,0.48944269671899954,0.5364179683659605,0.5631456137431898,0.6993723654200512,0.6414476347868242,0.466528730494975,0.0,0.0,0.0,0.0,0.0,0.0,0.0,0.0,0.0,0.0,GBA
GBA_Leu483Pro,2025_06_Batch_18-19,0.7119628922813879,0.7527899770811328,0.717787939582929,0.7937479945044474,0.5866324214106562,0.6870348066071241,0.8036812833915377,0.9041421004397168,0.8877512226064483,0.5042888109641532,0.699498849444256,0.7782356302363352,0.8109650200113229,0.8407496085554479,0.5454606161874047,0.0,0.0,0.0,0.0,0.0,0.0,0.0,0.0,0.0,0.0,GBA
PDE4C_Arg113Gln,2025_06_Batch_18-19,0.9942613658113961,0.9917743487455044,0.9766708891681168,0.9622136732870197,0.9608400274036151,0.9829156115726789,0.9879208282993206,0.9751905431627756,0.9678837293425636,0.9452651637681753,0.9885884886920375,0.9898475885224125,0.9759307161654462,0.9650487013147917,0.9530525955858952,1.0,1.0,1.0,0.0,1.0,1.0,1.0,0.0,0.0,1.0,PDE4C
GBA_Asp354His,2025_06_Batch_18-19,0.9420060052697203,0.9888894340164496,0.9653693098978327,0.9524879524817955,0.8267762470774029,0.9677197651155124,0.9788455700637098,0.9862231676962997,0.9555660986753874,0.932471675579504,0.9548628851926164,0.9838675020400797,0.9757962387970662,0.9540270255785914,0.8796239613284534,1.0,1.0,1.0,0.0,1.0,0.0,0.0,0.0,0.0,0.0,GBA
PSEN1_Cys410Tyr,2025_06_Batch_18-19,0.6670867751032177,0.7319898231473715,0.7755615298751641,0.7909093976946162,0.5633808806697348,0.6090019806836826,0.8371994274441412,0.9218049522401527,0.8571219640995775,0.517578660315632,0.6380443778934501,0.7845946252957563,0.8486832410576584,0.8240156808970969,0.5404797704926834,0.0,0.0,0.0,0.0,0.0,0.0,0.0,0.0,0.0,0.0,PSEN1
GBA_SER439ASN,2025_06_Batch_18-19,0.7326475739193411,0.7338326411240073,0.8447117322994575,0.8327457804016319,0.6575194725660949,0.8067044755999546,0.8777150413015784,0.9320645317427567,0.8974062243597629,0.6448062175042125,0.7696760247596479,0.8057738412127928,0.8883881320211071,0.8650760023806974,0.6511628450351536,0.0,0.0,0.0,0.0,0.0,0.0,0.0,0.0,0.0,0.0,GBA
GBA_SER19ASN,2025_06_Batch_18-19,0.8243779210959926,0.7861076386660797,0.7198672726033708,0.727735145483368,0.60839344343916,0.4973790424258718,0.7448152815982694,0.8251898947569942,0.6948946760695884,0.5084493128859084,0.6608784817609322,0.7654614601321745,0.7725285836801825,0.7113149107764782,0.5584213781625342,0.0,0.0,0.0,0.0,0.0,0.0,0.0,0.0,0.0,0.0,GBA
PDIA2_Arg207Gln,2025_06_Batch_18-19,,,,,,0.9976858997009681,0.9873007507475209,,0.9983000875781871,0.9803604634749006,,,,,,,,,,,,,,,,PDIA2
GBA_Ser35Leu,2025_06_Batch_18-19,0.7246836626180325,0.6453861885590184,0.6605353867899086,0.7721721800409705,0.6621564339984445,0.6924809395993575,0.8086112044297173,0.7209391423413108,0.8625676746854366,0.5883305943306227,0.708582301108695,0.7269986964943679,0.6907372645656098,0.8173699273632036,0.6252435141645336,0.0,0.0,0.0,0.0,0.0,0.0,0.0,0.0,0.0,0.0,GBA
SEC31A_Glu482Asp,2025_06_Batch_18-19,0.7193911943473508,0.7955637034554892,0.8575220206470513,0.8293089502198177,0.6550101952588235,,,,,,,,,,,0.0,0.0,0.0,0.0,0.0,0.0,0.0,0.0,0.0,0.0,SEC31A
GBA_Gly241Arg,2025_06_Batch_18-19,0.6897661436228385,0.8901912573600926,0.9024089195084688,0.7979994187031364,0.602929554307104,0.9245808819707676,0.9752678355107579,0.9879667291336613,0.9636358366730273,0.80511135945454,0.807173512796803,0.9327295464354253,0.9451878243210651,0.8808176276880819,0.704020456880822,0.0,0.0,0.0,0.0,0.0,0.0,0.0,0.0,0.0,0.0,GBA
GBA_ILE158THR,2025_06_Batch_18-19,0.8659322625875288,0.857747150607602,0.8632306984515508,0.8951621140556979,0.7672200060702015,0.8948637622570172,0.8966131038097103,0.9367188966502074,0.9144520324735245,0.7279442999948103,0.880398012422273,0.8771801272086561,0.8999747975508791,0.9048070732646112,0.7475821530325059,0.0,0.0,0.0,0.0,0.0,0.0,0.0,0.0,0.0,0.0,GBA
GBA_Gly74Ala,2025_06_Batch_18-19,0.7835641167854618,0.9140763909737075,0.8377224755407063,0.8349163929524611,0.7002828121190036,0.852228311991083,0.9716823667294766,0.9742741219467763,0.92567729778674,0.7273295266721834,0.8178962143882724,0.9428793788515921,0.9059982987437414,0.8802968453696005,0.7138061693955935,0.0,0.0,0.0,0.0,0.0,0.0,0.0,0.0,0.0,0.0,GBA
ARFGAP3_Met431Thr,2025_06_Batch_18-19,0.964952756465622,0.9758611541469993,0.9078460113094108,0.9725017500142452,0.8119852854968104,0.8648633301020204,0.9300781871961313,0.8845907564341982,0.9113683869929396,0.7569224338751481,0.9149080432838212,0.9529696706715653,0.8962183838718045,0.9419350685035924,0.7844538596859792,0.0,1.0,0.0,0.0,0.0,0.0,0.0,0.0,0.0,0.0,ARFGAP3
PDIA2_Gln195Ter,2025_06_Batch_18-19,0.978662941231876,0.9696227654478217,,0.9682489771945573,0.9417255510127068,,,,,,,,,,,,,,,,,0.0,,0.0,,PDIA2
GBA_ARG83CYS,2025_06_Batch_18-19,0.6315675130971397,0.6778367088364257,0.7637039078990316,0.6952332189972932,0.5506605991978228,0.6541202687774469,0.8395584892879546,0.8972993364780224,0.8668324177698902,0.4944537052005444,0.6428438909372933,0.7586975990621901,0.8305016221885271,0.7810328183835917,0.5225571521991836,0.0,0.0,0.0,0.0,0.0,0.0,0.0,0.0,0.0,0.0,GBA
GBA_LYS13ARG,2025_06_Batch_18-19,0.5692239808002673,0.6637399770293185,0.7186151385315245,0.7583449379442888,0.5616830516132529,0.8472937298949156,0.8987958227476845,0.8877470798019206,0.8763644957830924,0.5537441311754422,0.7082588553475915,0.7812678998885015,0.8031811091667225,0.8173547168636905,0.5577135913943476,0.0,0.0,0.0,0.0,0.0,0.0,0.0,0.0,0.0,0.0,GBA
PSEN1_Leu418Phe,2025_06_Batch_18-19,0.6677375482337633,0.7611881650509493,0.8166605988634084,0.6937645303284001,0.6012908717787,0.47207750956913375,0.6116539847267715,0.5936296881613659,0.5886406882068524,0.4518738036104839,0.5699075289014486,0.6864210748888604,0.7051451435123871,0.6412026092676263,0.526582337694592,0.0,0.0,0.0,0.0,0.0,0.0,0.0,0.0,0.0,0.0,PSEN1
FBXL4_Val140Ala,2025_06_Batch_18-19,0.6474853151902685,0.8116592757863769,0.9598731857061962,0.9277196722250234,0.7852579095577726,0.6472660092616858,0.8054024989050512,0.9828973348400972,0.9189927669007651,0.7913170489423038,0.6473756622259772,0.808530887345714,0.9713852602731468,0.9233562195628943,0.7882874792500383,0.0,0.0,1.0,0.0,0.0,0.0,0.0,0.0,0.0,0.0,FBXL4
SEC31A_Leu365Phe,2025_06_Batch_18-19,0.6691719631981476,0.7642173725903556,0.9208572428563035,0.9324360377272276,0.509580710391568,0.7318340510579594,0.8199383596580864,0.9225989830853475,0.9396079798684164,0.5549568750910311,0.7005030071280536,0.7920778661242209,0.9217281129708255,0.9360220087978219,0.5322687927412996,0.0,0.0,0.0,0.0,0.0,0.0,0.0,0.0,0.0,0.0,SEC31A
GBA_GLN112TER,2025_06_Batch_18-19,0.98623267192616,0.9934864977306195,0.9970712040066,0.9927753589102022,0.9954461970531381,0.9482843657295389,0.9962484021838794,0.9998994236148431,0.998146641801328,0.9986081475443225,0.9672585188278495,0.9948674499572494,0.9984853138107215,0.9954610003557651,0.9970271722987303,1.0,1.0,1.0,1.0,1.0,0.0,1.0,1.0,1.0,1.0,GBA
MAP2K2_Pro128Leu,2025_06_Batch_18-19,0.8255468358697896,0.9629480782765705,0.963213846891522,0.944753725425254,0.9096445695354174,0.8669462186386583,0.9339566874303106,0.8928344338115494,0.9315507613188662,0.8196610670179819,0.8462465272542239,0.9484523828534406,0.9280241403515357,0.9381522433720602,0.8646528182766997,0.0,1.0,0.0,0.0,0.0,0.0,0.0,0.0,0.0,0.0,MAP2K2
SOD1_Ala5Val,2025_06_Batch_18-19,0.662661749314189,0.9008502926578358,0.983615234897443,0.9044480192014035,0.8021600646205618,0.8080032831495803,0.9450798040765438,0.9939644495437515,0.9514406343645477,0.9107336586652185,0.7353325162318847,0.9229650483671898,0.9887898422205972,0.9279443267829757,0.8564468616428902,0.0,0.0,1.0,0.0,1.0,0.0,0.0,0.0,0.0,0.0,SOD1
GBA_SER164ARG,2025_06_Batch_18-19,0.8558110251657493,0.8780976100289029,0.8933024331419749,0.9327190286148139,0.6762190389007204,0.7548296091558069,0.8357891792898297,0.9137290994216861,0.8262756324657836,0.5282772683893835,0.8053203171607781,0.8569433946593663,0.9035157662818305,0.8794973305402988,0.6022481536450519,0.0,0.0,0.0,0.0,0.0,0.0,0.0,0.0,0.0,0.0,GBA
GBA_Asp492Asn,2025_06_Batch_18-19,0.8614909117449631,0.7374604796359331,0.8654745639531091,0.8594448581808489,0.7407247723730621,0.8654090336446573,0.882492869965581,0.9606422620401238,0.9296687688717263,0.8066983296411373,0.8634499726948102,0.8099766748007571,0.9130584129966164,0.8945568135262876,0.7737115510070998,0.0,0.0,0.0,0.0,0.0,0.0,0.0,0.0,0.0,0.0,GBA
PSEN1_Arg278Ile,2025_06_Batch_18-19,0.8652547939537134,0.9551386295257271,0.9606637361744468,0.9546247430928843,0.7985161290207607,0.7872559817834209,0.8688338640678851,0.9414618236811215,0.8442294467544031,0.6629063018658023,0.8262553878685672,0.9119862467968061,0.9510627799277842,0.8994270949236437,0.7307112154432815,0.0,0.0,0.0,0.0,0.0,0.0,0.0,0.0,0.0,0.0,PSEN1
GBA_Lys196Gln,2025_06_Batch_18-19,0.5548964142683032,0.7217075777235833,0.855733698141336,0.7206784638812658,0.5682336335843081,0.7768650263207837,0.9572101567589988,0.9933469343159183,0.9377808959373438,0.8124586869660317,0.6658807202945434,0.839458867241291,0.9245403162286272,0.8292296799093049,0.6903461602751699,0.0,0.0,0.0,0.0,0.0,0.0,0.0,0.0,0.0,0.0,GBA
KCNK18_Arg10Gly,2025_06_Batch_18-19,0.45923590973491957,0.6560582822698928,0.6423754193802867,0.5921738263301923,0.471036550024288,0.6349454747778849,0.7323533128146429,0.7633084125331107,0.6918636504990812,0.5679537343875288,0.5470906922564023,0.6942057975422679,0.7028419159566988,0.6420187384146367,0.5194951422059084,0.0,0.0,0.0,0.0,0.0,0.0,0.0,0.0,0.0,0.0,KCNK18
TBC1D20_Ala27Thr,2025_06_Batch_18-19,,0.6146825396825397,,0.7517676767676768,,0.5214370240704994,0.7671689205105379,0.8156322868861876,0.6842563457781313,0.6159474868088921,,0.6909257300965388,,0.718012011272904,,0.0,0.0,0.0,0.0,0.0,0.0,0.0,0.0,0.0,0.0,TBC1D20
SOD1_Ala146Thr,2025_06_Batch_18-19,0.8246003407247715,0.9580261603569662,0.9829416690241355,0.9469088362570509,0.8700686244272472,0.8808659665791223,0.9675152379877346,0.9940323557379175,0.9707408893577366,0.9232563368307011,0.8527331536519469,0.9627706991723504,0.9884870123810265,0.9588248628073938,0.8966624806289741,0.0,1.0,1.0,0.0,1.0,0.0,0.0,0.0,0.0,0.0,SOD1
PPP2R2B_Val305Met,2025_06_Batch_18-19,,,,,,0.985493013205092,0.9750136188511016,0.9899712496450019,0.988049804734112,0.9597563075474809,,,,,,,,,,,,0.0,0.0,,,PPP2R2B
SLC36A3_Pro185Ser,2025_06_Batch_18-19,0.7323071515642576,0.8064338998120864,0.8115669662716143,0.7649086237747177,0.7026294899317658,0.8137695216524293,0.9470518469502538,0.9746064942212438,0.9308841118856142,0.7089198520390417,0.7730383366083435,0.8767428733811701,0.893086730246429,0.8478963678301659,0.7057746709854038,0.0,0.0,0.0,0.0,0.0,0.0,0.0,0.0,0.0,0.0,SLC36A3
TEAD3_Thr254Met,2025_06_Batch_18-19,0.982514751041097,0.9811046456074133,0.9949307967969944,0.9922233992766815,0.978525251574994,0.41491514274627095,0.9478348888535548,0.981034151127548,0.9493307772506452,0.8564308817258147,0.698714946893684,0.964469767230484,0.9879824739622711,0.9707770882636633,0.9174780666504043,0.0,1.0,1.0,1.0,1.0,0.0,0.0,0.0,0.0,0.0,TEAD3
GBA_Met162Thr,2025_06_Batch_18-19,0.7155607251487013,0.6509752783686754,0.7402097000762845,0.7095683139913629,0.5277078366606154,0.8591870069288943,0.8787232947061436,0.9252404629559454,0.8287591201191632,0.7260592506736289,0.7873738660387978,0.7648492865374095,0.8327250815161149,0.769163717055263,0.6268835436671221,0.0,0.0,0.0,0.0,0.0,0.0,0.0,0.0,0.0,0.0,GBA
GBA_Arg202Ter,2025_06_Batch_18-19,0.8553342334347098,0.9904063223265402,0.9979781298782542,0.9911683783249564,0.9892666723522308,0.6058956241576271,0.9960703264780835,0.9998707053019575,0.9971476122742462,0.9986278905975163,0.7306149287961685,0.9932383244023119,0.9989244175901059,0.9941579952996014,0.9939472814748735,0.0,1.0,1.0,1.0,1.0,0.0,1.0,1.0,1.0,1.0,GBA
GBA_Arg209Cys,2025_06_Batch_18-19,0.9546067208540803,0.935773230609728,0.9539914218260556,0.9633793390392889,0.8331321981425611,0.7966012079970008,0.8649013408060529,0.8773748970807143,0.8376347746020172,0.6260906486088119,0.8756039644255406,0.9003372857078904,0.915683159453385,0.900507056820653,0.7296114233756865,0.0,0.0,0.0,0.0,0.0,0.0,0.0,0.0,0.0,0.0,GBA
PSEN1_Leu381Val,2025_06_Batch_18-19,0.8956265326892989,0.9415321997789841,0.9502269492594377,0.9594910472720154,0.7423100895063521,0.965604797862024,0.9274412457918524,0.8199755612916191,0.9241921303392547,0.6828458298133668,0.9306156652756614,0.9344867227854182,0.8851012552755284,0.9418415888056351,0.7125779596598595,0.0,1.0,0.0,0.0,0.0,0.0,0.0,0.0,0.0,0.0,PSEN1
RABGEF1_Glu191Lys,2025_06_Batch_18-19,0.9471971717452501,0.973856708190406,0.9446208152999177,0.9331030262058231,0.8815214827254101,0.8647113121507621,0.9518600997434126,0.8324255192404824,0.8394823049944151,0.7079972878797796,0.9059542419480061,0.9628584039669092,0.8885231672702001,0.8862926656001191,0.7947593853025948,0.0,1.0,0.0,0.0,0.0,0.0,0.0,0.0,0.0,0.0,RABGEF1
GBA_Tyr244His,2025_06_Batch_18-19,0.9271537519397239,0.7019712601509818,0.7484997810625968,0.7002521949705052,0.8734076473333743,0.9347850375173374,0.9362954778514607,0.9644949362400643,0.8999522677770191,0.9010710219864463,0.9309693947285307,0.8191333690012212,0.8564973586513306,0.8001022313737621,0.8872393346599103,1.0,0.0,0.0,0.0,1.0,0.0,0.0,0.0,0.0,0.0,GBA
MAP2K3_Met90Ile,2025_06_Batch_18-19,0.5735177389855117,0.8486006948752803,0.9295390894395443,0.872423101147006,0.69885458713842,0.643841317539545,0.8184090591895489,0.9392300502552386,0.9110795857770462,0.75168891224628,0.6086795282625284,0.8335048770324146,0.9343845698473915,0.8917513434620261,0.72527174969235,0.0,0.0,0.0,0.0,0.0,0.0,0.0,0.0,0.0,0.0,MAP2K3
GBA_Pro430Leu,2025_06_Batch_18-19,0.9819444690697592,0.9354267871350652,0.9477278276895232,0.9849863105527861,0.8494508127104311,0.9029306332286475,0.916011746323734,0.9604064229376563,0.9121475294507091,0.590666072299539,0.9424375511492034,0.9257192667293996,0.9540671253135897,0.9485669200017476,0.7200584425049851,0.0,0.0,0.0,0.0,0.0,0.0,0.0,0.0,0.0,0.0,GBA
USP21_Pro336Thr,2025_06_Batch_18-19,0.902028132458639,0.8112779667099763,0.8479390209648914,0.9123696717047973,0.7945048852735519,0.8485086989926026,0.7364268207055037,0.7759908538631959,0.7757503225772018,0.845164953301376,0.8752684157256208,0.77385239370774,0.8119649374140436,0.8440599971409996,0.8198349192874639,0.0,0.0,0.0,0.0,0.0,0.0,0.0,0.0,0.0,0.0,USP21
KCNK18_Ser231Pro,2025_06_Batch_18-19,0.7793009535774893,0.8766951769608303,0.8459620761402895,0.8014737154408982,0.735019449274886,0.5596984944229957,0.7820072821415515,0.8399083396803922,0.7591315889166972,0.5717309691275899,0.6694997240002425,0.8293512295511909,0.8429352079103409,0.7803026521787977,0.6533752092012379,0.0,0.0,0.0,0.0,0.0,0.0,0.0,0.0,0.0,0.0,KCNK18
GBA_PRO198LEU,2025_06_Batch_18-19,0.48863041080177433,0.5758150029184136,0.7201128942350469,0.537535297188362,0.502182064806312,0.8606039117181776,0.9275539533461309,0.9578605358709039,0.8910719584532603,0.7592768759889215,0.674617161259976,0.7516844781322722,0.8389867150529754,0.7143036278208111,0.6307294703976167,0.0,0.0,0.0,0.0,0.0,0.0,0.0,0.0,0.0,0.0,GBA
GBA_SER403THR,2025_06_Batch_18-19,0.7607276432683896,0.744969177929991,0.7351896062894334,0.8413121898080633,0.6491215935472191,0.8348794918114748,0.8788482494648651,0.8909616075903304,0.8899010116695814,0.7123250847729067,0.7978035675399322,0.811908713697428,0.8130756069398819,0.8656066007388223,0.6807233391600629,0.0,0.0,0.0,0.0,0.0,0.0,0.0,0.0,0.0,0.0,GBA
GBA_Arg534Cys,2025_06_Batch_18-19,0.5776837146097439,0.5955939714168018,0.7075006009407256,0.5561708085183814,0.5866421188831572,0.6352798859306191,0.6698625794874167,0.6810443189170935,0.7490990707295988,0.5734776337810465,0.6064818002701815,0.6327282754521093,0.6942724599289096,0.6526349396239901,0.5800598763321019,0.0,0.0,0.0,0.0,0.0,0.0,0.0,0.0,0.0,0.0,GBA
GBA_Ala300Thr,2025_06_Batch_18-19,0.6998289386660633,0.8024600397699064,0.7751444393881909,0.8767029673158035,0.4193566657298384,0.8566782454402015,0.87177151784889,0.9284778204414413,0.8828776014478568,0.6283829051781133,0.7782535920531324,0.8371157788093981,0.8518111299148161,0.8797902843818302,0.5238697854539759,0.0,0.0,0.0,0.0,0.0,0.0,0.0,0.0,0.0,0.0,GBA
GBA_GLU365LYS,2025_06_Batch_18-19,0.9304034756621047,0.6932860511639037,0.7369246981079712,0.6873121822744072,0.8747233676516444,0.9054954705243449,0.8165282742391462,0.9128444204754018,0.8413950232558032,0.8760148735465507,0.9179494730932247,0.7549071627015249,0.8248845592916865,0.7643536027651052,0.8753691205990975,0.0,0.0,0.0,0.0,1.0,0.0,0.0,0.0,0.0,0.0,GBA
PDE4C_Thr561Met,2025_06_Batch_18-19,0.883594302652822,0.8961233472007892,0.8874887562722107,0.8374420260474761,0.762271014534843,0.8948647993086886,0.8078877583853509,0.8576949964410924,0.8689192882133517,0.6730241061155451,0.8892295509807553,0.8520055527930701,0.8725918763566516,0.8531806571304139,0.7176475603251941,0.0,0.0,0.0,0.0,0.0,0.0,0.0,0.0,0.0,0.0,PDE4C
MAP2K2_Val64Phe,2025_06_Batch_18-19,0.8463258476058323,0.8024674576217445,0.782183513805444,0.8685282690890073,0.605116927187209,0.6041739042348588,0.7993351198550439,0.7771808799474078,0.8529814048846381,0.6075029231438293,0.7252498759203456,0.8009012887383942,0.7796821968764259,0.8607548369868228,0.6063099251655191,0.0,0.0,0.0,0.0,0.0,0.0,0.0,0.0,0.0,0.0,MAP2K2
GBA_VAL437PHE,2025_06_Batch_18-19,0.8951482488972733,0.8215695466245587,0.7128455724488705,0.6954848667682016,0.8464440153594162,,,,,,,,,,,0.0,0.0,0.0,0.0,,0.0,0.0,0.0,0.0,0.0,GBA
GBA_Arg392Trp,2025_06_Batch_18-19,0.5010005533442499,0.7304792889058515,0.7210572626013393,0.5716938592369575,0.507280559296354,0.5242545067870854,0.7879146850636563,0.842183186618882,0.80603549318053,0.4512402203332484,0.5126275300656676,0.7591969869847539,0.7816202246101107,0.6888646762087438,0.4792603898148012,0.0,0.0,0.0,0.0,0.0,0.0,0.0,0.0,0.0,0.0,GBA
GBA_ARG78CYS,2025_06_Batch_18-19,0.9099543704362845,0.9015950492480733,0.9314487401998666,0.9600355731631343,0.7418994667471566,0.8866610728763288,0.8589019882710698,0.8366214510327965,0.8988714862234857,0.6057692977746397,0.8983077216563067,0.8802485187595716,0.8840350956163315,0.92945352969331,0.6738343822608981,0.0,0.0,0.0,0.0,0.0,0.0,0.0,0.0,0.0,0.0,GBA
PSEN1_Leu271Val,2025_06_Batch_18-19,0.9173310915865652,0.9913486243194249,0.9969084867681013,0.9898023248461197,0.990908975846116,,,,,,,,,,,0.0,,,,,0.0,,,,,PSEN1
MAP2K2_Tyr134His,2025_06_Batch_18-19,0.8089640641011036,0.9585323342923384,0.9894448965501424,0.9754735936609602,0.9473698951720948,0.7043491524520173,0.9110343522258612,0.9769272845723123,0.9460443289487201,0.9653984249498042,0.7566566082765604,0.9347833432590997,0.9831860905612273,0.9607589613048402,0.9563841600609495,0.0,0.0,1.0,0.0,1.0,0.0,0.0,0.0,0.0,1.0,MAP2K2
PSEN1_Met146Leu,2025_06_Batch_18-19,0.8050652845728861,0.8822848731295473,0.9039333054312342,0.9175634544153286,0.7085632172472294,0.45449810719575207,0.6539086927747471,0.6611459184583316,0.6838163009302423,0.35877414381232203,0.6297816958843191,0.7680967829521472,0.7825396119447829,0.8006898776727854,0.5336686805297757,0.0,0.0,0.0,0.0,0.0,0.0,0.0,0.0,0.0,0.0,PSEN1
SLC36A3_Arg231His,2025_06_Batch_18-19,0.613158415961589,0.7598282674110661,0.7690421503045909,0.8080590900626241,0.4001601907152942,0.49487816234973786,0.6190618510382149,0.7396571124955921,0.7413563722496259,0.47740238053249223,0.5540182891556634,0.6894450592246405,0.7543496314000915,0.774707731156125,0.4387812856238932,0.0,0.0,0.0,0.0,0.0,0.0,0.0,0.0,0.0,0.0,SLC36A3
PSEN1_Leu392Val,2025_06_Batch_18-19,0.7868749284648475,0.9041943690193457,0.9604635600422682,0.8920946072955478,0.6880704393629822,0.9933770272548272,0.96792880650217,0.9927874978543327,0.9947790696496663,0.926860369952165,0.8901259778598374,0.9360615877607579,0.9766255289483005,0.9434368384726071,0.8074654046575735,0.0,0.0,1.0,0.0,0.0,0.0,0.0,0.0,0.0,0.0,PSEN1
PARK7_Gln45Ter,2025_06_Batch_18-19,0.984224521249802,0.998890525910286,,0.9956457781890543,0.992174436561309,,,,,,,,,,,,,,,,,,,,,PARK7
ARFGAP3_Val320Leu,2025_06_Batch_18-19,0.9154166863141668,0.9717328168111175,0.955605018164733,0.9403942224576184,0.8361783660286807,0.8098953207190596,0.9296201864754023,0.9722592647037478,0.9184044697611748,0.649119230006592,0.8626560035166132,0.9506765016432599,0.9639321414342403,0.9293993461093966,0.7426487980176364,0.0,1.0,0.0,0.0,0.0,0.0,0.0,0.0,0.0,0.0,ARFGAP3
PSEN1_His163Tyr,2025_06_Batch_18-19,0.8750743134644086,0.9707356657751738,0.9892642358111088,0.9764200687954062,0.9395659623493205,0.9495955435897778,0.9765191418241471,0.9940568430079965,0.9840720454523411,0.9615655858937913,0.9123349285270932,0.9736274037996604,0.9916605394095526,0.9802460571238736,0.9505657741215559,0.0,1.0,1.0,1.0,1.0,0.0,0.0,0.0,0.0,1.0,PSEN1
GBA_Val437Phe,2025_06_Batch_18-19,0.8812222971114899,0.829644385227775,0.9238296770375619,0.8406425431374254,0.8517942476166782,,,,,,,,,,,0.0,0.0,0.0,0.0,,0.0,0.0,0.0,0.0,0.0,GBA
GBA_TYR50HIS,2025_06_Batch_18-19,0.924750409737397,0.8978676069029774,0.9186698002264715,0.9202950305429962,0.9070116327521409,,,,,,,,,,,,0.0,0.0,0.0,,0.0,0.0,0.0,0.0,,GBA
OSBPL6_Arg53Gln,2025_06_Batch_18-19,0.9956400448966134,0.9911895666731143,0.9852176940700448,0.9943440835471382,0.9711507431075351,,,,,,,,,,,,,,,,,,0.0,,,OSBPL6
ADIPOR2_Ser381Asn,2025_06_Batch_18-19,0.8053516464752775,0.9090110920355052,0.9341290608493501,0.8573727154528862,0.7598189967761991,0.9024001833210138,0.9651793896044099,0.9831581650778317,0.9488483165688064,0.8152513036773139,0.8538759148981456,0.9370952408199575,0.9586436129635909,0.9031105160108464,0.7875351502267565,0.0,0.0,0.0,0.0,0.0,0.0,0.0,0.0,0.0,0.0,ADIPOR2
GBA_Phe450Ile,2025_06_Batch_18-19,0.66932718478344,0.7119816630844493,0.7854209825549541,0.6975859484568708,0.6216823163793546,0.8018390594689457,0.893970387119658,0.9522747799937943,0.9087583105805881,0.6548892514392801,0.7355831221261928,0.8029760251020537,0.8688478812743742,0.8031721295187295,0.6382857839093173,0.0,0.0,0.0,0.0,0.0,0.0,0.0,0.0,0.0,0.0,GBA
GBA_Trp36Ter,2025_06_Batch_18-19,0.9945189713239959,0.9968832589299633,0.9973224826648974,0.9891641816607221,0.9981363498811113,0.9677553570382883,0.9982229522006614,0.999823344023858,0.996770801251559,0.9987682253718598,0.9811371641811422,0.9975531055653124,0.9985729133443777,0.9929674914561406,0.9984522876264856,1.0,1.0,1.0,1.0,1.0,0.0,1.0,1.0,1.0,1.0,GBA
GBA_SER4PRO,2025_06_Batch_18-19,0.9743964461852513,0.9831905112243217,0.9588378417922777,0.9488625941235301,0.8809438101755338,0.9682285440371607,0.9720140523217953,0.9681220633477837,0.9639214277679489,0.9277395426581576,0.971312495111206,0.9776022817730585,0.9634799525700307,0.9563920109457396,0.9043416764168457,1.0,1.0,0.0,0.0,1.0,0.0,0.0,0.0,0.0,0.0,GBA
GBA_Pro440Leu,2025_06_Batch_18-19,0.6547720250852689,0.7676717377805782,0.8214927476558886,0.7988617032265796,0.5656661570772774,0.8315434477948924,0.9048299748396621,0.9434312087620556,0.891262919397973,0.6599078563480085,0.7431577364400807,0.8362508563101201,0.8824619782089721,0.8450623113122763,0.612787006712643,0.0,0.0,0.0,0.0,0.0,0.0,0.0,0.0,0.0,0.0,GBA
ARFGAP3_Tyr378Cys,2025_06_Batch_18-19,0.9837164500589921,0.9811825603117973,0.9128278074863049,0.973191157379664,0.8206946122432693,0.8572504946396834,0.9107382136554536,0.8758457060135884,0.8573980144726884,0.6607030822538582,0.9204834723493378,0.9459603869836255,0.8943367567499466,0.9152945859261762,0.7406988472485638,0.0,0.0,0.0,0.0,0.0,0.0,0.0,0.0,0.0,0.0,ARFGAP3
POMT1_Trp582Cys,2025_06_Batch_18-19,0.5908262316053509,0.7887280513109606,,0.8727251514958337,0.8011877276937334,0.7585691173075673,0.9268719457523674,,0.9487997408778563,0.9309396640922127,0.674697674456459,0.857799998531664,,0.9107624461868451,0.866063695892973,0.0,0.0,,0.0,1.0,0.0,0.0,,0.0,0.0,POMT1
MAP2K2_Glu207Lys,2025_06_Batch_18-19,0.8168739724646479,0.9243064106350487,0.9863057548054583,0.9591342546761142,0.8251056320164811,0.967943032411567,0.9715740709895333,0.9920143697321805,0.9710849228125935,0.9633358452596519,0.8924085024381074,0.947940240812291,0.9891600622688195,0.9651095887443539,0.8942207386380665,0.0,0.0,1.0,0.0,1.0,0.0,0.0,0.0,0.0,0.0,MAP2K2
CCM2_Val120Ile,2025_06_Batch_18-19,0.9182593024668405,0.9115366070744292,0.9245111044643324,0.949312809533743,0.7032395418462067,0.8403317444333681,0.8975087206963601,0.9361972927437793,0.9086723996250426,0.6952691468198604,0.8792955234501043,0.9045226638853947,0.9303541986040558,0.9289926045793928,0.6992543443330336,0.0,0.0,0.0,0.0,0.0,0.0,0.0,0.0,0.0,0.0,CCM2
GBA_Asp492His,2025_06_Batch_18-19,0.9922218431440377,0.9955831864944454,0.9808896783525464,0.9674523110639373,0.9433819129623164,0.9829077364756249,0.9809359553613624,0.992498367167318,0.9758935868256942,0.9671410120202578,0.9875647898098313,0.9882595709279038,0.9866940227599321,0.9716729489448157,0.9552614624912872,1.0,1.0,1.0,1.0,1.0,1.0,0.0,0.0,0.0,1.0,GBA
PSEN1_Arg278Thr,2025_06_Batch_18-19,0.6155028981251837,0.9649056605101105,0.9994840627855287,0.9851740013624395,0.9961426820354566,0.8294898698131967,0.9937412943296882,0.9999213300777322,0.9987824435675428,0.9992546124490094,0.7224963839691902,0.9793234774198993,0.9997026964316305,0.9919782224649911,0.997698647242233,0.0,1.0,1.0,1.0,1.0,0.0,0.0,1.0,1.0,1.0,PSEN1
MAP2K2_Phe57Leu,2025_06_Batch_18-19,0.8459548828526479,0.8598484002517631,0.8716226941984193,0.917630877722985,0.653540467160893,,,,,,,,,,,0.0,0.0,0.0,0.0,0.0,0.0,0.0,0.0,0.0,0.0,MAP2K2
CCM2_Asn327Ser,2025_06_Batch_18-19,0.877818237347966,0.8958895426876218,0.9219722973787458,0.9382431634188926,0.7176482720051531,0.8272117454556097,0.8781885616446291,0.9127034034930281,0.8901013992341705,0.7164446389997845,0.8525149914017879,0.8870390521661254,0.9173378504358869,0.9141722813265316,0.7170464555024688,0.0,0.0,0.0,0.0,0.0,0.0,0.0,0.0,0.0,0.0,CCM2
PSEN1_His163Arg,2025_06_Batch_18-19,0.7988048857864013,0.8460262429339007,0.8928265177630659,0.9077333313030626,0.6996654624878393,0.8823626858160574,0.8096912709847062,0.824171426121926,0.8272297751674516,0.571611903552895,0.8405837858012293,0.8278587569593034,0.8584989719424959,0.8674815532352571,0.6356386830203672,0.0,0.0,0.0,0.0,0.0,0.0,0.0,0.0,0.0,0.0,PSEN1
TGIF1_Ser291Phe,2025_06_Batch_18-19,,,,,,0.9680101755978916,0.9956351735467273,,0.9992032402925234,0.9916300356082113,,,,,,,,,,,0.0,,,,,TGIF1
GBA_ASP492VAL,2025_06_Batch_18-19,0.9768993730111363,0.9868906955156028,0.9747612689709544,0.929916820765898,0.9316871990435012,0.9665195091240708,0.969990223037747,0.9835567397240885,0.9456788304115198,0.9418087629619104,0.9717094410676035,0.9784404592766749,0.9791590043475215,0.9377978255887089,0.9367479810027057,1.0,1.0,1.0,0.0,1.0,0.0,0.0,0.0,0.0,1.0,GBA
GBA_Val211Ile,2025_06_Batch_18-19,0.7532556145354277,0.6295116705840388,0.6050544907794595,0.5744007915678184,0.6900030088795479,,,,,,,,,,,0.0,0.0,0.0,0.0,0.0,0.0,0.0,0.0,0.0,0.0,GBA
GBA_Leu363Pro,2025_06_Batch_18-19,0.5004833938571847,0.6529360506526343,0.7550964509932279,0.709223662857744,0.5147192097623363,0.7437406650489896,0.8993867256710272,0.984041220530518,0.8954213941978122,0.7213855985135011,0.6221120294530871,0.7761613881618308,0.8695688357618729,0.8023225285277781,0.6180524041379187,0.0,0.0,0.0,0.0,0.0,0.0,0.0,0.0,0.0,0.0,GBA
GBA_GLY49SER,2025_06_Batch_18-19,0.6189601506601872,0.7196804007541358,0.712124319843171,0.7031504834627382,0.61893449002307,0.7329617997448481,0.8910941683977087,0.9258432221078464,0.808286308921196,0.5665818429959191,0.6759609752025176,0.8053872845759222,0.8189837709755088,0.7557183961919671,0.5927581665094945,0.0,0.0,0.0,0.0,0.0,0.0,0.0,0.0,0.0,0.0,GBA
GBA_Gln32Arg,2025_06_Batch_18-19,0.9621130895505783,0.9045945508783815,0.8214753594420094,0.8932632120115438,0.8878517696652762,0.9017220275119484,0.929876411233526,0.9307239564672445,0.9081488631279816,0.8763978676415989,0.9319175585312633,0.9172354810559538,0.876099657954627,0.9007060375697626,0.8821248186534376,0.0,0.0,0.0,0.0,1.0,0.0,0.0,0.0,0.0,0.0,GBA
GBA_PRO338THR,2025_06_Batch_18-19,0.5039501907174193,0.6148001508694141,0.5582558713733357,0.6903709387727621,0.4525901924462355,0.7266781997243799,0.8098999154507104,0.7508731058863802,0.7795399071850099,0.5464197165205551,0.6153141952208996,0.7123500331600623,0.6545644886298579,0.7349554229788859,0.49950495448339527,0.0,0.0,0.0,0.0,0.0,0.0,0.0,0.0,0.0,0.0,GBA
USP10_Thr513Arg,2025_06_Batch_18-19,,,,,,0.8458636553257957,0.8700883583683214,0.9259189670034491,0.8988889048705968,0.8502233577232443,,,,,,0.0,0.0,0.0,0.0,,0.0,0.0,0.0,0.0,0.0,USP10
GBA_Leu15Ser,2025_06_Batch_18-19,0.5464283753516934,0.6365616709356906,0.514649544643552,0.6363877435313503,0.514379979602486,0.7346344073212102,0.826696207025396,0.8103983058085176,0.8502832380362249,0.5004042542130737,0.6405313913364519,0.7316289389805433,0.6625239252260348,0.7433354907837876,0.5073921169077799,0.0,0.0,0.0,0.0,0.0,0.0,0.0,0.0,0.0,0.0,GBA
GBA_PRO94SER,2025_06_Batch_18-19,0.7224110840247202,0.8783527284161949,0.5750250307856264,0.762093769594574,0.6451255658037742,0.9082379925426662,0.927125301823135,0.8552493100987193,0.9241155539747189,0.7246919958027119,0.8153245382836932,0.902739015119665,0.7151371704421728,0.8431046617846465,0.684908780803243,0.0,0.0,0.0,0.0,0.0,0.0,0.0,0.0,0.0,0.0,GBA
CSNK1D_Thr44Ala,2025_06_Batch_18-19,0.48564515511600204,0.6763755730719577,0.6265677389790739,0.6121405321907458,0.643230507197914,0.731474083762195,0.6699653647861481,0.7322677542747273,0.7617927972813237,0.7343587563175711,0.6085596194390985,0.673170468929053,0.6794177466269007,0.6869666647360347,0.6887946317577425,0.0,0.0,0.0,0.0,0.0,0.0,0.0,0.0,0.0,0.0,CSNK1D
GBA_SER77ARG,2025_06_Batch_18-19,0.9766234110065704,0.9160177524595435,0.9495226465917906,0.9870353731603492,0.9093636438465114,0.9509823341984492,0.9001941517092698,0.9404319306070057,0.9651920119145786,0.7539487905342064,0.9638028726025099,0.9081059520844066,0.9449772885993981,0.9761136925374638,0.8316562171903589,1.0,0.0,0.0,1.0,0.0,0.0,0.0,0.0,0.0,0.0,GBA
PSEN1_Thr116Asn,2025_06_Batch_18-19,0.8593476105508948,0.866273823225893,0.8766169466887745,0.930368238789488,0.7427811063185626,0.971754649541761,0.9645845783997669,0.9427837782393247,0.9831622413691468,0.6747860791421361,0.9155511300463279,0.91542920081283,0.9097003624640496,0.9567652400793174,0.7087835927303494,0.0,0.0,0.0,0.0,0.0,0.0,0.0,0.0,0.0,0.0,PSEN1
PPP2R2B_Arg451Gln,2025_06_Batch_18-19,,,,,,0.9713472183304251,0.976362142636279,0.989721844837437,0.9794184688615302,0.9293179734755381,,,,,,,,,,,0.0,0.0,0.0,,0.0,PPP2R2B
GBA_Gly85Glu,2025_06_Batch_18-19,0.8508931242239267,0.94979806383493,0.9840873913044718,0.9809887929063835,0.8370957154933455,,,,,,,,,,,0.0,,,,,0.0,0.0,0.0,0.0,0.0,GBA
PSEN1_Leu174Met,2025_06_Batch_18-19,,,,,,0.9402006665581917,0.946078425462298,0.9710064692779463,0.9833029420179671,0.7137920963766694,,,,,,,,0.0,,0.0,0.0,0.0,0.0,,0.0,PSEN1
CSNK1G3_Thr133Ile,2025_06_Batch_18-19,0.6200060156960296,0.7846909806963633,0.8477281325370667,0.8711100105843156,0.47934655523543623,0.9042003778787305,0.8911953800986854,0.9041475736270435,0.9235719065667957,0.7011062697271331,0.7621031967873801,0.8379431803975244,0.8759378530820551,0.8973409585755556,0.5902264124812846,0.0,0.0,0.0,0.0,0.0,0.0,0.0,0.0,0.0,0.0,CSNK1G3
GBA_PHE436SER,2025_06_Batch_18-19,0.9517333162530397,0.9221216478954621,0.9340042500787353,0.9640055907987961,0.7908770535557821,0.9557335458168927,0.9398030434765742,0.928169804715664,0.9491160844591315,0.7891881929347082,0.9537334310349662,0.9309623456860181,0.9310870273971996,0.9565608376289638,0.7900326232452451,1.0,0.0,0.0,0.0,0.0,0.0,0.0,0.0,0.0,0.0,GBA
PSEN1_Arg269His,2025_06_Batch_18-19,0.7598454475891787,0.9865531181426479,0.9988579759366917,0.9883683245583421,0.9917424082586029,0.956140020587601,0.9922890381494571,0.9980656181570334,0.9885836008740336,0.9958250413720672,0.8579927340883898,0.9894210781460525,0.9984617970468626,0.9884759627161879,0.9937837248153351,0.0,1.0,1.0,1.0,1.0,0.0,1.0,1.0,1.0,1.0,PSEN1
CCM2_Met1Val,2025_06_Batch_18-19,0.9327072799504673,0.997608618645882,0.9996532048955998,0.9979556895843945,0.9983795734201687,0.8783828213978844,0.9961331536481641,0.999447125587766,0.9967440018658653,0.996960029766254,0.9055450506741758,0.996870886147023,0.9995501652416829,0.99734984572513,0.9976698015932113,0.0,1.0,1.0,1.0,1.0,0.0,1.0,1.0,1.0,1.0,CCM2
PPP1CB_Asp252Tyr,2025_06_Batch_18-19,,,,,,0.9646528217811663,0.9703155162193651,,0.9653547615640905,0.9075562005600637,,,,,,,,,,,0.0,0.0,,0.0,0.0,PPP1CB
PTPRR_Val439Ile,2025_06_Batch_18-19,,,,,,0.9976885794334294,0.990001990503208,0.9701108356014077,0.9833634557151698,0.796184896161803,,,,,,,,0.0,,0.0,,,0.0,,0.0,PTPRR
MAP2K2_Asp221Asn,2025_06_Batch_18-19,0.5753247938824126,0.9802341959586157,0.9961097937342563,0.9829651814348626,0.9865572896047383,,,,,,,,,,,0.0,,,,,0.0,,,0.0,,MAP2K2
ATP2C2_Met466Leu,2025_06_Batch_18-19,0.6044181469095075,0.7859080713096733,,0.7181848993101343,0.4489834389802742,0.6635783078614941,0.8439810628228175,,0.758652795859865,0.561035931790383,0.6339982273855007,0.8149445670662454,,0.7384188475849996,0.5050096853853286,0.0,0.0,,0.0,0.0,0.0,0.0,,0.0,0.0,ATP2C2
PSEN1_Met139Val,2025_06_Batch_18-19,0.9271221405871157,0.9147904976128003,0.957964962352802,0.9785601200630587,0.7893819726268421,,,,,,,,,,,,0.0,,,0.0,0.0,0.0,0.0,0.0,0.0,PSEN1
RABGEF1_Pro369Leu,2025_06_Batch_18-19,0.9638293443753327,0.98439471677291,0.9321812341213922,0.9281721954703523,0.7849265884948182,,,,,,,,,,,,,0.0,0.0,0.0,,,0.0,0.0,0.0,RABGEF1
PSEN1_Glu120Asp,2025_06_Batch_18-19,0.6895075760032989,0.7484920042063953,0.724634014812356,0.7592330113453676,0.5797761265264867,0.7453661096519282,0.8684528401133493,0.8321133626346126,0.8282429871060937,0.38453384952915004,0.7174368428276136,0.8084724221598723,0.7783736887234842,0.7937379992257306,0.48215498802781837,0.0,0.0,0.0,0.0,0.0,0.0,0.0,0.0,0.0,0.0,PSEN1
GBA_VAL56ASP,2025_06_Batch_18-19,0.703651976976475,0.8449377848663828,0.908715436474694,0.8160304349718492,0.701729303113052,,,,,,,,,,,0.0,0.0,0.0,0.0,0.0,0.0,0.0,0.0,0.0,0.0,GBA
GBA_Glu427Ter,2025_06_Batch_18-19,0.7389465718976558,0.6392527751630475,0.7542962913524357,0.6072963696923126,0.7280520219439324,0.8742971439226759,0.9689407867942389,0.976191022225884,0.8981502341996648,0.8341659402328915,0.8066218579101658,0.8040967809786432,0.8652436567891599,0.7527233019459887,0.781108981088412,0.0,0.0,0.0,0.0,0.0,0.0,0.0,0.0,0.0,0.0,GBA
TEAD2_Pro213Ser,2025_06_Batch_18-19,,,,,,0.9426333561142639,0.9691331205634455,0.9813544170816089,0.9870586921104536,0.9204607148290926,,,,,,,,,,,0.0,0.0,0.0,,0.0,TEAD2
GBA_Ser395Phe,2025_06_Batch_18-19,0.8479689410720754,0.8765546275480749,0.9188322665062016,0.9127225261981915,0.7702002878422508,,,,,,,,,,,0.0,0.0,0.0,0.0,0.0,0.0,0.0,0.0,0.0,0.0,GBA
GBA_PRO221THR,2025_06_Batch_18-19,0.5175351664018228,0.5198431290520668,0.6367175486885666,0.4049600529964976,0.5160782045085797,0.7977674053899333,0.827717155988207,0.8166986319774103,0.8802816539799807,0.5101054561472446,0.6576512858958781,0.6737801425201368,0.7267080903329884,0.6426208534882392,0.5130918303279122,0.0,0.0,0.0,0.0,0.0,0.0,0.0,0.0,0.0,0.0,GBA
GBA_LEU393VAL,2025_06_Batch_18-19,0.5232327265716321,0.5541965865308363,0.6743050184110329,0.477748636403184,0.5281884029460624,0.6419892785922356,0.7751983001448517,0.9080552917283742,0.7757353355953218,0.5082485072929241,0.5826110025819339,0.664697443337844,0.7911801550697035,0.6267419859992529,0.5182184551194933,0.0,0.0,0.0,0.0,0.0,0.0,0.0,0.0,0.0,0.0,GBA
SOD1_Arg116Gly,2025_06_Batch_18-19,0.9686129132206052,0.9827340355098265,0.9932612846706735,0.9902917472542212,0.9659285430651336,0.6250524751350176,0.9126755309725297,0.9614967324265634,0.8745031217897411,0.6704050158874179,0.7968326941778114,0.9477047832411781,0.9773790085486185,0.9323974345219812,0.8181667794762757,0.0,0.0,0.0,0.0,0.0,0.0,0.0,0.0,0.0,0.0,SOD1
PPP2R2B_Arg380His,2025_06_Batch_18-19,,,,,,0.902548199729225,0.9429896316257536,0.9754951208411433,0.968156332776143,0.8538722574212527,,,,,,0.0,,,,,0.0,0.0,0.0,0.0,0.0,PPP2R2B
GBA_Cys381Gly,2025_06_Batch_18-19,0.920409833430585,0.8935981226863547,0.9059754960963593,0.8990507801732288,0.8621730937215596,0.9313842779481492,0.9288559707080397,0.906533693950765,0.8983511300518867,0.9078924423078644,0.9258970556893671,0.9112270466971972,0.9062545950235621,0.8987009551125578,0.885032768014712,0.0,0.0,0.0,0.0,1.0,0.0,0.0,0.0,0.0,0.0,GBA
PDIA5_Phe215Ser,2025_06_Batch_18-19,,,,,,0.7602389633346979,0.8985496601136556,0.751735492889595,0.8564843835173974,0.45658226140945873,,,,,,0.0,0.0,0.0,0.0,0.0,0.0,0.0,0.0,0.0,0.0,PDIA5
GBA_TYR251HIS,2025_06_Batch_18-19,0.9305762902975063,0.7119083782078638,0.8700143369397614,0.763032487388835,0.9059239954973017,,,,,,,,,,,,0.0,0.0,0.0,,0.0,0.0,0.0,0.0,,GBA
GBA_Gly416Ser,2025_06_Batch_18-19,0.9284533392786585,0.8507992567321596,0.9161717747888333,0.9217934230395389,0.7784610471743072,,,,,,,,,,,,0.0,0.0,0.0,0.0,0.0,0.0,0.0,0.0,0.0,GBA
